Id,Sequence,AAI_0,AAI_1,AAI_2,AAI_3,AAI_4,AAI_5,AAI_6,AAI_7,AAI_8,AAI_9,AAI_10,AAI_11,AAI_12,AAI_13,AAI_14,AAI_15,AAI_16,AAI_17,AAI_18,AAI_19,AAI_20,AAI_21,AAI_22,AAI_23,AAI_24,AAI_25,AAI_26,AAI_27,AAI_28,AAI_29,AAI_30,AAI_31,AAI_32,AAI_33,AAI_34,AAI_35
Sequence_107,FLPGLIAGIAKML,0.15846153846153846,-0.8153846153846154,0.6569230769230768,0.916923076923077,1.1,0.3038461538461539,4.230769230769231,7.484615384615386,78.7,5.0,0.0,1570.82,0.21400000000000002,-1.14,0.8240000000000001,1.2719999999999998,1.98,0.25,5.2,6.42,91.94,2.0,0.0,678.8499999999999,0.254,-0.9199999999999999,0.644,1.0219999999999998,1.3,0.29,4.0,7.5200000000000005,76.96000000000001,1.0,0.0,581.66
Sequence_559,FAKLLAKLAKAKG,0.07230769230769231,-0.7846153846153847,0.7107692307692308,0.8538461538461538,0.5307692307692309,0.5423076923076923,4.576923076923077,8.123076923076924,80.15384615384616,6.0,0.0,1637.81,0.26999999999999996,-1.1199999999999999,0.776,1.098,2.02,0.29,4.5,6.88,83.36,1.0,0.0,627.7399999999999,-0.198,-0.36,0.624,0.48,-1.2600000000000002,0.8300000000000001,4.6,9.5,75.74,4.0,0.0,634.65
seq_1418,VILMFVKKKAAKPYRQVLRNIYRKWRPKIR,0.0833333333333334,-0.9333333333333335,0.5979999999999998,1.2063333333333335,-0.08000000000000007,1.274,5.1,7.616666666666666,87.15999999999998,12.0,1.0,4062.6700000000005,0.366,-1.6,0.664,1.356,1.9,1.386,4.3,6.0,88.8,1.0,0.0,662.8,-0.024000000000000004,-0.36,0.44000000000000006,1.0879999999999999,-0.9800000000000001,0.29,4.7,8.22,74.62,1.0,0.0,609.7
Sequence_445,GIGKFLHSAKKFGKAFVGEIMNS,-0.2065217391304347,-0.11304347826086959,0.6217391304347825,0.35000000000000003,-0.9391304347826085,0.9856521739130436,4.413043478260869,8.904347826086958,78.97826086956522,19.0,-1.0,3000.1900000000005,-0.31599999999999995,-0.22000000000000003,0.536,0.11600000000000002,-1.6200000000000003,0.79,4.3,9.18,75.18,5.0,0.0,643.68,-0.27799999999999997,0.9,0.5900000000000001,0.028000000000000004,-0.96,0.734,3.7,9.48,73.33999999999999,4.0,0.0,590.62
Sequence_282,FAKLLAKLAK,0.178,-0.9400000000000001,0.7340000000000001,1.001,1.1800000000000002,0.43499999999999994,4.5,7.660000000000001,80.78,3.0,0.0,1247.4099999999999,0.26999999999999996,-1.1199999999999999,0.776,1.098,2.02,0.29,4.5,6.88,83.36,1.0,0.0,627.7399999999999,0.086,-0.76,0.692,0.9039999999999999,0.33999999999999986,0.58,4.5,8.44,78.2,2.0,0.0,619.67
seq_856,VILIFVKKKAAKPYRQVLRNIRRHWRPKMW,0.05866666666666669,-0.8433333333333334,0.595333333333333,1.163,-0.2733333333333333,1.4366666666666668,5.133333333333334,7.69,87.95666666666665,13.0,0.0,4118.680000000001,0.292,-1.24,0.46799999999999997,0.976,1.06,1.386,3.3,6.82,75.66,1.0,0.0,606.7,0.068,-1.1800000000000002,0.7040000000000001,1.5479999999999996,-0.08000000000000011,1.302,6.0,7.040000000000001,96.28,2.0,0.0,731.8599999999999
seq_694,VILIFVKKKAAKPLRQVLRNIYRHIRPKWR,0.07000000000000003,-0.7666666666666668,0.573333333333333,1.1096666666666666,-0.22000000000000006,1.268,4.916666666666667,7.793333333333334,85.29333333333331,12.0,0.0,4012.560000000001,0.292,-1.24,0.46799999999999997,0.976,1.06,1.386,3.3,6.82,75.66,1.0,0.0,606.7,-0.052000000000000005,-0.82,0.58,1.408,-1.1600000000000001,1.302,6.0,7.659999999999999,90.6,2.0,0.0,715.82
Sequence_342,FLPIVTNLLSGLL,0.17307692307692307,-0.8923076923076922,0.7376923076923076,1.1246153846153846,1.2846153846153845,0.9115384615384615,5.0,7.015384615384617,89.89230769230768,7.0,1.0,1722.0700000000002,0.312,-1.5,0.624,1.456,1.52,1.386,4.4,6.159999999999999,87.94000000000001,1.0,0.0,680.8399999999999,0.248,-0.9800000000000001,0.8539999999999999,1.098,1.8399999999999999,0.25,5.1,7.06,90.12,3.0,0.0,644.7499999999999
seq_1044,VMLIFVKKKAAKPLRKVLRNIYRHWRPKIK,0.03766666666666666,-0.7766666666666667,0.6173333333333332,1.099,-0.3333333333333334,1.364666666666667,5.083333333333333,7.91,87.35999999999999,14.0,0.0,4098.660000000001,0.366,-1.6,0.664,1.356,1.9,1.386,4.3,6.0,88.8,1.0,0.0,662.7999999999998,-0.09000000000000001,-0.45999999999999996,0.508,0.9759999999999998,-1.3,0.58,4.8,8.7,78.28000000000002,2.0,0.0,649.73
seq_1724,VILIFVKKKAAKPLRQVYRNIYRHWRPKWY,0.07933333333333335,-0.8833333333333334,0.6013333333333332,1.1596666666666666,-0.06666666666666667,1.4366666666666668,5.1,7.653333333333334,87.77666666666663,13.0,0.0,4106.68,0.292,-1.24,0.46799999999999997,0.976,1.06,1.386,3.3,6.82,75.66,1.0,0.0,606.7,0.06999999999999999,-1.1199999999999999,0.6599999999999999,1.468,0.0,1.302,5.9,7.24,92.9,2.0,0.0,717.84
seq_627,VILIFVKKKAAKPLRQVYRNIYRHWRGKWR,0.02733333333333336,-0.7833333333333334,0.5846666666666664,1.0623333333333336,-0.44000000000000006,1.4783333333333333,5.116666666666666,7.883333333333335,87.12666666666662,15.0,0.0,4101.6,0.292,-1.24,0.46799999999999997,0.976,1.06,1.386,3.3,6.82,75.66,1.0,0.0,606.7,-0.24200000000000005,-0.5199999999999999,0.5599999999999999,0.884,-2.24,1.552,6.0,8.620000000000001,89.0,4.0,0.0,712.7599999999999
seq_1664,VMLIFVKKKAAKPLRQVLRHIFRHWRPKWK,0.06600000000000003,-0.9033333333333334,0.6359999999999998,1.1640000000000001,-0.20666666666666675,1.4050000000000002,5.183333333333334,7.663333333333333,89.51666666666665,13.0,-2.0,4219.750000000001,0.366,-1.6,0.664,1.356,1.9,1.386,4.3,6.0,88.8,1.0,0.0,662.7999999999998,-0.11800000000000002,-0.9199999999999999,0.648,1.2959999999999998,-1.48,1.592,6.1,8.14,94.26000000000002,3.0,0.0,755.85
seq_386,VMIIFVKKKAAKPLRKVLRNIYRHWRPKWR,0.02499999999999999,-0.7766666666666668,0.595333333333333,1.1076666666666668,-0.4733333333333334,1.485,5.116666666666666,7.863333333333332,87.22333333333331,14.0,0.0,4108.650000000001,0.252,-1.24,0.45999999999999996,0.976,0.9199999999999999,1.386,3.3,6.76,75.66,1.0,0.0,606.6999999999999,-0.052000000000000005,-0.82,0.58,1.408,-1.1600000000000001,1.302,6.0,7.659999999999999,90.6,2.0,0.0,715.82
seq_509,VIIIFVKKKAAKPYRQVYRNIYRHWRPKWK,0.02266666666666667,-0.78,0.5566666666666665,1.0543333333333333,-0.4866666666666667,1.485,4.95,7.953333333333334,85.24999999999997,14.0,0.0,4074.5700000000006,0.17800000000000002,-0.8800000000000001,0.26399999999999996,0.596,0.07999999999999999,1.386,2.3,7.58,62.52,1.0,0.0,550.6,-0.11800000000000002,-0.9199999999999999,0.648,1.2959999999999998,-1.48,1.592,6.1,8.14,94.26000000000002,3.0,0.0,755.85
Sequence_106,PAWRKARRWAWRMKKLAA,0.075,-0.8777777777777778,0.6122222222222221,1.1705555555555556,-0.03888888888888894,1.085,5.027777777777778,7.672222222222223,82.41111111111111,6.0,0.0,2326.5700000000006,0.012,-0.9199999999999999,0.6119999999999999,1.302,-0.48,1.302,5.4,7.68,86.4,2.0,0.0,689.78,0.086,-0.76,0.692,0.9039999999999999,0.33999999999999997,0.58,4.5,8.440000000000001,78.20000000000002,2.0,0.0,619.6700000000001
Sequence_82,FAKKLAKKAKLAKKL,0.028666666666666656,-0.7933333333333333,0.7106666666666666,0.8826666666666667,0.053333333333333205,0.6766666666666665,4.766666666666667,8.42,81.86666666666669,7.0,0.0,1957.14,0.044,-0.86,0.712,0.8460000000000001,0.47999999999999987,0.58,4.6,7.92,81.34,2.0,0.0,651.7299999999999,0.182,-1.02,0.792,1.15,0.8799999999999999,0.58,5.1,7.860000000000001,88.08,2.0,0.0,661.7499999999999
seq_205,VILIFVKKKAAKPLRQVLRNIYRHWRPKIW,0.07300000000000004,-0.8433333333333335,0.5846666666666664,1.123,-0.21000000000000005,1.4366666666666668,4.966666666666667,7.733333333333333,86.71333333333331,13.0,0.0,4078.620000000001,0.292,-1.24,0.46799999999999997,0.976,1.06,1.386,3.3,6.82,75.66,1.0,0.0,606.7,-0.006000000000000004,-0.82,0.508,1.168,-0.9200000000000002,1.302,5.0,7.860000000000001,83.14000000000001,2.0,0.0,675.76
Sequence_444,LIAHNQVRQV,0.131,-0.8099999999999999,0.6060000000000001,1.224,0.06999999999999992,1.8799999999999997,5.3,7.510000000000001,95.28999999999999,5.0,0.0,1442.64,-0.11599999999999999,0.74,0.5800000000000001,0.24799999999999994,-0.3000000000000001,0.9879999999999999,4.1,9.179999999999998,76.14000000000001,3.0,0.0,588.65,0.378,-2.3600000000000003,0.632,2.2,0.43999999999999995,2.772,6.5,5.840000000000001,114.43999999999998,2.0,0.0,853.99
seq_1402,VILIFVKKKAAKPLRQVYRNIYRHIRQKMK,0.08133333333333335,-0.7966666666666667,0.5826666666666664,1.0843333333333334,-0.08333333333333334,1.1476666666666666,4.883333333333334,7.836666666666669,85.40666666666667,12.0,0.0,4004.5300000000007,0.292,-1.24,0.46799999999999997,0.976,1.06,1.386,3.3,6.82,75.66,1.0,0.0,606.7,0.054000000000000006,-1.06,0.6880000000000001,1.3359999999999999,-0.28000000000000014,0.58,5.9,7.779999999999999,94.66,2.0,0.0,721.81
Sequence_28,GKFMSLLKHILK,0.012500000000000011,-0.5166666666666667,0.7208333333333332,0.7441666666666666,0.1666666666666666,0.5725,4.791666666666667,8.183333333333335,84.8,7.0,-1.0,1584.75,-0.15599999999999997,-0.56,0.702,0.542,-0.24000000000000007,0.54,4.7,8.1,81.36,4.0,0.0,658.72,-0.10600000000000001,0.039999999999999994,0.6199999999999999,0.484,-1.1600000000000001,0.834,4.6,9.46,81.36000000000001,3.0,-1.0,663.6899999999999
seq_881,VMLIFVKKKAAKPLRQVLRNIYRHWRPRWK,0.07766666666666669,-0.9033333333333334,0.6293333333333332,1.2263333333333335,-0.11000000000000006,1.4366666666666668,5.3,7.5633333333333335,90.14666666666663,13.0,0.0,4174.780000000002,0.366,-1.6,0.664,1.356,1.9,1.386,4.3,6.0,88.8,1.0,0.0,662.7999999999998,-0.052000000000000005,-0.82,0.5800000000000001,1.408,-1.1600000000000001,1.302,6.0,7.659999999999999,90.6,2.0,0.0,715.82
seq_384,VILIFVKKKAAKPLRQVLRNIYRHWRPRMK,0.08233333333333337,-0.8266666666666668,0.6059999999999998,1.1729999999999998,-0.08000000000000004,1.268,5.083333333333333,7.656666666666667,87.4833333333333,12.0,0.0,4068.6600000000008,0.292,-1.24,0.46799999999999997,0.976,1.06,1.386,3.3,6.82,75.66,1.0,0.0,606.7,0.05,-0.72,0.6359999999999999,1.4679999999999997,-0.14000000000000012,0.29,5.7,7.4,87.75999999999999,1.0,0.0,665.8
seq_1262,VILIFVKKKAAKPLRQVLRNIFRHWRPKWK,0.037666666666666695,-0.8433333333333335,0.603333333333333,1.107,-0.3600000000000001,1.485,5.083333333333333,7.766666666666667,88.00666666666665,14.0,0.0,4162.710000000001,0.292,-1.24,0.46799999999999997,0.976,1.06,1.386,3.3,6.82,75.66,1.0,0.0,606.7,-0.11800000000000002,-0.9199999999999999,0.648,1.2959999999999998,-1.48,1.592,6.1,8.14,94.26000000000002,3.0,0.0,755.85
Sequence_624,FAKGVGKVGKKAL,-0.12769230769230766,-0.9230769230769232,0.6861538461538461,0.8246153846153846,-1.1153846153846154,1.8007692307692305,5.346153846153846,8.523076923076925,91.0,12.0,0.0,1898.0700000000002,-0.08600000000000001,-1.04,0.6439999999999999,0.8140000000000001,-0.66,1.9259999999999997,4.9,7.9799999999999995,87.58,4.0,0.0,715.79,-0.10199999999999995,-0.62,0.724,0.726,-0.72,0.8300000000000001,5.2,8.92,85.62,4.0,0.0,676.73
Sequence_486,GMWSKILGKLIR,-0.014999999999999993,-0.6666666666666666,0.6141666666666669,0.7791666666666667,-0.42500000000000004,0.8716666666666666,4.75,8.208333333333334,82.20833333333333,8.0,0.0,1547.6799999999998,-0.15999999999999998,-0.82,0.7180000000000002,0.786,-1.0,1.552,5.5,8.24,90.93999999999998,5.0,0.0,718.76,-0.05399999999999998,-0.42000000000000004,0.5519999999999999,0.704,-0.8400000000000001,0.54,4.7,8.62,78.7,3.0,0.0,622.6800000000001
Sequence_599,RRRRRNWMWC,-0.264,-0.039999999999999945,0.554,0.843,-1.5200000000000002,1.6239999999999999,6.15,7.909999999999999,91.66000000000001,8.0,2.0,1389.5900000000001,-0.07,0.0,0.36,1.2,-1.6,0.0,5.5,8.0,73.6,0.0,0.0,575.65,-0.458,-0.07999999999999989,0.748,0.48600000000000004,-1.44,3.2479999999999998,6.8,7.8199999999999985,109.72,8.0,2.0,813.94
seq_741,VIIIFVKKKAAKPLRQVYRNIYRHIRPKWK,0.03366666666666666,-0.7133333333333334,0.5419999999999998,1.0143333333333333,-0.4466666666666667,1.3163333333333334,4.75,8.023333333333333,83.14999999999999,13.0,0.0,3982.470000000001,0.17800000000000002,-0.8800000000000001,0.26399999999999996,0.596,0.07999999999999999,1.386,2.3,7.58,62.52,1.0,0.0,550.6,-0.11800000000000002,-0.9199999999999999,0.648,1.2959999999999998,-1.48,1.592,6.1,8.14,94.26000000000002,3.0,0.0,755.85
Sequence_371,LTAEHYAAQATS,0.07666666666666667,-0.19166666666666668,0.6275000000000001,0.6224999999999999,0.7916666666666666,0.10583333333333333,3.9583333333333335,8.366666666666665,71.81666666666668,5.0,-2.0,1393.43,-0.10799999999999998,0.6599999999999999,0.696,0.22599999999999998,-0.2800000000000001,0.254,4.1,9.440000000000001,75.78,3.0,-2.0,619.61,0.13399999999999998,-0.72,0.554,0.834,0.9799999999999999,0.0,3.9,7.840000000000001,69.03999999999999,2.0,0.0,567.58
seq_622,VILIFVKKKAAKPLRKFYRNIYRHWRPKWR,0.01433333333333333,-0.6866666666666669,0.585333333333333,1.0203333333333333,-0.3466666666666667,1.254,4.966666666666667,7.900000000000001,84.4233333333333,13.0,0.0,4011.540000000001,0.292,-1.24,0.46799999999999997,0.976,1.06,1.386,3.3,6.82,75.66,1.0,0.0,606.7,-0.052000000000000005,-0.82,0.58,1.408,-1.1600000000000001,1.302,6.0,7.659999999999999,90.6,2.0,0.0,715.82
seq_99,VMLIFVKKKAAKPLRKVYRNIYRHWRPKWR,0.03766666666666669,-0.8266666666666667,0.6206666666666665,1.1576666666666668,-0.32000000000000006,1.485,5.266666666666667,7.760000000000001,88.84999999999997,14.0,0.0,4150.7300000000005,0.366,-1.6,0.664,1.356,1.9,1.386,4.3,6.0,88.8,1.0,0.0,662.7999999999998,-0.052000000000000005,-0.82,0.58,1.408,-1.1600000000000001,1.302,6.0,7.659999999999999,90.6,2.0,0.0,715.82
seq_1317,VILIFVKKKAAKPLRQVYRNVYRHWRPKMW,0.08600000000000002,-1.0066666666666668,0.6319999999999998,1.259666666666667,-0.09666666666666668,1.6676666666666669,5.333333333333333,7.500000000000001,91.6433333333333,14.0,0.0,4249.87,0.292,-1.24,0.46799999999999997,0.976,1.06,1.386,3.3,6.82,75.66,1.0,0.0,606.7,0.068,-1.1800000000000002,0.7040000000000001,1.5479999999999996,-0.08000000000000011,1.302,6.0,7.040000000000001,96.28,2.0,0.0,731.8599999999999
seq_1656,VILIFVKKKAAKPLRQVYRNIYRKWRPKIR,0.07100000000000005,-0.8733333333333334,0.5653333333333331,1.1430000000000002,-0.22,1.274,4.933333333333334,7.753333333333334,84.96999999999998,12.0,1.0,4006.5700000000006,0.292,-1.24,0.46799999999999997,0.976,1.06,1.386,3.3,6.82,75.66,1.0,0.0,606.7,-0.024000000000000004,-0.36,0.44000000000000006,1.0879999999999999,-0.9800000000000001,0.29,4.7,8.22,74.62,1.0,0.0,609.7
seq_1397,VMLIFVKKKAAKPLRQVYRNIYRHWRPKWR,0.07133333333333337,-0.8933333333333333,0.6206666666666665,1.2130000000000003,-0.12000000000000006,1.4366666666666668,5.283333333333333,7.586666666666667,89.5833333333333,13.0,0.0,4160.760000000001,0.366,-1.6,0.664,1.356,1.9,1.386,4.3,6.0,88.8,1.0,0.0,662.7999999999998,-0.052000000000000005,-0.82,0.58,1.408,-1.1600000000000001,1.302,6.0,7.659999999999999,90.6,2.0,0.0,715.82
Sequence_36,FLGWLFKWASK,0.007272727272727279,-1.018181818181818,0.7100000000000002,0.8636363636363636,0.22727272727272718,1.2972727272727271,4.954545454545454,7.490909090909091,86.72727272727273,7.0,0.0,1517.6699999999998,0.166,-1.3399999999999999,0.8080000000000002,1.1119999999999999,1.34,1.262,5.4,6.5200000000000005,95.64,3.0,0.0,710.83,-0.158,-0.7,0.6300000000000001,0.712,-1.34,1.592,4.9,8.860000000000001,81.5,4.0,0.0,685.69
seq_610,VMLIFVKKKAAKPLRQFLRNIYRHWRPKYK,0.07300000000000001,-0.8133333333333334,0.6399999999999999,1.1303333333333332,0.13333333333333336,1.0853333333333333,5.116666666666666,7.636666666666668,87.4833333333333,12.0,0.0,4067.6800000000007,0.366,-1.6,0.664,1.356,1.9,1.386,4.3,6.0,88.8,1.0,0.0,662.7999999999998,-0.014000000000000002,-0.76,0.6599999999999999,1.2759999999999998,-0.38000000000000006,0.58,5.7,8.08,88.04,2.0,0.0,691.81
Sequence_98,GLFDIIKKVASVIGGL,-0.04999999999999999,-0.7375000000000002,0.581875,0.6299999999999999,-0.68125,1.2818749999999999,4.375,8.431249999999999,80.50625,13.0,0.0,2092.25,-0.07999999999999999,-0.48,0.616,0.292,-0.08,0.25,4.0,8.36,74.4,4.0,0.0,605.6600000000001,-0.023999999999999976,-0.96,0.616,0.8119999999999999,-0.7600000000000001,1.886,5.0,8.120000000000001,90.61999999999999,5.0,0.0,702.78
Sequence_485,NKWKKILGKIIKVVK,-0.14799999999999994,-0.7133333333333333,0.5786666666666667,0.7833333333333333,-1.7599999999999996,2.1693333333333333,5.133333333333334,8.893333333333336,89.60666666666667,13.0,1.0,2169.35,-0.45599999999999996,-0.15999999999999998,0.6960000000000001,0.5900000000000001,-2.96,2.6159999999999997,6.4,9.74,99.4,6.0,1.0,792.86,0.019999999999999997,-1.56,0.5599999999999999,1.2959999999999998,-1.7200000000000002,3.3519999999999994,5.3,8.12,98.17999999999999,4.0,0.0,793.87
Sequence_48,WHSDMEWWYLLG,-0.02833333333333332,-0.5916666666666666,0.7741666666666666,0.7691666666666667,-0.14166666666666683,1.4749999999999999,5.333333333333333,8.033333333333333,92.75833333333334,10.0,-2.0,1717.8200000000004,-0.194,-0.11999999999999997,0.73,0.43,-1.06,1.266,5.1,8.84,86.7,5.0,-1.0,696.6999999999999,0.266,-1.44,0.836,1.336,1.6800000000000002,1.262,5.8,6.6,99.0,3.0,0.0,706.8299999999999
Sequence_221,FAKLWAKLAKKL,0.11666666666666665,-1.0166666666666668,0.7283333333333334,1.0208333333333333,0.6083333333333333,0.9049999999999999,4.833333333333333,7.766666666666668,84.65833333333333,5.0,0.0,1583.7600000000002,0.12799999999999997,-1.22,0.7120000000000001,1.0379999999999998,0.86,1.302,4.8,7.08,86.2,2.0,0.0,677.76,0.182,-1.02,0.792,1.15,0.8799999999999999,0.58,5.1,7.860000000000001,88.08,2.0,0.0,661.7499999999999
Sequence_50,PAWRKAFRWAARMLKKAA,0.09388888888888888,-0.8333333333333334,0.6166666666666665,1.0733333333333335,0.3611111111111111,0.8038888888888889,4.638888888888889,7.638888888888889,78.58333333333333,5.0,0.0,2240.4900000000002,0.012,-0.9199999999999999,0.6119999999999999,1.302,-0.48,1.302,5.4,7.68,86.4,2.0,0.0,689.78,0.086,-0.76,0.692,0.9040000000000001,0.33999999999999997,0.58,4.5,8.440000000000001,78.20000000000002,2.0,0.0,619.6700000000001
Sequence_284,GLFDIIKKVASVVGGL,-0.03687499999999999,-0.9500000000000002,0.6256250000000001,0.7924999999999999,-0.7125,1.7149999999999999,4.78125,8.20625,86.7,14.0,0.0,2221.42,-0.07999999999999999,-0.48,0.616,0.292,-0.08,0.25,4.0,8.36,74.4,4.0,0.0,605.6600000000001,0.018000000000000016,-1.64,0.756,1.332,-0.8600000000000001,3.272,6.3,7.4,110.44000000000001,6.0,0.0,831.9499999999999
Sequence_337,PAWFKARRWAWRMKKLAA,0.0811111111111111,-0.9333333333333333,0.6266666666666666,1.125,0.18888888888888883,1.085,4.888888888888889,7.533333333333335,82.11666666666669,6.0,0.0,2332.5900000000006,0.03400000000000001,-1.1199999999999999,0.664,1.138,0.34,1.302,4.9,7.18,85.34,2.0,0.0,695.8,0.086,-0.76,0.692,0.9039999999999999,0.33999999999999997,0.58,4.5,8.440000000000001,78.20000000000002,2.0,0.0,619.6700000000001
seq_246,VILIFVKKKAAKPLRQVLRNIYRQWRPKWW,0.10933333333333335,-1.1033333333333333,0.6086666666666664,1.2783333333333335,-0.030000000000000058,1.5630000000000002,5.233333333333333,7.403333333333332,90.34999999999997,13.0,1.0,4202.8,0.292,-1.24,0.46799999999999997,0.976,1.06,1.386,3.3,6.82,75.66,1.0,0.0,606.7,-0.03400000000000001,-1.2799999999999998,0.648,1.488,-1.1,2.314,6.3,7.3,99.12,3.0,0.0,781.8800000000001
seq_1487,VILIFVKKKAAKPLRQVYRNIYRHWCPKMK,0.008666666666666689,-0.7333333333333335,0.6193333333333332,1.031,-0.24000000000000002,1.3980000000000001,5.15,7.843333333333335,88.71333333333331,17.0,1.0,4153.740000000001,0.292,-1.24,0.46799999999999997,0.976,1.06,1.386,3.3,6.82,75.66,1.0,0.0,606.7,-0.354,-0.22000000000000003,0.768,0.696,-1.0400000000000003,1.07,6.2,8.379999999999999,98.52000000000001,6.0,1.0,764.8999999999999
seq_1690,VILIFVKKKAAKPLRKFLRNIYRHIRPKWK,0.014333333333333325,-0.6366666666666668,0.5819999999999997,0.9616666666666666,-0.36000000000000004,1.1336666666666666,4.783333333333333,8.05,82.93333333333332,13.0,0.0,3959.4700000000007,0.292,-1.24,0.46799999999999997,0.976,1.06,1.386,3.3,6.82,75.66,1.0,0.0,606.7,-0.11800000000000002,-0.9199999999999999,0.648,1.2959999999999998,-1.48,1.592,6.1,8.14,94.26000000000002,3.0,0.0,755.85
Sequence_600,ATPATPTVAQFVIQGSTICLVC,-0.022727272727272717,-0.7818181818181817,0.5831818181818181,0.870909090909091,0.09999999999999992,1.2245454545454544,4.863636363636363,7.55,85.35000000000001,18.0,2.0,2987.37,0.08000000000000002,-0.62,0.5640000000000001,0.9559999999999998,0.82,0.0,4.2,7.82,69.06,2.0,0.0,565.63,-0.45200000000000007,0.15999999999999998,0.6160000000000001,0.05999999999999996,-1.1600000000000001,2.3659999999999997,5.6,8.120000000000001,98.38,9.0,2.0,758.8799999999999
seq_765,VMLIFVKKKAAKPMRQVYRNIYRNIRPKWK,0.04233333333333336,-0.8333333333333334,0.6073333333333332,1.1473333333333333,-0.18000000000000005,1.3963333333333336,5.15,7.716666666666668,88.21,14.0,2.0,4093.730000000001,0.366,-1.6,0.664,1.356,1.9,1.386,4.3,6.0,88.8,1.0,0.0,662.7999999999998,-0.11800000000000002,-0.9199999999999999,0.648,1.2959999999999998,-1.48,1.592,6.1,8.14,94.26000000000002,3.0,0.0,755.85
Sequence_447,FAKKLAKKLAKLAL,0.13999999999999999,-0.9071428571428573,0.7342857142857142,0.9900000000000001,0.8357142857142856,0.5178571428571429,4.642857142857143,7.9071428571428575,81.87142857142858,5.0,0.0,1777.99,0.044,-0.86,0.712,0.8460000000000001,0.47999999999999987,0.58,4.6,7.92,81.34,2.0,0.0,651.7299999999999,0.312,-1.02,0.756,1.156,1.8799999999999997,0.29,4.4,7.4,80.22,1.0,0.0,595.68
seq_1185,VIIIFVKKKAAKPLRQVLRNIYRHWRPKMR,0.06333333333333334,-0.7666666666666668,0.5719999999999997,1.1096666666666666,-0.24333333333333335,1.268,4.916666666666667,7.783333333333333,85.29333333333331,12.0,0.0,4012.5600000000013,0.17800000000000002,-0.8800000000000001,0.26399999999999996,0.596,0.07999999999999999,1.386,2.3,7.58,62.52,1.0,0.0,550.6,0.05,-0.72,0.636,1.4679999999999997,-0.14000000000000012,0.29,5.7,7.4,87.76000000000002,1.0,0.0,665.8
seq_1027,VILIFVKKKAAKPMRKVLRNIYRHWRPKWQ,0.04766666666666667,-0.8600000000000001,0.6066666666666664,1.1443333333333332,-0.3266666666666667,1.485,5.15,7.77,88.56666666666665,14.0,0.0,4158.710000000001,0.292,-1.24,0.46799999999999997,0.976,1.06,1.386,3.3,6.82,75.66,1.0,0.0,606.7,0.08399999999999999,-1.3199999999999998,0.648,1.6280000000000001,-0.2800000000000001,1.302,6.2,7.1,98.66000000000001,2.0,0.0,765.8800000000001
seq_1685,VILIFVKKKAAKPYRKVLRNIYRNICPKWW,-0.03933333333333334,-0.6666666666666667,0.5866666666666664,0.9506666666666668,-0.53,1.646666666666667,5.066666666666666,7.98,87.27999999999997,19.0,3.0,4112.7,0.292,-1.24,0.46799999999999997,0.976,1.06,1.386,3.3,6.82,75.66,1.0,0.0,606.7,-0.372,-0.6799999999999999,0.7120000000000001,0.8280000000000001,-1.6800000000000002,2.804,6.7,7.800000000000002,106.22,7.0,1.0,840.95
Sequence_344,KLLLKLKLKLLK,0.2591666666666667,-1.2583333333333335,0.8866666666666667,1.375,1.291666666666667,0.6041666666666666,5.708333333333333,7.366666666666668,97.79166666666667,5.0,0.0,1693.9900000000002,0.278,-1.2799999999999998,0.892,1.396,1.4200000000000002,0.58,5.7,7.279999999999999,97.96,2.0,0.0,703.8299999999999,0.278,-1.2799999999999998,0.892,1.396,1.4200000000000002,0.58,5.7,7.279999999999999,97.96,2.0,0.0,703.8299999999999
seq_1582,VMLIFVKKKAAKPYRQVLRNIYRKWRPKIK,0.07233333333333336,-0.9500000000000001,0.6093333333333332,1.1876666666666666,-0.13333333333333341,1.3223333333333334,5.116666666666666,7.696666666666667,87.76999999999998,13.0,1.0,4102.700000000001,0.366,-1.6,0.664,1.356,1.9,1.386,4.3,6.0,88.8,1.0,0.0,662.7999999999998,-0.09000000000000001,-0.45999999999999996,0.508,0.9759999999999998,-1.3,0.58,4.8,8.7,78.28000000000002,2.0,0.0,649.73
Sequence_122,FFSASCVPGADKGQFPNLCRLCAGTGENKCA,-0.35,0.13225806451612906,0.6638709677419353,0.2619354838709677,-0.8935483870967741,1.0312903225806451,5.145161290322581,8.654838709677419,85.54516129032255,37.0,5.0,4243.75,-0.038,-0.38,0.5640000000000001,0.29,1.04,0.0,2.9,7.5,59.8,2.0,0.0,541.57,-0.7460000000000001,1.6,0.6679999999999999,-0.512,-2.66,1.514,5.1,10.66,85.42,8.0,1.0,697.7399999999999
seq_1652,VILIFVKKKAAKPLRQVMRNIYRKWRPKWY,0.08633333333333336,-1.0100000000000002,0.6093333333333332,1.2196666666666667,-0.07000000000000002,1.4426666666666668,5.15,7.5566666666666675,88.57999999999997,13.0,1.0,4128.7300000000005,0.292,-1.24,0.46799999999999997,0.976,1.06,1.386,3.3,6.82,75.66,1.0,0.0,606.7,0.06999999999999999,-1.1199999999999999,0.6599999999999999,1.468,0.0,1.302,5.9,7.24,92.9,2.0,0.0,717.84
Sequence_501,FALAKKALKKAKKAL,0.07199999999999998,-0.7933333333333333,0.6986666666666664,0.8846666666666667,0.3866666666666666,0.58,4.533333333333333,8.266666666666667,79.24666666666666,6.0,0.0,1891.0700000000002,0.174,-0.86,0.6759999999999999,0.852,1.4800000000000002,0.29,3.9,7.459999999999999,73.47999999999999,1.0,0.0,585.66,0.086,-0.76,0.692,0.9039999999999999,0.33999999999999986,0.58,4.5,8.440000000000001,78.2,2.0,0.0,619.67
Sequence_581,GIPCAESCVWIPCTVTALVGCSCSDKVCYN,-0.3943333333333333,0.0466666666666667,0.6269999999999999,0.2613333333333333,-1.3833333333333333,1.8366666666666671,5.333333333333333,8.653333333333332,90.00999999999999,44.0,6.0,4330.789999999999,-0.356,0.27999999999999997,0.532,0.14999999999999994,-0.9400000000000001,0.74,4.5,8.760000000000002,77.08,6.0,1.0,633.72,-0.47000000000000003,0.12000000000000002,0.704,0.41400000000000003,-1.6600000000000001,2.8999999999999995,6.5,8.7,105.32000000000001,8.0,2.0,796.9399999999998
seq_707,VILIFVKKKAAKPYRQVLRNIYRKWRPKMW,0.08633333333333337,-1.01,0.6093333333333332,1.2196666666666667,-0.06999999999999999,1.4426666666666668,5.15,7.5566666666666675,88.57999999999997,13.0,1.0,4128.7300000000005,0.292,-1.24,0.46799999999999997,0.976,1.06,1.386,3.3,6.82,75.66,1.0,0.0,606.7,0.068,-1.1800000000000002,0.7040000000000001,1.5479999999999996,-0.08000000000000011,1.302,6.0,7.040000000000001,96.28,2.0,0.0,731.8599999999999
seq_1256,VILIFVKKKAAKPMRQVLRNWYRHWRPKWW,0.05700000000000003,-0.9966666666666668,0.6299999999999998,1.229666666666667,-0.29333333333333333,1.7740000000000005,5.4,7.536666666666666,92.03999999999996,15.0,0.0,4290.86,0.292,-1.24,0.46799999999999997,0.976,1.06,1.386,3.3,6.82,75.66,1.0,0.0,606.7,-0.03400000000000001,-1.2799999999999998,0.648,1.488,-1.1,2.314,6.3,7.3,99.12,3.0,0.0,781.8800000000001
Sequence_85,GLLGLLGSVVSHVVPAIVGHF,0.04571428571428572,-0.9333333333333332,0.6971428571428568,1.0319047619047619,-0.15714285714285717,2.0090476190476187,5.190476190476191,7.671428571428573,94.1857142857143,17.0,-2.0,3069.4400000000005,0.162,-1.0,0.884,1.052,1.3,0.5,5.7,7.32,97.08,4.0,0.0,685.81,-0.14799999999999996,-0.23999999999999994,0.536,0.4,-1.1600000000000001,1.89,4.3,8.540000000000001,82.88,4.0,-1.0,693.74
seq_1336,VILIFVKKKAAKPYRQVLRNIYRHWRPKWY,0.07933333333333335,-0.8833333333333333,0.6013333333333332,1.1596666666666666,-0.06666666666666667,1.4366666666666668,5.1,7.653333333333334,87.77666666666663,13.0,0.0,4106.680000000001,0.292,-1.24,0.46799999999999997,0.976,1.06,1.386,3.3,6.82,75.66,1.0,0.0,606.7,0.06999999999999999,-1.1199999999999999,0.6599999999999999,1.468,0.0,1.302,5.9,7.24,92.9,2.0,0.0,717.84
Sequence_370,FAKLLAKALKKAL,0.18153846153846154,-0.9384615384615386,0.7369230769230769,1.016923076923077,1.1461538461538463,0.4461538461538461,4.538461538461538,7.715384615384616,81.10000000000001,4.0,0.0,1622.8300000000002,0.26999999999999996,-1.1199999999999999,0.776,1.098,2.02,0.29,4.5,6.88,83.36,1.0,0.0,627.7399999999999,0.182,-1.02,0.792,1.15,0.8799999999999999,0.58,5.1,7.860000000000001,88.08000000000001,2.0,0.0,661.75
seq_1147,VILIFVKKKAAKPLRQFMRNIYRHWRPKMK,0.05366666666666669,-0.7633333333333335,0.6133333333333332,1.0803333333333331,-0.0433333333333334,1.0853333333333333,4.966666666666667,7.730000000000001,85.85666666666664,12.0,0.0,4025.600000000001,0.292,-1.24,0.46799999999999997,0.976,1.06,1.386,3.3,6.82,75.66,1.0,0.0,606.7,-0.016000000000000004,-0.82,0.7040000000000001,1.3559999999999997,-0.46000000000000013,0.58,5.8,7.88,91.42,2.0,0.0,705.8299999999999
Sequence_163,GLFGKLIKKFARKAISYAVKKARGKH,-0.08153846153846153,-0.4653846153846154,0.6034615384615383,0.6465384615384615,-0.6423076923076925,0.8499999999999999,4.576923076923077,8.650000000000002,78.58846153846153,16.0,-1.0,3339.5800000000004,-0.20199999999999996,-0.58,0.74,0.496,-0.64,0.79,5.3,8.42,88.32000000000001,5.0,0.0,699.78,-0.306,0.44000000000000006,0.588,0.306,-2.0,0.794,5.0,9.86,78.49999999999999,4.0,-1.0,652.66
seq_1512,VILIFVKKKAAKPLRQVLRNIYRKIRPKWR,0.07733333333333339,-0.8833333333333334,0.5739999999999997,1.1563333333333334,-0.21000000000000002,1.274,4.95,7.73,85.53333333333332,12.0,1.0,4020.5900000000006,0.292,-1.24,0.46799999999999997,0.976,1.06,1.386,3.3,6.82,75.66,1.0,0.0,606.7,-0.052000000000000005,-0.82,0.58,1.408,-1.1600000000000001,1.302,6.0,7.659999999999999,90.6,2.0,0.0,715.82
Sequence_79,FLSHIAGFLSNLF,-0.016153846153846154,-0.16153846153846158,0.6569230769230768,0.45999999999999996,0.7615384615384616,0.4761538461538461,4.038461538461538,7.823076923076925,76.08461538461539,7.0,0.0,1570.77,0.010000000000000004,0.1,0.5700000000000001,0.30599999999999994,0.4600000000000001,0.254,3.4,8.24,69.24000000000001,2.0,-1.0,579.6099999999999,0.027999999999999976,-0.26,0.774,0.724,1.36,0.734,4.8,7.279999999999999,86.46000000000001,3.0,1.0,634.77
Sequence_225,KWKSFAKTFKSAKKTVLHTALKAISS,-0.07346153846153848,-0.5307692307692309,0.6138461538461536,0.6446153846153847,-0.4846153846153847,0.9003846153846152,4.4423076923076925,8.542307692307691,76.92692307692309,17.0,-1.0,3332.4700000000007,-0.2,-0.8,0.65,0.654,-1.2,1.592,5.0,8.34,84.64,4.0,0.0,717.75,-0.10200000000000001,-0.07999999999999999,0.45600000000000007,0.266,-0.68,0.29,3.0,9.180000000000001,58.120000000000005,3.0,0.0,529.5
Sequence_291,GMWKKILGHLIR,-0.044999999999999984,-0.44166666666666665,0.6266666666666667,0.715,-0.65,0.9774999999999999,4.916666666666667,8.466666666666667,84.69166666666666,8.0,-1.0,1589.7199999999998,-0.188,-0.9800000000000001,0.7520000000000001,0.9120000000000001,-1.48,1.8419999999999999,6.1,8.48,98.33999999999999,5.0,0.0,768.8299999999999,-0.098,0.28,0.5479999999999999,0.42400000000000004,-0.9,0.504,4.5,9.0,77.25999999999999,3.0,-1.0,614.6499999999999
seq_1258,VILIFVKKKAAKPLRQVLRNIYRHWRPKWQ,0.08800000000000004,-0.9266666666666669,0.6079999999999998,1.1996666666666664,-0.10333333333333337,1.4366666666666668,5.166666666666667,7.6066666666666665,89.29999999999997,13.0,0.0,4168.740000000001,0.292,-1.24,0.46799999999999997,0.976,1.06,1.386,3.3,6.82,75.66,1.0,0.0,606.7,0.08399999999999999,-1.3199999999999998,0.648,1.6280000000000001,-0.2800000000000001,1.302,6.2,7.1,98.66000000000001,2.0,0.0,765.8800000000001
seq_62,VILIFVKKKAAKPMRKVLRNIYRHWRPKWW,0.028000000000000008,-0.8533333333333335,0.6066666666666664,1.121,-0.46333333333333343,1.6536666666666668,5.166666666666667,7.803333333333333,88.6433333333333,15.0,0.0,4174.710000000001,0.292,-1.24,0.46799999999999997,0.976,1.06,1.386,3.3,6.82,75.66,1.0,0.0,606.7,-0.03400000000000001,-1.2799999999999998,0.648,1.488,-1.1,2.314,6.3,7.3,99.12,3.0,0.0,781.8800000000001
seq_929,VMLIFVKKKAAKPLRQVYRNIYRHIRPKMQ,0.11566666666666667,-0.8833333333333333,0.6179999999999999,1.2063333333333333,0.22666666666666657,1.0993333333333333,5.05,7.543333333333334,87.78999999999999,11.0,0.0,4054.680000000001,0.366,-1.6,0.664,1.356,1.9,1.386,4.3,6.0,88.8,1.0,0.0,662.7999999999998,0.186,-1.22,0.7040000000000001,1.6879999999999995,0.7399999999999999,0.29,5.9,6.840000000000001,95.82000000000001,1.0,0.0,715.8599999999999
seq_1022,VMLIFIKKKAAKPLRQVLRNIYRHWRPKWW,0.07366666666666669,-0.8666666666666668,0.6173333333333331,1.153,-0.08333333333333338,1.3743333333333332,5.133333333333334,7.623333333333333,88.2633333333333,13.0,0.0,4111.670000000001,0.366,-1.6,0.664,1.356,1.9,1.386,4.3,6.0,88.8,1.0,0.0,662.7999999999998,-0.03400000000000001,-1.2799999999999998,0.648,1.488,-1.1,2.314,6.3,7.3,99.12,3.0,0.0,781.8800000000001
Sequence_669,ALWKNMLKGIGKLAGQAALGAVKTLVGA,0.031428571428571424,-0.85,0.6921428571428568,0.9260714285714287,0.0535714285714285,1.237142857142857,5.071428571428571,8.024999999999999,87.75714285714285,20.0,1.0,3768.190000000001,-0.10000000000000002,-0.41999999999999993,0.7240000000000001,0.8479999999999999,-0.42000000000000004,2.036,5.6,8.24,93.56000000000002,4.0,1.0,702.8,0.09600000000000002,-1.18,0.6839999999999999,1.0939999999999999,0.24,1.636,5.2,7.5600000000000005,90.18,4.0,0.0,689.77
Sequence_2,FAKLAKKALAKLL,0.18153846153846154,-0.9384615384615386,0.7369230769230769,1.016923076923077,1.146153846153846,0.4461538461538461,4.538461538461538,7.7153846153846155,81.10000000000001,4.0,0.0,1622.8300000000002,0.174,-0.86,0.676,0.852,1.48,0.29,3.9,7.459999999999999,73.48,1.0,0.0,585.66,0.40800000000000003,-1.2799999999999998,0.8560000000000001,1.402,2.42,0.29,5.0,6.82,90.1,1.0,0.0,637.7599999999999
Sequence_606,KWKSFLKTFKSLKKTVLHTLLKAISS,-0.018076923076923084,-0.6807692307692308,0.6715384615384614,0.7865384615384616,-0.17307692307692307,0.9003846153846152,4.788461538461538,8.207692307692307,82.62692307692308,17.0,-1.0,3458.7100000000005,-0.2,-0.8,0.65,0.654,-1.2,1.592,5.0,8.34,84.64,4.0,0.0,717.75,-0.10200000000000001,-0.07999999999999999,0.45600000000000007,0.266,-0.68,0.29,3.0,9.180000000000001,58.120000000000005,3.0,0.0,529.5
Sequence_678,GLFAVIKKVAAVIKKL,0.08687500000000001,-1.13125,0.6124999999999999,1.020625,-0.18125000000000008,1.7399999999999998,4.59375,7.906250000000001,85.38750000000002,9.0,0.0,2180.41,0.14,-1.3,0.708,1.066,0.8799999999999999,1.636,4.8,6.9399999999999995,89.6,3.0,0.0,691.8000000000001,0.092,-1.24,0.6239999999999999,1.1560000000000001,-0.64,1.9659999999999997,5.0,8.080000000000002,91.5,3.0,0.0,720.8
Sequence_617,KRFKQDGGASHASPASS,-0.16999999999999998,-0.14705882352941177,0.608235294117647,0.4594117647058824,-0.7411764705882353,0.39235294117647057,4.382352941176471,8.89411764705882,73.79411764705884,13.0,-1.0,2120.18,-0.04400000000000002,-0.9,0.616,1.032,-0.5400000000000003,0.58,5.4,7.9,87.92,2.0,0.0,711.79,-0.054000000000000006,-0.18,0.5780000000000001,0.6199999999999999,0.2599999999999999,0.0,3.5,8.280000000000001,62.999999999999986,3.0,0.0,553.57
Sequence_329,FAKKLAKKLKKLAKKLAKLAKKL,0.055217391304347815,-0.8608695652173913,0.7408695652173911,0.9639130434782609,0.14347826086956508,0.693478260869565,4.978260869565218,8.330434782608695,84.96521739130436,11.0,0.0,3060.38,0.044,-0.86,0.712,0.8460000000000001,0.47999999999999987,0.58,4.6,7.92,81.34,2.0,0.0,651.7299999999999,0.182,-1.02,0.792,1.15,0.8799999999999999,0.58,5.1,7.860000000000001,88.08,2.0,0.0,661.7499999999999
Sequence_307,PAARKAARWAWRMLKKGA,0.05333333333333336,-0.7666666666666667,0.6199999999999999,1.04,0.02777777777777774,0.8733333333333333,4.805555555555555,7.916666666666668,79.77222222222224,7.0,0.0,2265.4900000000007,0.05799999999999998,-0.5599999999999999,0.576,1.1159999999999999,0.13999999999999996,0.29,4.5,8.059999999999999,73.67999999999999,1.0,0.0,597.68,-0.10200000000000001,-0.6199999999999999,0.724,0.726,-0.7200000000000001,0.8300000000000001,5.2,8.92,85.62,4.0,0.0,676.73
Sequence_17,FLPIALKALGSIFPKIL,0.16176470588235295,-0.7823529411764706,0.6194117647058822,0.9158823529411766,1.088235294117647,0.24411764705882355,3.9705882352941178,7.464705882352942,75.44117647058823,5.0,0.0,2030.3500000000001,0.288,-0.9199999999999999,0.588,1.0699999999999998,2.06,0.0,3.5,6.7,71.38000000000001,0.0,0.0,565.6899999999999,0.15799999999999997,-0.9199999999999999,0.6239999999999999,1.064,1.06,0.29,4.2,7.160000000000001,79.24,1.0,0.0,631.76
seq_1710,VILIFVKKKAAKPLRKVYRNIYRHWRRKWK,0.0033333333333333288,-0.7400000000000001,0.585333333333333,1.0356666666666667,-0.6300000000000001,1.5333333333333337,5.1,8.053333333333335,86.46666666666665,15.0,0.0,4100.580000000001,0.292,-1.24,0.46799999999999997,0.976,1.06,1.386,3.3,6.82,75.66,1.0,0.0,606.7,-0.184,-0.6599999999999999,0.5640000000000001,1.056,-2.18,1.592,6.0,8.6,89.44000000000001,3.0,0.0,721.7699999999999
Sequence_15,AIGKFLHSAKKFGKAFVGEIMNS,-0.16565217391304346,-0.14347826086956522,0.614782608695652,0.38869565217391294,-0.7086956521739131,0.9313043478260871,4.260869565217392,8.8,77.36521739130436,17.0,-1.0,2943.130000000001,-0.12799999999999997,-0.36,0.504,0.29400000000000004,-0.5600000000000002,0.54,3.6,8.7,67.76,3.0,0.0,586.62,-0.27799999999999997,0.9,0.5900000000000001,0.028000000000000004,-0.96,0.734,3.7,9.48,73.33999999999999,4.0,0.0,590.62
seq_1669,VILIFVKKKAAKPYRQVMRNIYRHWRPRMK,0.06933333333333337,-0.8166666666666667,0.5959999999999999,1.1596666666666666,-0.11333333333333337,1.268,5.066666666666666,7.670000000000001,86.91999999999997,12.0,0.0,4054.6400000000012,0.292,-1.24,0.46799999999999997,0.976,1.06,1.386,3.3,6.82,75.66,1.0,0.0,606.7,0.05,-0.72,0.6359999999999999,1.4679999999999997,-0.14000000000000012,0.29,5.7,7.4,87.75999999999999,1.0,0.0,665.8
Sequence_376,VAKKLAKLAKKLAKLALAL,0.2026315789473684,-1.0631578947368423,0.7442105263157893,1.1505263157894736,0.9315789473684211,0.8226315789473682,4.7894736842105265,7.768421052631578,84.96842105263156,7.0,0.0,2456.7600000000007,0.10999999999999999,-1.34,0.728,1.2899999999999998,-0.2,1.9659999999999997,5.4,7.9,94.75999999999999,3.0,0.0,734.8199999999999,0.538,-1.2799999999999998,0.82,1.408,3.4200000000000004,0.0,4.3,6.36,82.24000000000001,0.0,0.0,571.6899999999999
seq_1241,VMLIFVKKKAAKPYRKVYRNIYRKWRPKWK,0.02766666666666668,-0.9500000000000001,0.6239999999999998,1.1723333333333337,-0.3733333333333334,1.5393333333333337,5.3,7.8,89.13666666666663,15.0,1.0,4184.77,0.366,-1.6,0.664,1.356,1.9,1.386,4.3,6.0,88.8,1.0,0.0,662.7999999999998,-0.11800000000000002,-0.9199999999999999,0.648,1.2959999999999998,-1.48,1.592,6.1,8.14,94.26000000000002,3.0,0.0,755.85
seq_485,VILMFVKKKAAKPLRQVYRNIYRHWRPKWR,0.0713333333333334,-0.8933333333333333,0.6206666666666665,1.2130000000000003,-0.12000000000000006,1.4366666666666668,5.283333333333333,7.586666666666667,89.5833333333333,13.0,0.0,4160.760000000001,0.366,-1.6,0.664,1.356,1.9,1.386,4.3,6.0,88.8,1.0,0.0,662.8,-0.052000000000000005,-0.82,0.58,1.408,-1.1600000000000001,1.302,6.0,7.659999999999999,90.6,2.0,0.0,715.82
Sequence_13,PAWRKAFRWAWRMLKKAA,0.0811111111111111,-0.9333333333333333,0.6266666666666665,1.1250000000000002,0.18888888888888883,1.085,4.888888888888889,7.533333333333335,82.11666666666667,6.0,0.0,2332.5900000000006,0.012,-0.9199999999999999,0.6119999999999999,1.302,-0.48,1.302,5.4,7.68,86.4,2.0,0.0,689.78,0.086,-0.76,0.692,0.9040000000000001,0.33999999999999997,0.58,4.5,8.440000000000001,78.20000000000002,2.0,0.0,619.6700000000001
seq_1704,VILIFVKKKAAKPYRQVYRNIYRHWRPKWK,0.0416666666666667,-0.84,0.5906666666666663,1.1176666666666668,-0.32333333333333336,1.485,5.116666666666666,7.826666666666667,87.43999999999998,14.0,0.0,4130.670000000001,0.292,-1.24,0.46799999999999997,0.976,1.06,1.386,3.3,6.82,75.66,1.0,0.0,606.7,-0.11800000000000002,-0.9199999999999999,0.648,1.2959999999999998,-1.48,1.592,6.1,8.14,94.26000000000002,3.0,0.0,755.85
Sequence_5,WKKIPKFLHLLKKF,0.006428571428571424,-0.75,0.7114285714285712,0.9214285714285716,-0.057142857142857065,0.9699999999999999,5.071428571428571,7.9857142857142875,88.35714285714286,7.0,-1.0,1964.2100000000005,-0.072,-0.9199999999999999,0.576,1.056,-1.2399999999999998,1.592,5.1,8.34,86.8,3.0,0.0,715.79,0.14,-1.1199999999999999,0.812,1.0919999999999999,1.02,0.58,5.2,7.340000000000001,91.22,2.0,0.0,693.81
Sequence_383,GFGSLLGKALRLGANVL,-0.0017647058823529493,-0.635294117647059,0.7323529411764704,0.8364705882352941,0.24705882352941172,1.0029411764705882,5.176470588235294,7.882352941176471,88.42352941176469,13.0,1.0,2265.59,-0.174,-0.42000000000000004,0.706,0.37,-0.15999999999999998,0.5,4.7,8.180000000000001,80.91999999999999,5.0,0.0,649.71,-0.088,-0.5,0.72,0.8760000000000001,-0.4,2.37,5.6,8.100000000000001,96.96000000000001,5.0,1.0,716.84
Sequence_611,KWKFKKIPKFLHLAKKF,-0.06764705882352942,-0.6588235294117648,0.6752941176470586,0.7841176470588236,-0.43529411764705894,0.9694117647058822,4.882352941176471,8.294117647058824,84.68823529411765,9.0,-1.0,2353.6000000000004,-0.22800000000000004,-0.96,0.6839999999999999,0.78,-1.6800000000000002,1.8820000000000001,5.6,8.58,92.04,4.0,0.0,767.8199999999999,0.04399999999999999,-0.86,0.7120000000000001,0.8460000000000001,0.47999999999999987,0.58,4.6,7.92,81.34,2.0,0.0,651.7299999999999
seq_679,VILIFVKKKAAKPLRQVLRNIYRHIYPKIR,0.09500000000000004,-0.7400000000000001,0.5633333333333331,1.0663333333333334,0.003333333333333292,1.0993333333333333,4.683333333333334,7.816666666666667,83.01333333333332,11.0,0.0,3908.460000000001,0.292,-1.24,0.46799999999999997,0.976,1.06,1.386,3.3,6.82,75.66,1.0,0.0,606.7,0.098,-0.6599999999999999,0.52,1.1480000000000001,0.17999999999999988,0.29,4.6,7.8,76.92,1.0,0.0,611.72
Sequence_256,GLPVCGETCFTGTCYTNGCTCDPWPVCTRN,-0.506,0.27666666666666656,0.6626666666666666,0.1893333333333333,-1.5933333333333333,1.532,5.95,8.749999999999998,93.46666666666664,48.0,7.0,4424.0199999999995,-0.21799999999999997,-0.6600000000000001,0.7720000000000001,0.916,-0.5,2.126,6.4,7.459999999999999,106.78,7.0,1.0,804.97,-0.548,0.44000000000000006,0.584,0.32999999999999996,-2.3200000000000003,2.61,6.4,8.76,98.88,8.0,2.0,758.8800000000001
seq_942,VMLMFVKKKAAKPYRQVLRNIYRHWRPKWW,0.0866666666666667,-1.0300000000000002,0.6646666666666665,1.2896666666666667,0.029999999999999798,1.6053333333333335,5.5,7.39,93.1933333333333,14.0,0.0,4282.92,0.44000000000000006,-1.9600000000000002,0.86,1.7360000000000002,2.7399999999999998,1.386,5.3,5.18,101.94,1.0,0.0,718.8999999999999,-0.03400000000000001,-1.2799999999999998,0.648,1.488,-1.1,2.314,6.3,7.3,99.12,3.0,0.0,781.8800000000001
Sequence_73,FWGALAKGALKLIPSLFSSFSKKD,-0.01791666666666666,-0.6458333333333334,0.6674999999999999,0.6795833333333334,0.19166666666666657,0.5566666666666665,4.375,8.062499999999998,77.63333333333337,15.0,0.0,3026.2900000000004,0.07000000000000002,-1.0799999999999998,0.708,0.866,0.8,1.262,4.8,7.1,85.76,3.0,0.0,668.75,-0.332,-0.3,0.6619999999999999,0.21399999999999997,-1.64,0.58,4.6,9.42,76.53999999999999,5.0,0.0,668.68
seq_242,VMLIFVKKKAAKPMRQVLRNIYRHWRPKWW,0.07400000000000004,-0.9800000000000001,0.6393333333333332,1.239666666666667,-0.12333333333333334,1.6053333333333335,5.35,7.493333333333334,91.56666666666663,14.0,0.0,4240.840000000001,0.366,-1.6,0.664,1.356,1.9,1.386,4.3,6.0,88.8,1.0,0.0,662.7999999999998,-0.03400000000000001,-1.2799999999999998,0.648,1.488,-1.1,2.314,6.3,7.3,99.12,3.0,0.0,781.8800000000001
Sequence_164,ANTAFVSSAHNTQKIPAGAPFNRNLRAMLADLRQNAAFAG,-0.0505,-0.20750000000000002,0.6199999999999999,0.70225,0.16000000000000006,0.7625,4.6,8.14,79.09999999999998,23.0,4.0,4938.610000000001,-0.148,0.12000000000000002,0.5680000000000001,0.33399999999999996,0.30000000000000004,0.734,4.0,8.32,69.96000000000001,3.0,1.0,564.64,0.020000000000000018,-0.45999999999999996,0.5720000000000001,0.434,0.8799999999999999,0.25,3.3,8.059999999999999,63.160000000000004,2.0,0.0,534.57
Sequence_304,FLPLIGKILGTIL,0.13384615384615384,-0.7692307692307693,0.6184615384615384,0.8538461538461538,0.792307692307692,0.3038461538461539,4.269230769230769,7.615384615384614,78.87692307692308,6.0,0.0,1586.8300000000002,0.384,-1.18,0.688,1.316,2.6,0.0,4.1,6.119999999999999,81.26,0.0,0.0,607.77,0.15,-0.76,0.644,0.82,0.8800000000000001,0.25,4.5,7.7,80.24,3.0,0.0,602.68
Sequence_450,FLPAIAGILSQLF,0.23153846153846153,-0.8999999999999999,0.6176923076923077,0.9453846153846153,1.669230769230769,0.09615384615384616,3.8461538461538463,7.0307692307692315,75.12307692307692,3.0,0.0,1529.7700000000002,0.288,-0.9199999999999999,0.588,1.0699999999999998,2.06,0.0,3.5,6.7,71.38000000000001,0.0,0.0,565.69,0.37,-1.3599999999999999,0.778,1.2979999999999998,2.7,0.0,4.7,6.06,88.22,1.0,0.0,653.77
seq_1401,VMLIFVKKKAAKPYRKVLRNIYRHWRPKMQ,0.07733333333333335,-0.8933333333333334,0.6413333333333332,1.2043333333333333,-0.003333333333333381,1.3163333333333334,5.25,7.623333333333333,89.71999999999998,13.0,0.0,4150.77,0.366,-1.6,0.664,1.356,1.9,1.386,4.3,6.0,88.8,1.0,0.0,662.7999999999998,0.186,-1.22,0.7040000000000001,1.6879999999999995,0.7399999999999999,0.29,5.9,6.840000000000001,95.82000000000001,1.0,0.0,715.8599999999999
Sequence_613,GLFDVIKKVASVIGGL,-0.03687499999999999,-0.9500000000000001,0.625625,0.7924999999999999,-0.7125,1.7149999999999999,4.78125,8.20625,86.7,14.0,0.0,2221.42,-0.03799999999999999,-1.16,0.756,0.812,-0.18,1.636,5.3,7.639999999999999,94.22,5.0,0.0,734.83,-0.023999999999999976,-0.96,0.616,0.8119999999999999,-0.7600000000000001,1.886,5.0,8.120000000000001,90.61999999999999,5.0,0.0,702.78
Sequence_680,KVKVKVKVPPTKVKVKVK,-0.01500000000000001,-1.711111111111111,0.6977777777777776,1.5911111111111116,-1.5999999999999996,3.3394444444444447,6.333333333333333,7.833333333333335,108.31111111111115,16.0,0.0,3088.499999999999,-0.09200000000000001,-1.6600000000000001,0.7,1.424,-2.2800000000000002,3.6419999999999995,6.4,8.4,109.3,5.0,0.0,873.9599999999999,-0.09200000000000001,-1.6600000000000001,0.7,1.424,-2.2800000000000002,3.6419999999999995,6.4,8.4,109.3,5.0,0.0,873.9599999999999
Sequence_511,ETFSDLWKLL,0.005000000000000027,-0.61,0.7629999999999999,0.7050000000000001,0.3,0.651,4.8,8.010000000000002,85.26,7.0,-1.0,1340.4400000000003,-0.352,0.42000000000000004,0.634,-0.178,-1.2,0.0,3.7,9.58,67.7,5.0,-1.0,610.58,0.362,-1.64,0.892,1.5879999999999999,1.8,1.302,5.9,6.44,102.82000000000001,2.0,0.0,729.8599999999999
seq_766,VILIFVKKKAAKPYRKVYRNIYRNWRPKWK,-0.008000000000000009,-0.7733333333333334,0.5906666666666663,1.0686666666666667,-0.5366666666666667,1.6133333333333335,5.166666666666667,7.966666666666668,87.38666666666663,16.0,2.0,4119.700000000001,0.292,-1.24,0.46799999999999997,0.976,1.06,1.386,3.3,6.82,75.66,1.0,0.0,606.7,-0.11800000000000002,-0.9199999999999999,0.648,1.2959999999999998,-1.48,1.592,6.1,8.14,94.26000000000002,3.0,0.0,755.85
Sequence_166,FAFGKGIGKVGKKLL,-0.13599999999999998,-0.7133333333333333,0.668,0.634,-0.8200000000000001,1.182,5.0,8.500000000000002,86.08666666666666,13.0,0.0,2078.28,-0.152,-0.5599999999999999,0.6280000000000001,0.37,0.019999999999999928,0.54,4.1,8.0,74.16,3.0,0.0,632.6999999999999,-0.005999999999999961,-0.8800000000000001,0.8240000000000001,0.9719999999999999,-0.18000000000000008,0.8300000000000001,5.8,8.34,95.5,4.0,0.0,718.81
Sequence_25,CGESCVWIPCISAAIGCSCKNKVCYRAIP,-0.42068965517241386,0.3310344827586207,0.5589655172413791,0.09689655172413789,-1.486206896551724,1.4720689655172416,4.844827586206897,8.941379310344828,82.76206896551724,39.0,6.0,3930.2999999999993,-1.0379999999999998,1.9,0.6660000000000001,-1.1220000000000003,-3.3600000000000003,1.23,5.3,10.74,86.24000000000001,12.0,1.0,732.74,0.22800000000000004,-0.6599999999999999,0.484,1.154,1.1800000000000002,0.0,3.9,7.340000000000001,69.05999999999999,0.0,0.0,545.65
Sequence_87,FLIGMTHGLICLISRKC,-0.1876470588235294,0.0352941176470588,0.5970588235294115,0.29117647058823526,-0.42352941176470593,0.5952941176470589,4.588235294117647,8.441176470588236,79.94705882352942,16.0,1.0,2153.37,0.15400000000000003,-0.8799999999999999,0.66,0.7919999999999999,1.38,0.25,4.1,7.0200000000000005,79.66,2.0,0.0,604.7099999999999,-0.466,0.5599999999999999,0.454,-0.05,-2.1,0.78,4.5,9.42,73.16,6.0,1.0,624.6499999999999
seq_1574,VILIFVKKKAAKPLRQVLRNIYRHWRPKIQ,0.0926666666666667,-0.8500000000000001,0.5846666666666664,1.1463333333333332,-0.0733333333333334,1.268,4.95,7.7,86.63666666666664,12.0,0.0,4062.620000000001,0.292,-1.24,0.46799999999999997,0.976,1.06,1.386,3.3,6.82,75.66,1.0,0.0,606.7,0.11199999999999999,-0.86,0.508,1.3079999999999998,-0.10000000000000009,0.29,4.9,7.660000000000001,82.68000000000002,1.0,0.0,659.76
Sequence_408,FAKKLAKLAKKLLAL,0.1793333333333333,-0.9666666666666668,0.7533333333333333,1.0506666666666669,1.0799999999999998,0.48333333333333334,4.7,7.726666666666668,83.21333333333332,5.0,0.0,1909.16,0.044,-0.86,0.712,0.8460000000000001,0.47999999999999987,0.58,4.6,7.92,81.34,2.0,0.0,651.7299999999999,0.40800000000000003,-1.2799999999999998,0.8560000000000001,1.402,2.42,0.29,5.0,6.82,90.1,1.0,0.0,637.76
Sequence_367,PAWRKAFRWAKRMLKKAA,0.05777777777777778,-0.8333333333333334,0.6266666666666665,1.0716666666666668,0.08333333333333331,0.8844444444444444,4.833333333333333,7.7666666666666675,80.76666666666668,6.0,0.0,2306.5600000000004,0.012,-0.9199999999999999,0.6119999999999999,1.302,-0.48,1.302,5.4,7.68,86.4,2.0,0.0,689.78,0.086,-0.76,0.692,0.9040000000000001,0.33999999999999997,0.58,4.5,8.440000000000001,78.20000000000002,2.0,0.0,619.6700000000001
Sequence_305,GLFAVIKKVAKVIKKL,0.04625,-1.13125,0.6237499999999999,1.01875,-0.49375000000000013,1.8306249999999997,4.8125,8.05,87.84375000000001,10.0,0.0,2246.48,0.14,-1.3,0.708,1.066,0.8799999999999999,1.636,4.8,6.9399999999999995,89.6,3.0,0.0,691.8000000000001,0.092,-1.24,0.6239999999999999,1.1560000000000001,-0.64,1.9659999999999997,5.0,8.080000000000002,91.5,3.0,0.0,720.8
Sequence_121,FLSIIAKVLGSLF,0.12307692307692308,-0.8461538461538463,0.6123076923076923,0.7823076923076923,0.7923076923076924,0.7407692307692307,3.923076923076923,7.492307692307692,76.50769230769231,6.0,0.0,1590.7700000000002,0.166,-0.5,0.434,0.4579999999999999,1.0799999999999998,0.0,2.5,7.58,59.56,1.0,0.0,507.54999999999995,0.11000000000000001,-0.82,0.7740000000000001,0.7939999999999999,1.44,0.25,4.6,7.119999999999999,83.38000000000001,3.0,0.0,634.7299999999999
seq_1138,VILIFVKKKAAKPLRQFLRNIFRHIRPKWK,0.031333333333333345,-0.6866666666666669,0.5773333333333331,0.9796666666666666,-0.21666666666666673,1.0853333333333333,4.733333333333333,7.863333333333333,83.10666666666664,12.0,0.0,3973.500000000001,0.292,-1.24,0.46799999999999997,0.976,1.06,1.386,3.3,6.82,75.66,1.0,0.0,606.7,-0.11800000000000002,-0.9199999999999999,0.648,1.2959999999999998,-1.48,1.592,6.1,8.14,94.26000000000002,3.0,0.0,755.85
seq_1505,VILIFVKKKAAKPYRKVLRNIYRHWRPKMK,0.03133333333333333,-0.7666666666666668,0.6086666666666665,1.0856666666666668,-0.34333333333333343,1.364666666666667,5.066666666666666,7.9333333333333345,86.79666666666665,14.0,0.0,4084.6400000000003,0.292,-1.24,0.46799999999999997,0.976,1.06,1.386,3.3,6.82,75.66,1.0,0.0,606.7,-0.016000000000000004,-0.82,0.7040000000000001,1.3559999999999997,-0.46000000000000013,0.58,5.8,7.88,91.42,2.0,0.0,705.8299999999999
seq_1639,VILIFVKKKAAKPMRQVLRNIYRHWHPKWK,0.029333333333333357,-0.7600000000000001,0.6173333333333331,1.079,-0.38999999999999996,1.5273333333333337,5.133333333333334,7.913333333333335,88.93666666666664,15.0,-1.0,4190.710000000001,0.292,-1.24,0.46799999999999997,0.976,1.06,1.386,3.3,6.82,75.66,1.0,0.0,606.7,-0.22800000000000004,-0.31999999999999995,0.7120000000000001,0.9039999999999999,-1.86,1.8459999999999996,6.0,9.0,96.47999999999999,4.0,-1.0,787.85
Sequence_675,CHHNLTHAC,-0.6311111111111111,1.7,0.6799999999999999,-0.44000000000000006,-1.9777777777777774,1.3755555555555554,5.555555555555555,10.122222222222224,89.24444444444447,14.0,0.0,1275.36,-0.6739999999999999,2.04,0.748,-0.4580000000000001,-2.18,1.732,6.0,10.320000000000002,97.12,8.0,0.0,745.8199999999999,-0.316,0.6599999999999999,0.68,0.046,-0.4800000000000001,0.744,5.1,8.940000000000001,83.92,6.0,0.0,660.71
seq_1324,VILIFVKKKAAKPLRQVMRNIYRHWRPKMY,0.09600000000000003,-0.8766666666666668,0.6179999999999999,1.1829999999999998,0.08999999999999998,1.268,5.066666666666666,7.576666666666668,87.86666666666663,12.0,0.0,4070.6800000000007,0.292,-1.24,0.46799999999999997,0.976,1.06,1.386,3.3,6.82,75.66,1.0,0.0,606.7,0.17200000000000001,-1.02,0.716,1.5279999999999998,1.02,0.29,5.6,6.9799999999999995,90.06000000000002,1.0,0.0,667.8199999999999
seq_1045,VMLIFVKKKAAKPMRQVYRNIYRHWRPKMW,0.08466666666666668,-0.9533333333333334,0.6399999999999999,1.2363333333333335,0.03666666666666662,1.4366666666666668,5.283333333333333,7.473333333333334,90.52999999999997,13.0,0.0,4176.800000000001,0.366,-1.6,0.664,1.356,1.9,1.386,4.3,6.0,88.8,1.0,0.0,662.7999999999998,0.068,-1.1800000000000002,0.7040000000000001,1.5479999999999996,-0.08000000000000011,1.302,6.0,7.040000000000001,96.28,2.0,0.0,731.8599999999999
Sequence_27,KSCCPNTTGRNIYNTCRFGGGSREVCARISGCKIISASTCPSDYPK,-0.4134782608695652,0.3826086956521739,0.5647826086956522,0.13413043478260867,-1.5021739130434781,0.9400000000000002,4.923913043478261,9.104347826086956,79.65652173913043,57.0,8.0,5998.54,-0.784,0.9,0.674,-0.23000000000000007,-2.2199999999999998,1.27,6.0,9.260000000000002,92.53999999999999,10.0,2.0,757.86,-0.1,-0.5599999999999999,0.7060000000000001,0.79,-0.27999999999999997,0.29,5.0,8.559999999999999,81.05999999999999,4.0,0.0,658.73
Sequence_490,GRFKRFRKKFKKLFKKLSPVIPLLHLG,-0.015185185185185187,-0.6962962962962964,0.6811111111111109,0.9374074074074072,-0.1296296296296295,0.7722222222222221,5.092592592592593,7.8925925925925915,86.4222222222222,14.0,-1.0,3694.210000000001,-0.23800000000000004,-0.26,0.544,0.64,-1.48,0.54,5.2,8.48,79.42,3.0,0.0,652.7199999999999,0.176,-0.44000000000000006,0.884,0.944,1.3,0.504,5.5,7.6800000000000015,96.08,3.0,-1.0,686.79
Sequence_215,KWLRRVWRWWR,0.045454545454545456,-1.3545454545454547,0.6054545454545456,1.4854545454545454,-1.0181818181818183,2.6018181818181816,6.2272727272727275,7.072727272727272,98.95454545454548,6.0,0.0,1675.8500000000004,0.041999999999999996,-0.9199999999999999,0.6279999999999999,1.3080000000000003,-0.64,1.302,5.9,7.56,91.46000000000001,2.0,0.0,697.78,-0.016000000000000004,-1.38,0.564,1.44,-1.42,3.036,6.4,6.919999999999999,99.16,3.0,0.0,773.83
seq_1585,VILIFVKKKAAKPLRQVLRNIYRKWRPKMK,0.07866666666666669,-0.9600000000000002,0.6179999999999998,1.201,-0.12333333333333336,1.3223333333333334,5.133333333333334,7.673333333333334,88.33333333333331,13.0,1.0,4116.72,0.292,-1.24,0.46799999999999997,0.976,1.06,1.386,3.3,6.82,75.66,1.0,0.0,606.7,-0.016000000000000004,-0.82,0.7040000000000001,1.3559999999999997,-0.46000000000000013,0.58,5.8,7.88,91.42,2.0,0.0,705.8299999999999
seq_1056,VMLMFVKKKAAKPYRQVYRNIYRKWRPKWK,0.07366666666666671,-1.0766666666666669,0.6566666666666664,1.2910000000000001,-0.03333333333333342,1.491,5.483333333333333,7.49,92.05999999999997,14.0,1.0,4250.900000000001,0.44000000000000006,-1.9600000000000002,0.86,1.7360000000000002,2.7399999999999998,1.386,5.3,5.18,101.94,1.0,0.0,718.8999999999999,-0.11800000000000002,-0.9199999999999999,0.648,1.2959999999999998,-1.48,1.592,6.1,8.14,94.26000000000002,3.0,0.0,755.85
Sequence_665,VNWKKLLGKLLKVVK,0.01733333333333332,-1.2666666666666666,0.7826666666666664,1.2940000000000003,-0.6266666666666667,2.5346666666666664,6.2,7.8000000000000025,105.64666666666669,13.0,1.0,2386.7300000000005,-0.30200000000000005,-0.74,0.6960000000000001,0.982,-2.5,3.7119999999999997,6.6,8.74,108.1,6.0,1.0,841.9399999999999,0.13399999999999995,-1.92,0.764,1.6760000000000002,-0.74,3.3519999999999994,6.3,7.359999999999999,111.32000000000001,4.0,0.0,849.9699999999999
Sequence_671,KSCCKNTTGRNIYNTCRFAGGSRERCAKLSGCKIISASTCPSDYPK,-0.41173913043478266,0.40869565217391307,0.5817391304347826,0.11391304347826085,-1.441304347826087,0.825217391304348,4.934782608695652,9.180434782608694,79.20652173913042,56.0,8.0,5954.45,-0.916,1.06,0.658,-0.5820000000000001,-3.2399999999999998,1.56,6.0,10.2,91.38,11.0,2.0,763.81,-0.1,-0.5599999999999999,0.7060000000000001,0.79,-0.27999999999999997,0.29,5.0,8.559999999999999,81.05999999999999,4.0,0.0,658.73
seq_342,VMLIFVKKKAAKPLRQVLRNIYRHWCPKWR,0.021333333333333346,-0.8033333333333333,0.6399999999999999,1.1163333333333334,-0.2066666666666667,1.5183333333333335,5.366666666666666,7.6466666666666665,91.32999999999997,17.0,1.0,4233.85,0.366,-1.6,0.664,1.356,1.9,1.386,4.3,6.0,88.8,1.0,0.0,662.7999999999998,-0.39,-0.21999999999999997,0.644,0.748,-1.7400000000000002,1.7920000000000003,6.4,8.16,97.7,6.0,1.0,774.89
Sequence_488,ALWKTMLKKLGTMALHAGKAALGAAADTISQGTQ,0.04441176470588236,-0.6823529411764707,0.6708823529411764,0.8020588235294122,0.323529411764706,0.5038235294117647,4.705882352941177,8.155882352941175,80.63529411764705,21.0,-1.0,4283.6100000000015,0.08399999999999999,-1.1,0.6880000000000001,1.066,0.21999999999999997,1.302,5.2,7.7,86.78,3.0,0.0,675.73,0.017999999999999995,-0.9800000000000001,0.6220000000000001,0.9819999999999999,0.11999999999999993,0.25,5.4,7.74,88.72,4.0,0.0,700.74
seq_713,VILIFVKKKAAKPMRQVMRNIYRHWRPKWR,0.05200000000000004,-0.8433333333333335,0.5939999999999998,1.163,-0.29666666666666675,1.4366666666666668,5.133333333333334,7.680000000000001,87.95666666666664,13.0,0.0,4118.68,0.292,-1.24,0.46799999999999997,0.976,1.06,1.386,3.3,6.82,75.66,1.0,0.0,606.7,-0.052000000000000005,-0.82,0.58,1.408,-1.1600000000000001,1.302,6.0,7.659999999999999,90.6,2.0,0.0,715.82
seq_455,VILIFVKKKAAKPLRKVLRNIYRHWRPKIR,0.03633333333333333,-0.7000000000000001,0.573333333333333,1.0543333333333333,-0.42000000000000004,1.3163333333333334,4.9,7.966666666666667,84.55999999999999,13.0,0.0,4002.530000000001,0.292,-1.24,0.46799999999999997,0.976,1.06,1.386,3.3,6.82,75.66,1.0,0.0,606.7,-0.024000000000000004,-0.36,0.44000000000000006,1.0879999999999999,-0.9800000000000001,0.29,4.7,8.22,74.62,1.0,0.0,609.7
seq_41,VILIFVKKKAAKPYRQVYRNIYRHWRPKIK,0.04633333333333335,-0.7633333333333333,0.5673333333333331,1.0643333333333334,-0.29333333333333333,1.3163333333333334,4.9,7.920000000000001,84.77666666666666,13.0,0.0,4024.550000000001,0.292,-1.24,0.46799999999999997,0.976,1.06,1.386,3.3,6.82,75.66,1.0,0.0,606.7,-0.09000000000000001,-0.45999999999999996,0.508,0.9759999999999998,-1.3,0.58,4.8,8.7,78.28000000000002,2.0,0.0,649.73
seq_1013,VMLIFVKKKAAKPLRKVYRNIYRHWRPKMR,0.05466666666666668,-0.81,0.6299999999999998,1.1676666666666666,-0.15000000000000005,1.3163333333333334,5.216666666666667,7.716666666666668,88.37666666666664,13.0,0.0,4100.71,0.366,-1.6,0.664,1.356,1.9,1.386,4.3,6.0,88.8,1.0,0.0,662.7999999999998,0.05,-0.72,0.636,1.4679999999999997,-0.14000000000000012,0.29,5.7,7.4,87.76000000000002,1.0,0.0,665.8
seq_838,VILIFVKKKAAKPLRQVYRNIYRHWRPKIR,0.06366666666666669,-0.7566666666666667,0.5646666666666664,1.0963333333333334,-0.23,1.268,4.9,7.816666666666667,84.72999999999998,12.0,0.0,3998.540000000001,0.292,-1.24,0.46799999999999997,0.976,1.06,1.386,3.3,6.82,75.66,1.0,0.0,606.7,-0.024000000000000004,-0.36,0.44000000000000006,1.0879999999999999,-0.9800000000000001,0.29,4.7,8.22,74.62,1.0,0.0,609.7
Sequence_115,FLKLLKKLAAKFLPTIICKISYKC,-0.03541666666666664,-0.49583333333333335,0.6462499999999998,0.6529166666666668,0.26250000000000034,0.5666666666666665,4.583333333333333,8.041666666666666,80.8,16.0,2.0,3071.47,0.366,-1.38,0.876,1.344,2.56,0.29,5.1,6.3,93.24000000000001,1.0,0.0,669.8199999999999,-0.344,0.26,0.534,0.009999999999999964,-0.9400000000000001,0.78,4.4,9.0,75.46,6.0,1.0,626.6700000000001
seq_1529,VMLIFVKKKAAKPYRQVLRHIYRNWRPKWR,0.07133333333333337,-0.8933333333333334,0.6206666666666665,1.2130000000000003,-0.12000000000000001,1.4366666666666668,5.283333333333333,7.586666666666667,89.5833333333333,13.0,0.0,4160.76,0.366,-1.6,0.664,1.356,1.9,1.386,4.3,6.0,88.8,1.0,0.0,662.7999999999998,-0.052000000000000005,-0.82,0.58,1.408,-1.1600000000000001,1.302,6.0,7.659999999999999,90.6,2.0,0.0,715.82
Sequence_534,GKWSKILGKLIR,-0.09250000000000003,-0.5583333333333332,0.5908333333333334,0.6741666666666667,-1.0083333333333335,0.9924999999999998,4.791666666666667,8.666666666666668,81.36666666666667,9.0,0.0,1571.67,-0.346,-0.5599999999999999,0.6620000000000001,0.534,-2.4,1.8419999999999999,5.6,9.34,88.92,6.0,0.0,742.75,-0.05399999999999998,-0.42000000000000004,0.5519999999999999,0.704,-0.8400000000000001,0.54,4.7,8.62,78.7,3.0,0.0,622.6800000000001
Sequence_110,PRFWEYWLALME,0.13416666666666668,-0.6916666666666668,0.7483333333333332,1.054166666666667,1.0,0.8433333333333333,4.791666666666667,7.241666666666667,87.70833333333336,4.0,-2.0,1613.8200000000002,-0.094,-0.31999999999999995,0.6439999999999999,0.876,-0.4,1.012,4.8,7.68,84.84,2.0,-1.0,699.7800000000001,0.30400000000000005,-0.5799999999999998,0.86,1.0339999999999998,2.22,0.0,4.3,7.279999999999999,85.4,1.0,-1.0,615.6999999999999
seq_1398,VILIFVKKKAAKPLRQVYRNIRRHWRPKWK,0.027666666666666694,-0.8000000000000002,0.5859999999999997,1.121,-0.5066666666666666,1.485,5.15,7.873333333333334,87.61999999999998,14.0,0.0,4142.670000000001,0.292,-1.24,0.46799999999999997,0.976,1.06,1.386,3.3,6.82,75.66,1.0,0.0,606.7,-0.11800000000000002,-0.9199999999999999,0.648,1.2959999999999998,-1.48,1.592,6.1,8.14,94.26000000000002,3.0,0.0,755.85
Sequence_29,FAKKLKKLAKKL,0.027499999999999986,-0.8666666666666667,0.7433333333333333,0.9383333333333335,0.033333333333333215,0.725,5.041666666666667,8.308333333333334,85.90833333333335,6.0,0.0,1623.8,0.044,-0.86,0.712,0.8460000000000001,0.47999999999999987,0.58,4.6,7.92,81.34,2.0,0.0,651.7299999999999,0.182,-1.02,0.792,1.15,0.8799999999999999,0.58,5.1,7.860000000000001,88.08,2.0,0.0,661.7499999999999
Sequence_188,DYDWSLRGPPKCATYGQKCRTWSPRNCCWNLRCKAFRCRPR,-0.3219512195121952,-0.0024390243902438777,0.6375609756097559,0.5175609756097559,-1.0390243902439027,1.074878048780488,5.7073170731707314,8.368292682926828,88.7731707317073,46.0,8.0,5715.499999999999,-0.196,-0.62,0.7020000000000002,0.382,-0.9799999999999999,1.012,5.0,8.9,81.52,6.0,0.0,667.67,-0.342,0.33999999999999997,0.5079999999999999,0.7799999999999999,-1.4799999999999998,0.49000000000000005,6.0,8.040000000000001,85.51999999999998,4.0,1.0,668.8
Sequence_330,KWKLFKKIGIGKFLHSAKKF,-0.1445,-0.45999999999999996,0.6294999999999998,0.5250000000000001,-0.875,0.9489999999999998,4.625,8.725,80.63000000000001,14.0,-1.0,2676.8500000000004,-0.0020000000000000087,-1.22,0.748,1.032,-0.14000000000000004,1.592,5.5,7.540000000000001,94.06,3.0,0.0,743.8299999999999,-0.154,-0.44000000000000006,0.6140000000000001,0.46799999999999997,-0.5800000000000001,0.58,4.1,8.719999999999999,71.92,3.0,0.0,625.65
Sequence_190,GLFDIVKKIAGHIA,-0.09428571428571429,-0.32857142857142857,0.5414285714285715,0.40714285714285714,-0.85,0.9714285714285713,4.0,8.928571428571427,74.52857142857142,10.0,-1.0,1741.8199999999997,-0.07999999999999999,-0.48,0.616,0.292,-0.08,0.25,4.0,8.36,74.4,4.0,0.0,605.6600000000001,-0.13,0.44000000000000006,0.4800000000000001,0.07200000000000002,-0.7600000000000001,0.504,3.3,9.600000000000001,63.18000000000001,3.0,-1.0,546.53
seq_1526,VILIFVKKKAAKPLRQVLRNIYRHIRPKYK,0.07633333333333336,-0.7566666666666667,0.5866666666666664,1.0876666666666666,-0.09000000000000004,1.1476666666666666,4.866666666666666,7.863333333333334,84.86666666666665,12.0,0.0,3988.5500000000006,0.292,-1.24,0.46799999999999997,0.976,1.06,1.386,3.3,6.82,75.66,1.0,0.0,606.7,-0.014000000000000002,-0.76,0.6599999999999999,1.2759999999999998,-0.38000000000000006,0.58,5.7,8.08,88.04,2.0,0.0,691.81
seq_1622,VILIFVKKKAAKPLRQVLRNIYRHWRPKMK,0.07133333333333337,-0.8433333333333335,0.6173333333333331,1.1543333333333332,-0.1333333333333334,1.3163333333333334,5.1,7.736666666666667,88.0933333333333,13.0,0.0,4108.6900000000005,0.292,-1.24,0.46799999999999997,0.976,1.06,1.386,3.3,6.82,75.66,1.0,0.0,606.7,-0.016000000000000004,-0.82,0.7040000000000001,1.3559999999999997,-0.46000000000000013,0.58,5.8,7.88,91.42,2.0,0.0,705.8299999999999
seq_1510,VILIFVKKKAAKPLRQVYRNIYRNWRPKWR,0.043000000000000024,-0.8333333333333335,0.5879999999999997,1.1560000000000001,-0.2733333333333333,1.5166666666666668,5.183333333333334,7.69,88.0733333333333,14.0,2.0,4103.72,0.292,-1.24,0.46799999999999997,0.976,1.06,1.386,3.3,6.82,75.66,1.0,0.0,606.7,-0.052000000000000005,-0.82,0.58,1.408,-1.1600000000000001,1.302,6.0,7.659999999999999,90.6,2.0,0.0,715.82
seq_1338,VMLIFVKKKAAKPLRQVLRNIYRHWHPKWW,0.06233333333333335,-0.8800000000000001,0.6513333333333332,1.1743333333333332,-0.16333333333333339,1.6476666666666668,5.333333333333333,7.6466666666666665,91.93666666666664,15.0,-1.0,4272.840000000001,0.366,-1.6,0.664,1.356,1.9,1.386,4.3,6.0,88.8,1.0,0.0,662.7999999999998,-0.144,-0.6799999999999999,0.7120000000000001,1.096,-1.48,2.568,6.2,8.16,101.34,4.0,-1.0,813.8800000000001
Sequence_202,FLPILGKLLSGIL,0.17153846153846158,-0.8538461538461538,0.6992307692307692,0.9607692307692308,1.1615384615384614,0.3038461538461539,4.5,7.369230769230769,82.67692307692307,6.0,0.0,1628.9,0.384,-1.18,0.688,1.316,2.6,0.0,4.1,6.119999999999999,81.26,0.0,0.0,607.77,0.134,-0.62,0.65,0.718,0.86,0.25,4.1,7.82,76.98,3.0,0.0,588.65
seq_794,VILIFVKKKAAKPYRKVLRNIYRHWCPKWW,-0.028,-0.7433333333333335,0.6099999999999998,0.9976666666666668,-0.5466666666666667,1.7353333333333336,5.216666666666667,7.92,89.2633333333333,19.0,1.0,4219.76,0.292,-1.24,0.46799999999999997,0.976,1.06,1.386,3.3,6.82,75.66,1.0,0.0,606.7,-0.372,-0.6799999999999999,0.7120000000000001,0.8280000000000001,-1.6800000000000002,2.804,6.7,7.800000000000002,106.22,7.0,1.0,840.95
seq_576,VMLIFVKKKAAKPYRKVLRNIYRHIRPKWK,0.031333333333333345,-0.7666666666666668,0.6086666666666665,1.0856666666666668,-0.3433333333333334,1.364666666666667,5.066666666666666,7.933333333333334,86.79666666666665,14.0,0.0,4084.640000000001,0.366,-1.6,0.664,1.356,1.9,1.386,4.3,6.0,88.8,1.0,0.0,662.7999999999998,-0.11800000000000002,-0.9199999999999999,0.648,1.2959999999999998,-1.48,1.592,6.1,8.14,94.26000000000002,3.0,0.0,755.85
seq_1448,VMLIFVKKKAAKPLRKVLRNIYRHWRPKMK,0.05,-0.8366666666666667,0.6499999999999999,1.1623333333333332,-0.1933333333333334,1.364666666666667,5.25,7.773333333333334,89.54999999999998,14.0,0.0,4154.76,0.366,-1.6,0.664,1.356,1.9,1.386,4.3,6.0,88.8,1.0,0.0,662.7999999999998,-0.016000000000000004,-0.82,0.7040000000000001,1.3559999999999997,-0.46000000000000013,0.58,5.8,7.88,91.42,2.0,0.0,705.8299999999999
seq_864,VMLIFVKKKAAKPLRQVLRNIYRKWRPKMK,0.09100000000000003,-1.02,0.6506666666666665,1.2643333333333333,0.016666666666666607,1.3223333333333334,5.3,7.536666666666667,90.52333333333333,13.0,1.0,4172.820000000001,0.366,-1.6,0.664,1.356,1.9,1.386,4.3,6.0,88.8,1.0,0.0,662.7999999999998,-0.016000000000000004,-0.82,0.7040000000000001,1.3559999999999997,-0.46000000000000013,0.58,5.8,7.88,91.42,2.0,0.0,705.8299999999999
seq_297,VILIFVKKKAAKPYRKVLRNIYRHWRPKMR,0.04233333333333333,-0.7500000000000001,0.5973333333333332,1.1043333333333334,-0.2900000000000001,1.3163333333333334,5.05,7.853333333333334,86.18666666666665,13.0,0.0,4044.6100000000006,0.292,-1.24,0.46799999999999997,0.976,1.06,1.386,3.3,6.82,75.66,1.0,0.0,606.7,0.05,-0.72,0.636,1.4679999999999997,-0.14000000000000012,0.29,5.7,7.4,87.76000000000002,1.0,0.0,665.8
Sequence_229,GSIPCEGSCVFIPCISAIIGCSCSNKVCYKN,-0.47612903225806447,0.5064516129032258,0.5532258064516128,-0.05548387096774194,-1.6354838709677417,1.3725806451612907,4.693548387096774,9.148387096774192,81.1064516129032,44.0,7.0,4154.54,-0.458,0.44000000000000006,0.534,0.01799999999999997,-1.4600000000000002,0.74,4.6,8.98,77.53999999999999,7.0,1.0,649.72,-0.47000000000000003,0.12000000000000002,0.704,0.41400000000000003,-1.6600000000000001,2.8999999999999995,6.5,8.7,105.32000000000001,8.0,2.0,796.94
Sequence_491,AWKKWAKAWKWAKAKWWAKAA,-0.032380952380952385,-1.0142857142857142,0.6314285714285712,0.9257142857142862,-0.7523809523809523,1.929047619047619,4.9523809523809526,8.323809523809523,83.87142857142857,13.0,0.0,2885.9800000000005,-0.10200000000000001,-1.22,0.664,1.03,-1.44,2.604,5.7,8.260000000000002,93.76,4.0,0.0,761.79,0.074,-0.86,0.592,0.85,0.18,1.302,4.1,8.180000000000001,73.18000000000002,2.0,0.0,603.62
seq_1713,VILIFVKKKAAKPLRQVMRNVYRKWRPKWK,0.06200000000000003,-1.09,0.6306666666666665,1.277666666666667,-0.33333333333333337,1.7220000000000004,5.4,7.586666666666668,92.10999999999999,15.0,1.0,4295.91,0.292,-1.24,0.46799999999999997,0.976,1.06,1.386,3.3,6.82,75.66,1.0,0.0,606.7,-0.11800000000000002,-0.9199999999999999,0.648,1.2959999999999998,-1.48,1.592,6.1,8.14,94.26000000000002,3.0,0.0,755.85
seq_748,VILIFVKKKAAKPLRQVLRNIYRHWRPRMW,0.09633333333333337,-0.8866666666666668,0.6059999999999998,1.2049999999999998,-0.016666666666666705,1.3883333333333332,5.116666666666666,7.516666666666667,88.2933333333333,12.0,0.0,4094.690000000001,0.292,-1.24,0.46799999999999997,0.976,1.06,1.386,3.3,6.82,75.66,1.0,0.0,606.7,0.134,-1.08,0.6359999999999999,1.6599999999999997,0.2399999999999999,1.012,5.9,6.5600000000000005,92.61999999999999,1.0,0.0,691.8299999999999
Sequence_593,LPKWKVFKKIEKVGRNIRNGIVKAGPAIAVLGEAKALG,-0.1023684210526316,-0.4710526315789475,0.6115789473684208,0.7492105263157898,-0.9368421052631583,1.4873684210526317,4.815789473684211,8.597368421052632,84.78157894736839,28.0,0.0,5162.670000000001,0.041999999999999996,-1.28,0.78,1.4359999999999997,-0.26,1.592,6.1,7.58,99.94000000000001,3.0,0.0,771.89,0.028000000000000004,-0.6199999999999999,0.688,0.732,0.2800000000000001,0.54,4.5,8.459999999999999,77.76,3.0,0.0,610.66
Sequence_181,MPKEKVFLKIEKMGRNIRN,-0.1731578947368421,-0.04736842105263155,0.6399999999999999,0.6463157894736841,-1.0263157894736843,1.1221052631578947,4.921052631578948,8.752631578947371,85.86842105263156,13.0,0.0,2573.8800000000006,-0.146,-0.22000000000000003,0.784,0.8759999999999998,-0.8400000000000002,0.58,5.2,8.879999999999999,90.38,3.0,-1.0,723.8,-0.4360000000000001,1.2,0.41600000000000004,0.25200000000000006,-2.2800000000000002,1.468,5.1,9.52,78.74000000000001,4.0,2.0,597.71
Sequence_587,GRKKRRQRRR,-0.13000000000000006,-0.32999999999999996,0.49400000000000005,1.0559999999999998,-1.67,0.41500000000000004,5.75,8.45,82.9,4.0,0.0,1312.44,-0.326,-0.16,0.5599999999999999,0.692,-2.62,0.8300000000000001,5.8,9.459999999999999,84.14000000000001,4.0,0.0,686.7299999999999,0.066,-0.5,0.42799999999999994,1.4200000000000002,-0.7200000000000001,0.0,5.7,7.44,81.66000000000001,0.0,0.0,625.71
Sequence_195,GMWSKLLGHLLR,0.06166666666666667,-0.6749999999999999,0.7824999999999999,0.9791666666666666,0.3666666666666667,0.8566666666666666,5.5,7.733333333333334,92.55833333333332,8.0,-1.0,1651.8500000000004,-0.15999999999999998,-0.82,0.7180000000000002,0.786,-1.0,1.552,5.5,8.24,90.93999999999998,5.0,0.0,718.76,0.01599999999999998,-0.07999999999999999,0.752,0.8039999999999999,0.07999999999999999,0.504,5.5,8.24,90.4,3.0,-1.0,670.7499999999999
seq_1379,VMLIFVKKKAAKPLRQVLRNIYRHWYPKWW,0.10100000000000002,-1.03,0.6539999999999998,1.2496666666666667,0.09333333333333332,1.6053333333333335,5.333333333333333,7.433333333333334,91.94999999999997,14.0,0.0,4242.860000000001,0.366,-1.6,0.664,1.356,1.9,1.386,4.3,6.0,88.8,1.0,0.0,662.7999999999998,0.08800000000000001,-1.5799999999999998,0.7280000000000001,1.548,0.05999999999999987,2.314,6.2,6.88,101.42,3.0,0.0,783.9000000000001
seq_892,VILIFVKKKAAKPYRKVLRNIYRHWCPKMK,-0.025,-0.6666666666666667,0.6193333333333332,0.9756666666666667,-0.44,1.4463333333333337,5.133333333333334,8.016666666666667,87.97999999999999,18.0,1.0,4143.71,0.292,-1.24,0.46799999999999997,0.976,1.06,1.386,3.3,6.82,75.66,1.0,0.0,606.7,-0.354,-0.22000000000000003,0.768,0.696,-1.0400000000000003,1.07,6.2,8.379999999999999,98.52000000000001,6.0,1.0,764.8999999999999
seq_524,VMIIFVKKKAAKPLRKVYRNIYRHWRPKWK,0.0076666666666666584,-0.7833333333333334,0.5979999999999998,1.0756666666666668,-0.5366666666666667,1.5333333333333337,5.116666666666666,7.966666666666667,87.26999999999998,15.0,0.0,4134.660000000001,0.252,-1.24,0.45999999999999996,0.976,0.9199999999999999,1.386,3.3,6.76,75.66,1.0,0.0,606.6999999999999,-0.11800000000000002,-0.9199999999999999,0.648,1.2959999999999998,-1.48,1.592,6.1,8.14,94.26000000000002,3.0,0.0,755.85
seq_1429,VMLIFVKKKAAKPLRQVLRNIYRHWRPRWR,0.08866666666666669,-0.8866666666666667,0.6179999999999999,1.2450000000000003,-0.05666666666666671,1.3883333333333332,5.283333333333333,7.483333333333333,89.53666666666663,12.0,0.0,4134.750000000001,0.366,-1.6,0.664,1.356,1.9,1.386,4.3,6.0,88.8,1.0,0.0,662.7999999999998,0.013999999999999995,-0.72,0.512,1.52,-0.8400000000000002,1.012,5.9,7.18,86.94000000000001,1.0,0.0,675.7900000000001
seq_1499,VILIFVKKKAAKPLRQVLRNIYKNWRPKWW,0.041333333333333354,-0.9366666666666669,0.6193333333333331,1.1640000000000001,-0.3066666666666667,1.733666666666667,5.266666666666667,7.6866666666666665,90.66666666666664,16.0,2.0,4223.83,0.292,-1.24,0.46799999999999997,0.976,1.06,1.386,3.3,6.82,75.66,1.0,0.0,606.7,-0.03400000000000001,-1.2799999999999998,0.648,1.488,-1.1,2.314,6.3,7.3,99.12,3.0,0.0,781.8800000000001
seq_1337,VMLIFVKKKAAKPLRQVLRNIYRHWRPRWW,0.09166666666666669,-0.9633333333333334,0.6293333333333332,1.2583333333333335,-0.04666666666666671,1.557,5.333333333333333,7.423333333333333,90.95666666666664,13.0,0.0,4200.810000000001,0.366,-1.6,0.664,1.356,1.9,1.386,4.3,6.0,88.8,1.0,0.0,662.7999999999998,0.031999999999999994,-1.18,0.5800000000000001,1.6,-0.78,2.024,6.2,6.82,95.46000000000001,2.0,0.0,741.8500000000001
seq_1705,VILIFVKKKAAKPLRKVYRNVYRHWRPKMR,0.04933333333333335,-0.8633333333333334,0.6206666666666665,1.191,-0.30666666666666675,1.5473333333333334,5.266666666666667,7.733333333333334,89.48999999999998,14.0,0.0,4173.780000000001,0.292,-1.24,0.46799999999999997,0.976,1.06,1.386,3.3,6.82,75.66,1.0,0.0,606.7,0.05,-0.72,0.636,1.4679999999999997,-0.14000000000000012,0.29,5.7,7.4,87.76000000000002,1.0,0.0,665.8
Sequence_209,ALWMTLLKKVLKAAAKALNAVLVGANA,0.12481481481481484,-0.9370370370370371,0.7185185185185183,1.1029629629629636,0.6074074074074076,1.4903703703703703,5.018518518518518,7.651851851851852,88.73703703703701,15.0,2.0,3603.1100000000006,0.27,-1.3599999999999999,0.744,1.318,1.6200000000000003,1.012,5.1,6.6,88.8,2.0,0.0,651.74,-0.184,-0.23999999999999994,0.62,0.63,-0.9400000000000001,2.37,5.0,8.68,87.08000000000001,5.0,1.0,674.7600000000001
Sequence_231,GFGCNGPWDEDDMQCHNHCKSIKGYKGGYCAKGGFVCKCY,-0.513,0.3674999999999999,0.6802499999999999,-0.002000000000000024,-1.8825000000000003,1.3455000000000004,5.5875,9.41,90.19249999999998,61.0,5.0,5800.299999999997,-0.8399999999999999,1.08,0.668,-0.546,-2.58,1.7240000000000002,5.9,9.66,92.38,10.0,2.0,733.8400000000001,-0.602,0.12000000000000002,0.7040000000000001,0.10800000000000001,-1.7800000000000005,2.6559999999999997,6.6,8.54,106.12,10.0,2.0,824.9499999999999
seq_1273,VILIFVKKKAAKPLRQVLRNIYRKWRPKMR,0.0896666666666667,-0.9433333333333335,0.6066666666666664,1.2196666666666667,-0.07000000000000003,1.274,5.116666666666666,7.593333333333334,87.72333333333331,12.0,1.0,4076.6900000000005,0.292,-1.24,0.46799999999999997,0.976,1.06,1.386,3.3,6.82,75.66,1.0,0.0,606.7,0.05,-0.72,0.636,1.4679999999999997,-0.14000000000000012,0.29,5.7,7.4,87.76000000000002,1.0,0.0,665.8
seq_543,VMIIFVKKKAAKPLRQVYRNIYRHWRPKWR,0.052333333333333336,-0.8333333333333335,0.5866666666666664,1.1496666666666668,-0.2833333333333334,1.4366666666666668,5.116666666666666,7.713333333333334,87.39333333333329,13.0,0.0,4104.660000000001,0.252,-1.24,0.45999999999999996,0.976,0.9199999999999999,1.386,3.3,6.76,75.66,1.0,0.0,606.6999999999999,-0.052000000000000005,-0.82,0.58,1.408,-1.1600000000000001,1.302,6.0,7.659999999999999,90.6,2.0,0.0,715.82
seq_934,VMLIFVKKKAAKPLRQVYRNIYRNWRPKIW,0.06300000000000001,-0.8933333333333333,0.6086666666666665,1.1793333333333333,-0.09333333333333342,1.5166666666666668,5.183333333333334,7.586666666666667,89.01999999999998,14.0,2.0,4119.760000000001,0.366,-1.6,0.664,1.356,1.9,1.386,4.3,6.0,88.8,1.0,0.0,662.7999999999998,-0.006000000000000004,-0.82,0.508,1.168,-0.9200000000000002,1.302,5.0,7.860000000000001,83.14000000000001,2.0,0.0,675.76
seq_1143,VMLIFVKKKAAKPLRQVLRNIYRNWRPKMK,0.0676666666666667,-0.9033333333333334,0.6499999999999999,1.224,-0.006666666666666732,1.3963333333333336,5.333333333333333,7.566666666666667,90.96333333333332,14.0,2.0,4163.850000000001,0.366,-1.6,0.664,1.356,1.9,1.386,4.3,6.0,88.8,1.0,0.0,662.7999999999998,-0.016000000000000004,-0.82,0.7040000000000001,1.3559999999999997,-0.46000000000000013,0.58,5.8,7.88,91.42,2.0,0.0,705.8299999999999
seq_1630,VILIFVKKKAAKPLRKFLRNIRRHWRPKWW,0.0033333333333333223,-0.7233333333333335,0.5919999999999997,1.037,-0.52,1.4226666666666667,5.05,7.886666666666667,86.0233333333333,14.0,0.0,4089.600000000001,0.292,-1.24,0.46799999999999997,0.976,1.06,1.386,3.3,6.82,75.66,1.0,0.0,606.7,-0.03400000000000001,-1.2799999999999998,0.648,1.488,-1.1,2.314,6.3,7.3,99.12,3.0,0.0,781.8800000000001
Sequence_9,FAKLLAKLAKKFAL,0.17142857142857143,-0.942857142857143,0.7285714285714285,0.9714285714285715,1.242857142857143,0.41428571428571426,4.428571428571429,7.557142857142858,80.18571428571428,4.0,0.0,1743.98,0.26999999999999996,-1.1199999999999999,0.776,1.098,2.02,0.29,4.5,6.88,83.36,1.0,0.0,627.7399999999999,0.044,-0.86,0.712,0.8460000000000001,0.47999999999999987,0.58,4.6,7.92,81.34,2.0,0.0,651.73
Sequence_397,KNWKKILGKIIKVVK,-0.14799999999999994,-0.7133333333333333,0.5786666666666667,0.7833333333333333,-1.7599999999999996,2.1693333333333333,5.133333333333334,8.893333333333336,89.60666666666667,13.0,1.0,2169.35,-0.45599999999999996,-0.15999999999999998,0.6960000000000001,0.5900000000000001,-2.96,2.6159999999999997,6.4,9.74,99.4,6.0,1.0,792.86,0.019999999999999997,-1.56,0.5599999999999999,1.2959999999999998,-1.7200000000000002,3.3519999999999994,5.3,8.12,98.17999999999999,4.0,0.0,793.87
seq_1621,VMLIFVKKKAAKPLRQVLRNIYRHICPKIW,0.033666666666666685,-0.7266666666666667,0.6046666666666665,1.023,-0.13666666666666671,1.3496666666666668,4.983333333333333,7.773333333333334,87.42333333333333,16.0,1.0,4087.670000000001,0.366,-1.6,0.664,1.356,1.9,1.386,4.3,6.0,88.8,1.0,0.0,662.7999999999998,-0.344,-0.21999999999999997,0.5720000000000001,0.508,-1.5000000000000002,1.7920000000000003,5.4,8.360000000000001,90.24000000000001,6.0,1.0,734.8299999999999
seq_1114,VMLIFVKKKAAKPLRKVLRNIYRHIRPKMR,0.06566666666666666,-0.7433333333333334,0.6153333333333332,1.1276666666666666,-0.11000000000000007,1.1476666666666666,5.016666666666667,7.786666666666667,86.27666666666666,12.0,0.0,4008.6100000000006,0.366,-1.6,0.664,1.356,1.9,1.386,4.3,6.0,88.8,1.0,0.0,662.7999999999998,0.05,-0.72,0.636,1.4679999999999997,-0.14000000000000012,0.29,5.7,7.4,87.76000000000002,1.0,0.0,665.8
Sequence_674,FLPLLLAGLPLKLCFLFKKC,0.06600000000000003,-0.7900000000000003,0.8119999999999997,0.9654999999999998,1.3499999999999999,0.525,5.325,7.015000000000001,92.625,13.0,2.0,2760.35,0.49800000000000005,-1.5399999999999998,0.892,1.6960000000000002,3.5799999999999996,0.0,5.1,5.359999999999999,94.4,0.0,0.0,663.8699999999999,-0.358,-0.15999999999999998,0.744,0.292,-0.78,1.0699999999999998,5.6,8.4,92.64000000000001,6.0,1.0,736.8399999999999
Sequence_536,EVWRLAEFLAMPP,0.14846153846153848,-0.7461538461538463,0.7323076923076923,1.1707692307692308,0.9153846153846152,0.9223076923076922,4.6923076923076925,7.230769230769232,87.45384615384616,4.0,-2.0,1758.0200000000002,0.066,-0.9,0.708,1.22,-0.5600000000000002,2.3979999999999997,5.5,7.56,99.12,3.0,-1.0,764.8299999999999,0.406,-1.3399999999999999,0.8160000000000001,1.8539999999999999,2.7800000000000002,0.0,5.1,5.92,90.4,0.0,0.0,649.85
Sequence_264,DCYCRIPACIAGERRYGTCIYQGRLWAFCC,-0.33133333333333326,0.21666666666666676,0.5746666666666665,0.17833333333333332,-0.8133333333333336,0.7836666666666666,4.983333333333333,8.549999999999999,81.78333333333332,35.0,5.0,3920.3500000000004,-0.738,0.9400000000000001,0.648,-0.4200000000000001,-1.98,0.9800000000000001,6.1,9.3,90.52000000000001,10.0,2.0,712.8000000000001,-0.642,0.44000000000000006,0.64,-0.31000000000000005,-1.2,1.9920000000000002,5.5,8.16,91.06000000000002,9.0,2.0,739.8299999999999
Sequence_629,WKKIPKFLHLAKKF,-0.02785714285714286,-0.6571428571428571,0.6757142857142855,0.8335714285714287,-0.24999999999999994,0.9699999999999999,4.857142857142857,8.192857142857145,84.82857142857144,7.0,-1.0,1922.1300000000003,-0.072,-0.9199999999999999,0.576,1.056,-1.2399999999999998,1.592,5.1,8.34,86.8,3.0,0.0,715.79,0.04399999999999999,-0.86,0.7120000000000001,0.8460000000000001,0.47999999999999987,0.58,4.6,7.92,81.34,2.0,0.0,651.7299999999999
Sequence_390,HTMYYHHYQHHL,0.017500000000000005,0.3333333333333333,0.7399999999999999,0.61,0.4583333333333333,0.5291666666666667,5.208333333333333,8.591666666666667,88.99166666666667,6.0,-5.0,1633.75,0.162,-0.44000000000000006,0.736,0.932,1.6,0.254,5.1,7.519999999999999,85.62,2.0,-1.0,631.7199999999999,0.12799999999999997,0.039999999999999994,0.768,0.836,0.9,0.508,5.4,8.180000000000001,94.08,2.0,-2.0,707.77
Sequence_217,GADFQECMKEHSQKQHQHQG,-0.21349999999999997,0.10499999999999998,0.6954999999999998,0.39599999999999996,-0.8799999999999999,0.583,5.15,9.025,89.31000000000003,18.0,-4.0,2888.9800000000005,-0.08600000000000001,-0.72,0.656,0.506,0.019999999999999928,0.25,4.6,8.180000000000001,80.04,4.0,0.0,653.7,-0.142,0.24,0.688,0.5719999999999998,-0.9800000000000001,0.758,5.8,9.1,97.38000000000001,4.0,-2.0,770.79
Sequence_631,ALWKTIIKGAGKMIGSLAKNLLGSQAQPES,-0.023666666666666673,-0.4766666666666668,0.6356666666666666,0.7080000000000001,-0.11000000000000017,0.651,4.55,8.383333333333331,80.22666666666669,20.0,0.0,3817.120000000001,0.08399999999999999,-1.1,0.6880000000000001,1.066,0.21999999999999997,1.302,5.2,7.7,86.78,3.0,0.0,675.73,0.028000000000000025,-0.19999999999999996,0.658,0.8359999999999997,0.44000000000000006,0.0,4.1,8.24,77.5,2.0,-1.0,641.6800000000001
Sequence_574,CHHNLTAAC,-0.5344444444444444,1.311111111111111,0.6622222222222222,-0.2811111111111112,-1.3888888888888888,1.2344444444444445,5.277777777777778,9.655555555555557,85.67777777777779,13.0,1.0,1217.32,-0.6739999999999999,2.04,0.748,-0.4580000000000001,-2.18,1.732,6.0,10.320000000000002,97.12,8.0,0.0,745.8199999999999,-0.142,-0.040000000000000036,0.648,0.33199999999999996,0.5799999999999998,0.49000000000000005,4.6,8.1,77.5,5.0,1.0,602.6700000000001
seq_1452,VILIFVKKKAAKPLRQVLRNIYRKWRPRMR,0.1006666666666667,-0.9266666666666669,0.595333333333333,1.2383333333333335,-0.01666666666666671,1.2256666666666665,5.1,7.513333333333334,87.1133333333333,11.0,1.0,4036.6600000000008,0.292,-1.24,0.46799999999999997,0.976,1.06,1.386,3.3,6.82,75.66,1.0,0.0,606.7,0.11600000000000002,-0.62,0.568,1.5799999999999998,0.17999999999999988,0.0,5.6,6.92,84.1,0.0,0.0,625.77
Sequence_69,GSEGPLKPGARIFSFDGKDVLRHPT,-0.15679999999999997,-0.28,0.6479999999999998,0.6084,-0.7880000000000001,0.644,4.82,8.612,81.33200000000002,20.0,-2.0,3319.62,-0.41999999999999993,0.4800000000000001,0.6859999999999999,0.154,-1.8800000000000001,0.5,4.7,9.780000000000001,80.08,6.0,-1.0,679.7,0.023999999999999987,-0.10000000000000002,0.6679999999999999,1.052,0.11999999999999997,0.254,5.4,7.959999999999999,85.84,2.0,-1.0,661.76
Sequence_443,GFGCPNNYACHQHCKSIRGYCGGYCAGWFRLRCTCYRCG,-0.48589743589743595,0.5102564102564101,0.6310256410256408,0.03256410256410253,-1.3717948717948718,1.1471794871794874,5.602564102564102,8.897435897435896,88.2307692307692,56.0,8.0,5434.09,-0.568,0.21999999999999997,0.6880000000000001,0.04799999999999995,-1.42,0.99,5.7,8.540000000000001,90.89999999999999,8.0,1.0,736.8600000000001,-0.748,0.9400000000000001,0.632,-0.34400000000000003,-1.98,1.23,6.3,9.08,93.32,10.0,2.0,726.83
seq_45,VIIIFVKKKAAKPMRQVYRNIYRHWRPKWK,0.02233333333333334,-0.7900000000000001,0.5639999999999998,1.0676666666666668,-0.5000000000000001,1.485,4.966666666666667,7.920000000000001,85.8133333333333,14.0,0.0,4088.590000000001,0.17800000000000002,-0.8800000000000001,0.26399999999999996,0.596,0.07999999999999999,1.386,2.3,7.58,62.52,1.0,0.0,550.6,-0.11800000000000002,-0.9199999999999999,0.648,1.2959999999999998,-1.48,1.592,6.1,8.14,94.26000000000002,3.0,0.0,755.85
Sequence_6,EQCGRQAGGKLCPNNLCCSQYGWCGSSDDYCSPSKNCQSNCKGGG,-0.5124444444444446,0.42888888888888893,0.6813333333333335,0.06688888888888878,-1.6266666666666665,1.1931111111111115,5.7444444444444445,9.166666666666663,91.18444444444441,71.0,11.0,6482.149999999998,-0.526,0.74,0.636,-0.004000000000000048,-2.0599999999999996,0.74,5.6,9.440000000000001,90.93999999999998,7.0,0.0,733.77,-0.8460000000000001,0.6200000000000001,0.684,-0.42400000000000004,-3.6399999999999997,1.53,6.3,10.48,94.02,11.0,1.0,767.81
Sequence_535,CHHALTHAC,-0.4811111111111111,1.3111111111111111,0.6622222222222222,-0.3022222222222222,-1.344444444444444,0.9677777777777778,5.055555555555555,9.766666666666667,83.41111111111111,12.0,-1.0,1218.26,-0.404,1.34,0.716,-0.21000000000000005,-1.0399999999999998,0.998,5.1,9.680000000000001,86.62,6.0,-1.0,688.7199999999999,-0.316,0.6599999999999999,0.68,0.046,-0.4800000000000001,0.744,5.1,8.940000000000001,83.92,6.0,0.0,660.71
Sequence_169,FKSWSFCTPGCAKTGSFNSYCC,-0.4786363636363637,0.2818181818181818,0.6318181818181816,0.011818181818181768,-1.1727272727272728,1.0877272727272727,5.113636363636363,8.704545454545453,82.87272727272727,31.0,5.0,3004.3000000000006,-0.17200000000000001,-0.64,0.616,0.5279999999999999,-0.7200000000000001,1.302,4.4,8.1,77.24,4.0,0.0,667.68,-0.868,1.56,0.666,-0.652,-1.9,1.714,6.0,9.48,92.66,11.0,3.0,716.8299999999999
seq_1623,VILIFVKKKAAKPLRKVYRNIYRKWRPKIR,0.037333333333333336,-0.8066666666666668,0.5653333333333331,1.0876666666666668,-0.42000000000000004,1.3223333333333334,4.916666666666667,7.926666666666667,84.23666666666665,13.0,1.0,3996.540000000001,0.292,-1.24,0.46799999999999997,0.976,1.06,1.386,3.3,6.82,75.66,1.0,0.0,606.7,-0.024000000000000004,-0.36,0.44000000000000006,1.0879999999999999,-0.9800000000000001,0.29,4.7,8.22,74.62,1.0,0.0,609.7
Sequence_95,GLPICGETCVGGSCNTPGCSCSWPVCTRN,-0.5479310344827586,0.4448275862068966,0.6382758620689654,0.09137931034482759,-1.9034482758620688,1.6279310344827587,5.724137931034483,8.99310344827586,91.44827586206895,48.0,7.0,4232.73,-0.25999999999999995,0.019999999999999928,0.6320000000000001,0.396,-0.4,0.74,5.1,8.18,86.96,6.0,1.0,675.8,-0.548,0.44000000000000006,0.584,0.32999999999999996,-2.3200000000000003,2.61,6.4,8.76,98.88,8.0,2.0,758.8800000000001
seq_811,VMLIFVKKKAAKPLRQVLRNIYRHWHPKWK,0.04833333333333335,-0.8200000000000001,0.6513333333333332,1.1423333333333332,-0.2266666666666667,1.5273333333333337,5.3,7.786666666666667,91.12666666666664,15.0,-1.0,4246.810000000001,0.366,-1.6,0.664,1.356,1.9,1.386,4.3,6.0,88.8,1.0,0.0,662.7999999999998,-0.22800000000000004,-0.31999999999999995,0.7120000000000001,0.9039999999999999,-1.86,1.8459999999999996,6.0,9.0,96.47999999999999,4.0,-1.0,787.85
Sequence_368,DIQIPGIKKPTHRDIIIPNWNPNVRTQPWQRFGGNKS,-0.15837837837837837,-0.24324324324324326,0.5510810810810809,0.722972972972973,-1.045945945945946,1.110810810810811,5.0,8.518918918918917,83.87837837837837,28.0,3.0,4968.589999999998,0.11000000000000001,-0.72,0.44800000000000006,0.82,0.07999999999999999,0.0,3.7,8.1,71.97999999999999,2.0,0.0,596.66,-0.6279999999999999,0.6399999999999999,0.6540000000000001,-0.072,-2.9800000000000004,1.524,5.6,10.379999999999999,86.25999999999999,8.0,1.0,698.74
Sequence_401,FLPLVGKILSGLI,0.14384615384615385,-0.976923076923077,0.6746153846153846,1.0146153846153845,0.746153846153846,0.8369230769230769,4.615384615384615,7.384615384615385,85.24615384615385,7.0,0.0,1701.97,0.426,-1.8599999999999999,0.828,1.8359999999999999,2.5,1.386,5.4,5.4,101.08,1.0,0.0,736.9399999999999,0.134,-0.62,0.65,0.718,0.86,0.25,4.1,7.8199999999999985,76.98,3.0,0.0,588.6499999999999
seq_1613,VMLIFVKKKAAKPMRQVLRNIYRHWRPKWR,0.07100000000000004,-0.9033333333333334,0.6279999999999999,1.2263333333333335,-0.13333333333333333,1.4366666666666668,5.3,7.553333333333334,90.14666666666663,13.0,0.0,4174.780000000001,0.366,-1.6,0.664,1.356,1.9,1.386,4.3,6.0,88.8,1.0,0.0,662.7999999999998,-0.052000000000000005,-0.82,0.58,1.408,-1.1600000000000001,1.302,6.0,7.659999999999999,90.6,2.0,0.0,715.82
seq_1726,VILIFVKKKAAKPMRQVLRNIYRHWRPKWQ,0.08133333333333335,-0.9266666666666669,0.6066666666666664,1.1996666666666664,-0.12666666666666668,1.4366666666666668,5.166666666666667,7.596666666666667,89.29999999999997,13.0,0.0,4168.740000000001,0.292,-1.24,0.46799999999999997,0.976,1.06,1.386,3.3,6.82,75.66,1.0,0.0,606.7,0.08399999999999999,-1.3199999999999998,0.648,1.6280000000000001,-0.2800000000000001,1.302,6.2,7.1,98.66000000000001,2.0,0.0,765.8800000000001
seq_291,VMLIFVKKKAAKPYRQVLRNIYRHWRPKWW,0.07433333333333336,-0.9700000000000002,0.6319999999999998,1.2263333333333335,-0.11000000000000006,1.6053333333333335,5.333333333333333,7.526666666666666,91.0033333333333,14.0,0.0,4226.820000000001,0.366,-1.6,0.664,1.356,1.9,1.386,4.3,6.0,88.8,1.0,0.0,662.7999999999998,-0.03400000000000001,-1.2799999999999998,0.648,1.488,-1.1,2.314,6.3,7.3,99.12,3.0,0.0,781.8800000000001
seq_97,VILIFVKKKAAKPYRQVYRNIYRHWRPKIW,0.06033333333333336,-0.8233333333333334,0.5673333333333331,1.0963333333333334,-0.23000000000000004,1.4366666666666668,4.933333333333334,7.78,85.58666666666664,13.0,0.0,4050.5800000000013,0.292,-1.24,0.46799999999999997,0.976,1.06,1.386,3.3,6.82,75.66,1.0,0.0,606.7,-0.006000000000000004,-0.82,0.508,1.168,-0.9200000000000002,1.302,5.0,7.860000000000001,83.14000000000001,2.0,0.0,675.76
Sequence_639,CYTQYRKCQELTA,-0.1376923076923077,-0.2,0.6646153846153845,0.5884615384615384,0.12307692307692308,0.4884615384615385,5.384615384615385,8.084615384615384,88.23846153846154,12.0,1.0,1774.97,-0.049999999999999975,-0.58,0.6799999999999999,0.744,1.2,0.49000000000000005,5.8,7.220000000000001,92.88,5.0,1.0,692.8100000000001,0.13799999999999998,-0.44000000000000006,0.7,0.8380000000000001,0.9799999999999999,0.0,4.4,8.02,81.62,2.0,-1.0,637.67
Sequence_111,FLPVIAGLLSKLF,0.20692307692307696,-1.1076923076923078,0.7099999999999999,1.1123076923076924,1.376923076923077,0.7407692307692307,4.538461538461538,6.930769230769231,84.85384615384615,5.0,0.0,1690.9900000000002,0.31199999999999994,-1.5,0.624,1.456,1.52,1.386,4.4,6.159999999999999,87.94,1.0,0.0,680.8399999999999,0.16799999999999998,-0.96,0.778,0.9659999999999999,1.5,0.29,4.6,7.1,83.82000000000001,2.0,0.0,643.7399999999999
seq_208,VILIFVKKKAAKPLRQVLRNIYRKWRPKIR,0.07733333333333338,-0.8833333333333334,0.5739999999999997,1.1563333333333334,-0.21000000000000002,1.274,4.95,7.73,85.53333333333332,12.0,1.0,4020.5900000000006,0.292,-1.24,0.46799999999999997,0.976,1.06,1.386,3.3,6.82,75.66,1.0,0.0,606.7,-0.024000000000000004,-0.36,0.44000000000000006,1.0879999999999999,-0.9800000000000001,0.29,4.7,8.22,74.62,1.0,0.0,609.7
Sequence_208,FFRLLFHGVHHVGKIKPRA,-0.06263157894736841,-0.3578947368421052,0.6378947368421051,0.7457894736842106,-0.4789473684210525,1.2142105263157894,4.894736842105263,8.168421052631578,85.83157894736843,11.0,-3.0,2621.9100000000008,0.294,-1.1199999999999999,0.728,1.152,2.48,0.0,4.5,5.88,82.84,0.0,0.0,619.77,0.039999999999999994,-0.45999999999999996,0.472,0.982,-0.30000000000000004,0.29,4.1,8.239999999999998,70.42,1.0,0.0,583.66
Sequence_638,FALALKAKKL,0.17800000000000002,-0.9400000000000001,0.734,1.001,1.1800000000000004,0.43499999999999994,4.5,7.660000000000001,80.78,3.0,0.0,1247.41,0.4,-1.1199999999999999,0.74,1.1039999999999999,3.0200000000000005,0.0,3.8,6.42,75.5,0.0,0.0,561.67,-0.04400000000000002,-0.76,0.728,0.898,-0.6600000000000001,0.8699999999999999,5.2,8.9,86.06,3.0,0.0,685.7399999999999
seq_1568,VILIFVKKKAAKPYRQVLRNIYRKWRPKMR,0.08333333333333338,-0.9333333333333333,0.5979999999999998,1.2063333333333335,-0.08,1.274,5.1,7.616666666666668,87.15999999999998,12.0,1.0,4062.670000000001,0.292,-1.24,0.46799999999999997,0.976,1.06,1.386,3.3,6.82,75.66,1.0,0.0,606.7,0.05,-0.72,0.636,1.4679999999999997,-0.14000000000000012,0.29,5.7,7.4,87.76000000000002,1.0,0.0,665.8
seq_1372,VILIFVKKKAAKPLRQVYRNIYRKWRPKIY,0.09133333333333339,-0.9233333333333335,0.5786666666666666,1.153,-0.02666666666666666,1.274,4.916666666666667,7.6833333333333345,85.35333333333331,12.0,1.0,4008.5900000000006,0.292,-1.24,0.46799999999999997,0.976,1.06,1.386,3.3,6.82,75.66,1.0,0.0,606.7,0.098,-0.6599999999999999,0.52,1.148,0.18,0.29,4.6,7.8,76.92,1.0,0.0,611.72
seq_535,VMLIFVKKKAAKPYRQVYRNIYRHWYPKWK,0.07433333333333336,-0.9500000000000001,0.6366666666666665,1.191,0.010000000000000054,1.485,5.266666666666667,7.620000000000001,90.0133333333333,14.0,0.0,4188.790000000001,0.366,-1.6,0.664,1.356,1.9,1.386,4.3,6.0,88.8,1.0,0.0,662.7999999999998,0.0040000000000000036,-1.22,0.7280000000000001,1.356,-0.3200000000000002,1.592,6.0,7.720000000000001,96.56000000000002,3.0,0.0,757.87
Sequence_119,VRRFPWWWPFLRR,0.11384615384615385,-1.284615384615385,0.6200000000000002,1.5123076923076921,0.16153846153846158,1.7007692307692304,5.653846153846154,6.430769230769231,93.26153846153846,4.0,0.0,1880.2200000000003,0.10600000000000001,-1.1400000000000001,0.5640000000000001,1.5559999999999998,0.06000000000000005,1.386,5.4,6.5200000000000005,89.72,1.0,0.0,704.86,0.178,-0.82,0.6279999999999999,1.416,1.1400000000000001,0.0,5.1,6.4799999999999995,83.04,0.0,0.0,631.79
seq_932,VILIFVKKKAAKPLRQVLRNIYRHWRPRMR,0.09333333333333337,-0.8100000000000002,0.5946666666666665,1.1916666666666667,-0.026666666666666707,1.2196666666666665,5.066666666666666,7.576666666666667,86.87333333333329,11.0,0.0,4028.630000000001,0.292,-1.24,0.46799999999999997,0.976,1.06,1.386,3.3,6.82,75.66,1.0,0.0,606.7,0.11600000000000002,-0.62,0.568,1.5799999999999998,0.17999999999999988,0.0,5.6,6.92,84.1,0.0,0.0,625.77
Sequence_239,MWKEFHNVLSSGQLLADKRWARWYNRW,-0.057037037037037046,-0.5111111111111112,0.6829629629629628,0.8555555555555556,-0.38148148148148153,1.478888888888889,5.314814814814815,8.025925925925925,89.77037037037036,19.0,0.0,3752.120000000001,-0.10599999999999998,-0.5199999999999999,0.752,0.6639999999999999,-0.34,1.302,4.8,8.0,89.36,3.0,-1.0,721.77,-0.11800000000000002,-0.6199999999999999,0.64,1.066,-0.7799999999999999,2.758,6.3,7.5200000000000005,99.24,4.0,1.0,740.8500000000001
seq_1687,VIIIFVKKKAAKPLRQVLRNIYRHWRPKWK,0.03533333333333335,-0.8000000000000002,0.5739999999999997,1.081,-0.4666666666666667,1.485,4.983333333333333,7.906666666666666,86.37666666666664,14.0,0.0,4102.6100000000015,0.17800000000000002,-0.8800000000000001,0.26399999999999996,0.596,0.07999999999999999,1.386,2.3,7.58,62.52,1.0,0.0,550.6,-0.11800000000000002,-0.9199999999999999,0.648,1.2959999999999998,-1.48,1.592,6.1,8.14,94.26000000000002,3.0,0.0,755.85
Sequence_192,FAKLLKLAAKKLL,0.21846153846153846,-1.0384615384615385,0.7753846153846152,1.1115384615384616,1.353846153846154,0.4461538461538461,4.769230769230769,7.492307692307694,84.9,4.0,0.0,1664.91,0.26999999999999996,-1.1199999999999999,0.776,1.098,2.02,0.29,4.5,6.88,83.36,1.0,0.0,627.7399999999999,0.182,-1.02,0.792,1.15,0.8799999999999999,0.58,5.1,7.860000000000001,88.08,2.0,0.0,661.7499999999999
Sequence_255,ELCEKASQTWSGTCGKTKHCDDQCKSWEGAAHGACHVRDGKHMCFCYFNC,-0.4814000000000002,0.494,0.6666,-0.03560000000000002,-1.7540000000000004,1.1780000000000004,5.3,9.436,86.81199999999998,71.0,2.0,7093.429999999997,-0.574,1.34,0.784,-0.392,-2.04,0.78,4.8,10.42,87.96,7.0,-1.0,726.7299999999999,-0.808,1.3,0.684,-0.5780000000000001,-1.2399999999999998,1.714,6.0,8.74,95.34,10.0,3.0,732.8900000000001
seq_866,VMLIFVKKKAAKPLRQVYRNVYRHWRPKWK,0.06733333333333337,-1.0233333333333332,0.6553333333333331,1.2810000000000001,-0.19000000000000003,1.7160000000000004,5.516666666666667,7.546666666666667,93.49666666666664,15.0,0.0,4329.96,0.366,-1.6,0.664,1.356,1.9,1.386,4.3,6.0,88.8,1.0,0.0,662.7999999999998,-0.11800000000000002,-0.9199999999999999,0.648,1.2959999999999998,-1.48,1.592,6.1,8.14,94.26000000000002,3.0,0.0,755.85
seq_212,VILIFVKKKAAKPYRQVYRNIYRHIRPKWK,0.046333333333333365,-0.7633333333333333,0.5673333333333331,1.0643333333333334,-0.29333333333333333,1.3163333333333334,4.9,7.920000000000001,84.77666666666664,13.0,0.0,4024.550000000001,0.292,-1.24,0.46799999999999997,0.976,1.06,1.386,3.3,6.82,75.66,1.0,0.0,606.7,-0.11800000000000002,-0.9199999999999999,0.648,1.2959999999999998,-1.48,1.592,6.1,8.14,94.26000000000002,3.0,0.0,755.85
Sequence_324,FLPLLAGLAANFLPTIICKISYKC,-0.022083333333333333,-0.3541666666666667,0.6404166666666664,0.6412500000000001,0.6416666666666669,0.5299999999999999,4.479166666666667,7.791666666666667,79.8625,16.0,3.0,2981.47,0.49800000000000005,-1.5399999999999998,0.892,1.6960000000000002,3.5799999999999996,0.0,5.1,5.359999999999999,94.4,0.0,0.0,663.8699999999999,-0.344,0.26,0.534,0.009999999999999964,-0.9400000000000001,0.78,4.4,9.0,75.46,6.0,1.0,626.6700000000001
Sequence_310,GLLSVLGSVAQHVLPHVVPVIAEHL,0.1272,-0.9,0.7127999999999998,1.1856,0.172,1.9156,5.16,7.58,95.39600000000002,16.0,-4.0,3675.12,0.176,-1.3,0.79,1.238,0.76,1.636,5.4,7.1,96.8,4.0,0.0,717.82,-0.039999999999999994,0.74,0.596,0.12199999999999997,-0.21999999999999992,0.254,3.2,9.520000000000001,68.8,2.0,-2.0,575.56
seq_1005,VILIFVKKKAAKPYRQVLRNIYRHWRPKIW,0.06666666666666668,-0.8333333333333334,0.5759999999999998,1.1096666666666666,-0.22000000000000003,1.4366666666666668,4.95,7.756666666666667,86.14999999999996,13.0,0.0,4064.6000000000013,0.292,-1.24,0.46799999999999997,0.976,1.06,1.386,3.3,6.82,75.66,1.0,0.0,606.7,-0.006000000000000004,-0.82,0.508,1.168,-0.9200000000000002,1.302,5.0,7.860000000000001,83.14000000000001,2.0,0.0,675.76
Sequence_331,KWKSFLKTFKSLKKTVLHTLLKLISS,0.00038461538461537643,-0.7307692307692307,0.6907692307692307,0.8338461538461538,-0.06923076923076922,0.9003846153846152,4.903846153846154,8.096153846153845,84.52692307692311,17.0,-1.0,3500.7900000000004,-0.2,-0.8,0.65,0.654,-1.2,1.592,5.0,8.34,84.64,4.0,0.0,717.75,-0.006000000000000005,-0.33999999999999997,0.556,0.5119999999999999,-0.14000000000000007,0.29,3.6,8.6,67.99999999999999,3.0,0.0,571.58
Sequence_560,FLPIIASVAAKVFSKIFCAISKKC,-0.10041666666666667,-0.4166666666666666,0.5370833333333331,0.4879166666666668,-0.2708333333333333,1.0233333333333332,3.9375,8.200000000000001,74.22916666666667,17.0,2.0,2993.2599999999998,0.26999999999999996,-0.82,0.484,0.9359999999999999,1.6199999999999999,0.0,3.1,6.88,68.12,0.0,0.0,551.67,-0.532,0.45999999999999996,0.522,-0.162,-2.4200000000000004,1.0699999999999998,4.6,9.9,76.82000000000001,7.0,1.0,664.6800000000001
seq_1570,VMLIFVKKKAAKPMRQVLRNIYRHWRPKMK,0.07700000000000003,-0.9033333333333334,0.6486666666666666,1.2176666666666667,-0.016666666666666698,1.3163333333333334,5.266666666666667,7.590000000000002,90.28333333333332,13.0,0.0,4164.790000000001,0.366,-1.6,0.664,1.356,1.9,1.386,4.3,6.0,88.8,1.0,0.0,662.7999999999998,-0.016000000000000004,-0.82,0.7040000000000001,1.3559999999999997,-0.46000000000000013,0.58,5.8,7.88,91.42,2.0,0.0,705.8299999999999
Sequence_348,FELDRICGYGTARCRKKCRSQEYRIGRCPNTYACCLRKWDESLLNRTKP,-0.3048979591836735,0.21020408163265303,0.6224489795918366,0.3481632653061224,-1.0387755102040817,0.7479591836734694,5.204081632653061,8.777551020408163,83.77959183673467,51.0,5.0,6519.19,-0.13199999999999998,0.07999999999999999,0.704,0.336,-0.32,0.0,4.3,8.66,77.6,3.0,-1.0,632.67,-0.298,0.16,0.6040000000000001,0.8379999999999999,-1.5,1.024,5.9,8.8,87.89999999999999,4.0,1.0,684.8100000000001
seq_1707,VILIFVKKKAAKPLRQFLRNIYRHWRPKWR,0.05433333333333335,-0.7633333333333335,0.5939999999999998,1.089,-0.1366666666666667,1.2056666666666664,5.0,7.703333333333333,85.71999999999997,12.0,0.0,4035.590000000001,0.292,-1.24,0.46799999999999997,0.976,1.06,1.386,3.3,6.82,75.66,1.0,0.0,606.7,-0.052000000000000005,-0.82,0.58,1.408,-1.1600000000000001,1.302,6.0,7.659999999999999,90.6,2.0,0.0,715.82
Sequence_553,TILAEIKNINAD,-0.2025,0.4583333333333333,0.5116666666666666,0.12166666666666666,-0.9833333333333333,0.7324999999999999,3.7083333333333335,9.549999999999999,69.45833333333334,9.0,1.0,1366.44,0.048,0.05999999999999996,0.5599999999999999,0.378,0.34,0.0,3.2,8.78,66.1,2.0,-1.0,547.5500000000001,-0.48600000000000004,1.1400000000000001,0.528,-0.21399999999999997,-1.9799999999999998,1.468,4.4,10.260000000000002,74.96,6.0,2.0,588.66
Sequence_470,FVPYNPPRPYQSKPFPSFPGHGPFNPKIQWPYPLPNPGH,-0.008717948717948723,-0.5820512820512823,0.6917948717948718,1.193076923076923,0.4102564102564102,0.8253846153846153,5.397435897435898,7.364102564102564,90.69999999999997,20.0,1.0,5504.740000000001,0.021999999999999974,-0.8400000000000001,0.708,1.262,0.76,2.12,5.6,6.76,98.32000000000001,3.0,1.0,737.94,-0.378,0.72,0.7200000000000001,0.6500000000000001,-1.42,1.238,6.0,9.1,94.97999999999999,5.0,0.0,737.89
Sequence_540,FFPIIAGMAAKLIPSLFCKITKKC,-0.09291666666666669,-0.35000000000000003,0.5779166666666665,0.5133333333333334,0.04583333333333336,0.4979166666666666,4.166666666666667,8.100000000000001,75.45416666666667,16.0,2.0,2962.3299999999995,0.132,-0.6599999999999999,0.404,0.632,1.22,0.0,2.6,6.94,61.38000000000001,0.0,0.0,541.65,-0.516,0.32,0.516,-0.05999999999999996,-2.4,1.0699999999999998,5.0,9.78,80.08,7.0,1.0,678.71
seq_984,VILIFVKKKAAKPMRQFLRNIYRHWRPKIK,0.04133333333333334,-0.7033333333333335,0.5806666666666664,1.017,-0.1833333333333334,1.0853333333333333,4.8,7.866666666666668,83.66666666666666,12.0,0.0,3969.500000000001,0.292,-1.24,0.46799999999999997,0.976,1.06,1.386,3.3,6.82,75.66,1.0,0.0,606.7,-0.09000000000000001,-0.45999999999999996,0.508,0.9759999999999998,-1.3,0.58,4.8,8.7,78.28000000000002,2.0,0.0,649.73
seq_186,VILIFVKKKAAKPLRQVMRNIYRHWRPKWK,0.047666666666666684,-0.8600000000000001,0.6066666666666664,1.1443333333333332,-0.3266666666666667,1.485,5.15,7.7700000000000005,88.56666666666663,14.0,0.0,4158.710000000001,0.292,-1.24,0.46799999999999997,0.976,1.06,1.386,3.3,6.82,75.66,1.0,0.0,606.7,-0.11800000000000002,-0.9199999999999999,0.648,1.2959999999999998,-1.48,1.592,6.1,8.14,94.26000000000002,3.0,0.0,755.85
Sequence_76,RRRRRRRRGNLWAAQRYGRELRRMSDEFVDSFKK,-0.09558823529411764,-0.25588235294117645,0.5888235294117647,0.7908823529411764,-0.7617647058823527,0.6194117647058823,5.029411764705882,8.291176470588233,80.82058823529414,18.0,-1.0,4352.750000000001,-0.07,0.0,0.36,1.2,-1.6,0.0,5.5,8.0,73.6,0.0,0.0,575.65,-0.332,-0.3,0.6620000000000001,0.21400000000000002,-1.64,0.58,4.6,9.419999999999998,76.53999999999999,5.0,0.0,668.68
Sequence_514,AYPGNGVHCGKYSCTVDKQTAIGNIGNNAA,-0.33466666666666656,0.17000000000000004,0.6109999999999999,0.2989999999999999,-1.333333333333333,1.462,5.183333333333334,9.123333333333335,85.47333333333333,36.0,5.0,4060.4900000000007,-0.148,-0.019999999999999928,0.684,0.7560000000000001,0.10000000000000009,0.984,5.3,8.3,86.03999999999999,4.0,1.0,647.79,-0.47800000000000004,1.04,0.616,-0.003999999999999959,-1.54,1.718,5.0,9.860000000000001,81.02000000000001,6.0,2.0,616.71
seq_1711,VILIFVKKKAAKPYRKVLRNIYRKWRPKWY,0.05300000000000001,-0.9333333333333335,0.6019999999999999,1.151,-0.2566666666666667,1.491,5.116666666666666,7.763333333333334,87.2833333333333,14.0,1.0,4104.68,0.292,-1.24,0.46799999999999997,0.976,1.06,1.386,3.3,6.82,75.66,1.0,0.0,606.7,0.06999999999999999,-1.1199999999999999,0.6599999999999999,1.468,0.0,1.302,5.9,7.24,92.9,2.0,0.0,717.84
Sequence_261,FLGWLFKWAWK,0.03272727272727274,-1.2545454545454546,0.7254545454545457,1.008181818181818,0.18181818181818174,1.757272727272727,5.318181818181818,7.218181818181819,92.30000000000001,7.0,0.0,1593.77,0.166,-1.3399999999999999,0.8080000000000002,1.1119999999999999,1.34,1.262,5.4,6.5200000000000005,95.64,3.0,0.0,710.83,-0.10200000000000001,-1.22,0.664,1.0299999999999998,-1.44,2.604,5.7,8.260000000000002,93.76000000000002,4.0,0.0,761.7900000000001
seq_420,VILIFVKKKAAKPYRQVYRNIYRHWRPRWK,0.05266666666666668,-0.8233333333333334,0.579333333333333,1.1363333333333334,-0.2700000000000001,1.4366666666666668,5.1,7.746666666666667,86.82999999999997,13.0,0.0,4090.6400000000012,0.292,-1.24,0.46799999999999997,0.976,1.06,1.386,3.3,6.82,75.66,1.0,0.0,606.7,-0.052000000000000005,-0.82,0.5800000000000001,1.408,-1.1600000000000001,1.302,6.0,7.659999999999999,90.6,2.0,0.0,715.82
seq_1000,VILIFVKKKAAKPYRKVLRNIYRHWRPRWW,0.03933333333333333,-0.8266666666666668,0.5879999999999997,1.1263333333333334,-0.3966666666666667,1.6053333333333335,5.133333333333334,7.756666666666666,87.46999999999997,14.0,0.0,4120.660000000001,0.292,-1.24,0.46799999999999997,0.976,1.06,1.386,3.3,6.82,75.66,1.0,0.0,606.7,0.031999999999999994,-1.18,0.5800000000000001,1.6,-0.78,2.024,6.2,6.82,95.46000000000001,2.0,0.0,741.8500000000001
seq_833,VILIFVKKKAAKPLRQVYRNIYRHWYPKWK,0.06833333333333337,-0.9000000000000001,0.6126666666666664,1.1410000000000002,-0.12000000000000002,1.485,5.116666666666666,7.733333333333334,88.38666666666663,14.0,0.0,4146.710000000001,0.292,-1.24,0.46799999999999997,0.976,1.06,1.386,3.3,6.82,75.66,1.0,0.0,606.7,0.0040000000000000036,-1.22,0.7280000000000001,1.356,-0.3200000000000002,1.592,6.0,7.720000000000001,96.56000000000002,3.0,0.0,757.87
seq_98,VMLIFVKKKAAKPLRQVYRNIYRKWRPKWR,0.07866666666666669,-1.01,0.6213333333333331,1.259666666666667,-0.11000000000000008,1.4426666666666668,5.316666666666666,7.5233333333333325,89.8233333333333,13.0,1.0,4168.790000000001,0.366,-1.6,0.664,1.356,1.9,1.386,4.3,6.0,88.8,1.0,0.0,662.7999999999998,-0.052000000000000005,-0.82,0.58,1.408,-1.1600000000000001,1.302,6.0,7.659999999999999,90.6,2.0,0.0,715.82
Sequence_24,KWKLFKKIGIGAFLHLAKKF,-0.062499999999999986,-0.5650000000000001,0.6449999999999998,0.6210000000000001,-0.36,0.8764999999999998,4.575,8.41,81.02000000000001,12.0,-1.0,2636.86,-0.0020000000000000087,-1.22,0.748,1.032,-0.14000000000000004,1.592,5.5,7.540000000000001,94.06,3.0,0.0,743.8299999999999,0.04399999999999999,-0.86,0.7120000000000001,0.8460000000000001,0.47999999999999987,0.58,4.6,7.92,81.34,2.0,0.0,651.7299999999999
seq_446,VMLIFVKKKAAKPYRKVLRNIYRKARPKWW,0.05566666666666668,-0.9600000000000002,0.6266666666666665,1.1866666666666668,-0.1966666666666667,1.491,5.2,7.699999999999999,88.38999999999996,14.0,1.0,4132.72,0.366,-1.6,0.664,1.356,1.9,1.386,4.3,6.0,88.8,1.0,0.0,662.7999999999998,-0.03400000000000001,-1.2799999999999998,0.648,1.488,-1.1,2.314,6.3,7.3,99.12,3.0,0.0,781.8800000000001
seq_435,VILIFVKKKAAKPYRQVLRNIYRNWRPKMK,0.04900000000000002,-0.8333333333333334,0.6086666666666665,1.1473333333333333,-0.15666666666666668,1.3963333333333336,5.15,7.726666666666668,88.20999999999998,14.0,2.0,4093.730000000001,0.292,-1.24,0.46799999999999997,0.976,1.06,1.386,3.3,6.82,75.66,1.0,0.0,606.7,-0.016000000000000004,-0.82,0.7040000000000001,1.3559999999999997,-0.46000000000000013,0.58,5.8,7.88,91.42,2.0,0.0,705.8299999999999
Sequence_44,FFPNVASVPGQVLLKKIFCAISKKC,-0.1116,-0.6040000000000001,0.6351999999999998,0.7508,-0.30400000000000005,1.4564000000000001,4.94,7.868,87.704,21.0,3.0,3502.0,-0.078,-0.74,0.68,1.038,0.4200000000000001,2.12,5.2,6.68,94.96,3.0,1.0,741.94,-0.532,0.45999999999999996,0.522,-0.162,-2.4200000000000004,1.0699999999999998,4.6,9.9,76.82000000000001,7.0,1.0,664.6800000000001
seq_465,VMLIFVKKKAAKPYRQVLRNIYRKWRPRIR,0.09433333333333337,-0.9166666666666667,0.5866666666666664,1.2250000000000003,-0.026666666666666738,1.2256666666666665,5.083333333333333,7.536666666666666,86.54999999999997,11.0,1.0,4022.640000000001,0.366,-1.6,0.664,1.356,1.9,1.386,4.3,6.0,88.8,1.0,0.0,662.7999999999998,0.042,-0.26,0.372,1.2,-0.66,0.0,4.6,7.74,70.96,0.0,0.0,569.6700000000001
seq_784,VILIFVKKKAAKPYRKVLRNIYRHWRPKYK,0.03166666666666667,-0.7566666666666667,0.6013333333333332,1.0723333333333334,-0.33000000000000007,1.364666666666667,5.05,7.966666666666668,86.23333333333332,14.0,0.0,4070.6200000000003,0.292,-1.24,0.46799999999999997,0.976,1.06,1.386,3.3,6.82,75.66,1.0,0.0,606.7,-0.014000000000000002,-0.76,0.6599999999999999,1.2759999999999998,-0.38000000000000006,0.58,5.7,8.08,88.04,2.0,0.0,691.81
seq_1552,VMLIFVKKKAAKPMRQVYRNIYRHWRPKWW,0.0676666666666667,-0.9700000000000001,0.6306666666666665,1.2263333333333335,-0.1333333333333334,1.6053333333333335,5.333333333333333,7.516666666666667,91.0033333333333,14.0,0.0,4226.820000000001,0.366,-1.6,0.664,1.356,1.9,1.386,4.3,6.0,88.8,1.0,0.0,662.7999999999998,-0.03400000000000001,-1.2799999999999998,0.648,1.488,-1.1,2.314,6.3,7.3,99.12,3.0,0.0,781.8800000000001
seq_109,VMLIFVKKKAAKPYRQVMRNIYRHWRPKWR,0.06466666666666669,-0.8933333333333334,0.6193333333333332,1.2130000000000003,-0.1433333333333334,1.4366666666666668,5.283333333333333,7.576666666666667,89.5833333333333,13.0,0.0,4160.76,0.366,-1.6,0.664,1.356,1.9,1.386,4.3,6.0,88.8,1.0,0.0,662.7999999999998,-0.052000000000000005,-0.82,0.58,1.408,-1.1600000000000001,1.302,6.0,7.659999999999999,90.6,2.0,0.0,715.82
seq_412,VILIFVKKKAAKPYRQVLRNIYRHWHPKWW,0.04366666666666668,-0.81,0.6099999999999998,1.0976666666666666,-0.3133333333333334,1.6476666666666668,5.15,7.8066666666666675,89.1833333333333,15.0,-1.0,4202.720000000001,0.292,-1.24,0.46799999999999997,0.976,1.06,1.386,3.3,6.82,75.66,1.0,0.0,606.7,-0.144,-0.6799999999999999,0.7120000000000001,1.096,-1.48,2.568,6.2,8.16,101.34,4.0,-1.0,813.8800000000001
seq_1559,VMLIFVKKKAAKPLRQVYRNIYRKICPKMR,0.04400000000000002,-0.8166666666666667,0.6179999999999999,1.1063333333333332,-0.006666666666666747,1.187,5.116666666666666,7.656666666666667,87.86999999999998,15.0,2.0,4071.7200000000007,0.366,-1.6,0.664,1.356,1.9,1.386,4.3,6.0,88.8,1.0,0.0,662.7999999999998,-0.288,-0.12000000000000002,0.7,0.808,-0.7200000000000002,0.78,6.1,7.9,94.86000000000001,5.0,1.0,724.8699999999999
seq_795,VILIFVKKKAAKPLRQVYRNIYRHMRPKIK,0.06966666666666672,-0.7566666666666667,0.5853333333333332,1.0876666666666666,-0.11333333333333334,1.1476666666666666,4.866666666666666,7.853333333333335,84.86666666666665,12.0,0.0,3988.5500000000006,0.292,-1.24,0.46799999999999997,0.976,1.06,1.386,3.3,6.82,75.66,1.0,0.0,606.7,-0.09000000000000001,-0.45999999999999996,0.508,0.9759999999999998,-1.3,0.58,4.8,8.7,78.28000000000002,2.0,0.0,649.73
seq_1112,VMLIFVKKKAAKPYRQVYRNIYRNWRPKWK,0.03800000000000002,-0.9000000000000001,0.6233333333333331,1.1873333333333336,-0.19666666666666666,1.5650000000000004,5.35,7.656666666666667,90.30999999999997,15.0,2.0,4185.830000000001,0.366,-1.6,0.664,1.356,1.9,1.386,4.3,6.0,88.8,1.0,0.0,662.7999999999998,-0.11800000000000002,-0.9199999999999999,0.648,1.2959999999999998,-1.48,1.592,6.1,8.14,94.26000000000002,3.0,0.0,755.85
Sequence_343,MWKWFHNVLSSGQLLADKWWAWWYNWW,-0.01962962962962964,-0.9629629629629631,0.7185185185185183,1.0037037037037042,-0.26666666666666666,2.228518518518519,5.648148148148148,7.574074074074072,96.27407407407406,22.0,1.0,3998.390000000001,0.042,-1.5799999999999998,0.74,1.224,0.1,2.314,5.7,6.640000000000001,98.92,3.0,0.0,769.86,-0.1,-1.0799999999999998,0.708,1.1460000000000001,-0.72,3.7699999999999996,6.6,7.160000000000001,107.75999999999999,5.0,1.0,806.9100000000001
seq_436,VILIFVKKKAAKPMRQVLRNIYRHIRPKWK,0.052333333333333384,-0.7833333333333334,0.5833333333333331,1.091,-0.2966666666666667,1.3163333333333334,4.933333333333334,7.863333333333334,85.90333333333332,13.0,0.0,4052.5900000000006,0.292,-1.24,0.46799999999999997,0.976,1.06,1.386,3.3,6.82,75.66,1.0,0.0,606.7,-0.11800000000000002,-0.9199999999999999,0.648,1.2959999999999998,-1.48,1.592,6.1,8.14,94.26000000000002,3.0,0.0,755.85
Sequence_608,ACDCRGDCFCGGGGIVRRADRAAVP,-0.41960000000000003,0.0999999999999999,0.5887999999999998,0.16639999999999985,-1.7200000000000002,1.1964,5.22,8.988,83.59599999999999,34.0,4.0,3394.7000000000007,-0.796,1.1400000000000001,0.6,-0.5860000000000001,-2.46,0.9800000000000001,5.6,9.74,84.02000000000001,10.0,2.0,684.7399999999999,0.21200000000000002,-1.1400000000000001,0.576,1.5080000000000002,0.6,1.386,4.7,7.0600000000000005,82.38,1.0,0.0,646.76
Sequence_204,FAKALAKLAKKLL,0.18153846153846154,-0.9384615384615386,0.7369230769230769,1.016923076923077,1.1461538461538463,0.4461538461538461,4.538461538461538,7.715384615384617,81.10000000000001,4.0,0.0,1622.8300000000002,0.174,-0.86,0.676,0.852,1.48,0.29,3.9,7.460000000000001,73.48,1.0,0.0,585.66,0.182,-1.02,0.792,1.15,0.8799999999999999,0.58,5.1,7.860000000000001,88.08,2.0,0.0,661.7499999999999
Sequence_290,GQVWEATATVNAIRGSVTPAVSQFNARTAD,-0.054666666666666655,-0.5866666666666666,0.5813333333333333,0.8173333333333334,-0.46333333333333343,1.4206666666666665,4.766666666666667,8.133333333333331,82.63333333333334,22.0,1.0,3975.32,-0.08199999999999999,-0.9999999999999998,0.708,1.0159999999999998,-1.28,2.6479999999999997,5.8,8.059999999999999,104.72,5.0,-1.0,829.87,-0.078,-0.24,0.532,0.492,-0.44000000000000006,0.0,4.1,8.88,65.14,3.0,0.0,544.5500000000001
Sequence_477,HHPHGHHPHGHHPHG,-0.4580000000000001,1.5799999999999996,0.6999999999999998,-0.020000000000000018,-2.4200000000000004,1.0119999999999998,5.4,10.620000000000001,88.30000000000003,15.0,-9.0,2210.2500000000005,-0.458,1.58,0.7000000000000001,-0.020000000000000025,-2.42,1.012,5.4,10.620000000000001,88.3,5.0,-3.0,736.75,-0.458,1.58,0.7000000000000001,-0.020000000000000025,-2.42,1.012,5.4,10.620000000000001,88.3,5.0,-3.0,736.75
seq_1425,VMLIFVKKKAAKPLRQVMRNIYRHWRPKWR,0.07100000000000004,-0.9033333333333334,0.6279999999999999,1.2263333333333335,-0.13333333333333333,1.4366666666666668,5.3,7.553333333333334,90.14666666666663,13.0,0.0,4174.780000000001,0.366,-1.6,0.664,1.356,1.9,1.386,4.3,6.0,88.8,1.0,0.0,662.7999999999998,-0.052000000000000005,-0.82,0.58,1.408,-1.1600000000000001,1.302,6.0,7.659999999999999,90.6,2.0,0.0,715.82
Sequence_672,FITLLLRKFICSITKKC,-0.15647058823529414,-0.20000000000000007,0.5676470588235293,0.37823529411764706,-0.3,0.5441176470588235,4.4411764705882355,8.24705882352941,77.42941176470588,14.0,2.0,2133.3599999999997,0.296,-1.0,0.632,0.9399999999999998,2.08,0.0,3.9,6.7,75.96000000000001,1.0,0.0,577.68,-0.516,0.32,0.516,-0.05999999999999996,-2.4,1.0699999999999998,5.0,9.78,80.08,7.0,1.0,678.71
Sequence_567,GAFGNFLKGVAKKAGLKILSIAQCKLFGTC,-0.1723333333333333,-0.3566666666666667,0.6463333333333331,0.47266666666666673,-0.47000000000000003,0.9666666666666666,4.85,8.43,83.42,28.0,3.0,3989.4100000000003,-0.438,0.38,0.6360000000000001,0.00800000000000003,-1.3199999999999998,1.234,4.9,9.180000000000001,81.08,6.0,1.0,648.73,-0.372,8.881784197001253e-17,0.7000000000000001,0.0959999999999999,-0.34,0.74,5.4,8.059999999999999,88.05999999999999,7.0,1.0,691.79
seq_1627,VMLIFVKKKAAKPYRQVLRNIYRHWRPKMW,0.09133333333333335,-0.9533333333333335,0.6413333333333332,1.2363333333333335,0.05999999999999993,1.4366666666666668,5.283333333333333,7.483333333333333,90.52999999999997,13.0,0.0,4176.8,0.366,-1.6,0.664,1.356,1.9,1.386,4.3,6.0,88.8,1.0,0.0,662.7999999999998,0.068,-1.1800000000000002,0.7040000000000001,1.5479999999999996,-0.08000000000000011,1.302,6.0,7.040000000000001,96.28,2.0,0.0,731.8599999999999
seq_513,VILIFVKKKAAKPMRQVMRNIYRHWRPKWK,0.04100000000000004,-0.8600000000000001,0.6053333333333331,1.1443333333333332,-0.35000000000000003,1.485,5.15,7.760000000000001,88.56666666666663,14.0,0.0,4158.710000000001,0.292,-1.24,0.46799999999999997,0.976,1.06,1.386,3.3,6.82,75.66,1.0,0.0,606.7,-0.11800000000000002,-0.9199999999999999,0.648,1.2959999999999998,-1.48,1.592,6.1,8.14,94.26000000000002,3.0,0.0,755.85
seq_283,VMLIFVKKKAAKPYRQVLRNIYRHWRPKWR,0.07133333333333337,-0.8933333333333334,0.6206666666666665,1.2130000000000003,-0.12000000000000006,1.4366666666666668,5.283333333333333,7.586666666666667,89.5833333333333,13.0,0.0,4160.76,0.366,-1.6,0.664,1.356,1.9,1.386,4.3,6.0,88.8,1.0,0.0,662.7999999999998,-0.052000000000000005,-0.82,0.58,1.408,-1.1600000000000001,1.302,6.0,7.659999999999999,90.6,2.0,0.0,715.82
Sequence_140,FALALKALKKALKKLKKALKKAL,0.13260869565217395,-0.9173913043478261,0.7469565217391301,1.0200000000000002,0.6956521739130439,0.5673913043478259,4.804347826086956,8.004347826086956,83.69565217391305,9.0,0.0,2970.32,0.4,-1.1199999999999999,0.74,1.1039999999999999,3.0200000000000005,0.0,3.8,6.42,75.5,0.0,0.0,561.67,0.182,-1.02,0.792,1.15,0.8799999999999999,0.58,5.1,7.860000000000001,88.08000000000001,2.0,0.0,661.75
Sequence_12,GIGKFLHSAKKWGKAFVGQIMNC,-0.21478260869565216,-0.291304347826087,0.6291304347826085,0.46347826086956523,-0.9913043478260867,1.3121739130434782,4.956521739130435,8.65217391304348,85.39565217391304,22.0,1.0,3161.4300000000003,-0.31599999999999995,-0.22000000000000003,0.536,0.11600000000000002,-1.6200000000000003,0.79,4.3,9.18,75.18,5.0,0.0,643.68,-0.312,0.34,0.608,0.3059999999999999,-0.4400000000000001,1.224,5.4,8.180000000000001,93.28,6.0,2.0,691.8199999999999
seq_1087,VILIFVKKKAAKPLRQVYRNIYRHWRPKIY,0.08400000000000002,-0.8066666666666668,0.5779999999999998,1.1063333333333332,-0.03666666666666669,1.268,4.883333333333334,7.746666666666668,85.1133333333333,12.0,0.0,4000.560000000001,0.292,-1.24,0.46799999999999997,0.976,1.06,1.386,3.3,6.82,75.66,1.0,0.0,606.7,0.098,-0.6599999999999999,0.52,1.148,0.18,0.29,4.6,7.8,76.92,1.0,0.0,611.72
Sequence_123,FIHHIIGGLFSAGKAIHRLIRRRRR,-0.08679999999999996,0.11200000000000003,0.4715999999999999,0.43239999999999995,-0.7600000000000001,0.3604,3.98,8.744,69.55599999999998,11.0,-3.0,2889.040000000001,-0.176,1.0,0.396,-0.22800000000000004,-1.06,0.508,2.8,9.620000000000001,62.06,2.0,-2.0,565.55,-0.07,0.0,0.36,1.2,-1.6,0.0,5.5,8.0,73.6,0.0,0.0,575.65
Sequence_37,GIGAVLKVLTTGLPALISWIKRKRQQ,0.08115384615384615,-0.9615384615384617,0.607307692307692,1.0557692307692308,-0.026923076923077032,1.0392307692307692,4.9423076923076925,7.776923076923075,85.53461538461539,15.0,0.0,3474.8500000000004,-0.11999999999999995,-0.7,0.516,0.5660000000000001,-1.3000000000000003,1.886,4.4,8.7,80.74000000000001,5.0,0.0,660.7,0.13599999999999998,-1.1,0.5640000000000001,1.528,-0.16000000000000014,0.29,6.0,7.359999999999999,93.38,1.0,0.0,715.8
seq_915,VILIFVKKKAAKPLRQVMRNIHRHWRPKWR,0.02000000000000001,-0.6933333333333335,0.5926666666666665,1.0876666666666668,-0.53,1.479,5.133333333333334,7.903333333333334,87.94333333333331,14.0,-1.0,4148.660000000001,0.292,-1.24,0.46799999999999997,0.976,1.06,1.386,3.3,6.82,75.66,1.0,0.0,606.7,-0.052000000000000005,-0.82,0.58,1.408,-1.1600000000000001,1.302,6.0,7.659999999999999,90.6,2.0,0.0,715.82
Sequence_251,FALALKALKKLLKKLKKLAKKAL,0.15347826086956526,-0.9739130434782611,0.7686956521739127,1.0734782608695654,0.81304347826087,0.5673913043478259,4.934782608695652,7.878260869565218,85.84347826086957,9.0,0.0,3012.4000000000005,0.4,-1.1199999999999999,0.74,1.1039999999999999,3.0200000000000005,0.0,3.8,6.42,75.5,0.0,0.0,561.67,0.086,-0.76,0.692,0.9039999999999999,0.33999999999999986,0.58,4.5,8.440000000000001,78.2,2.0,0.0,619.67
seq_935,VMLIFVKKKAAKPYRQVLRNIYRHIRPKWR,0.07600000000000003,-0.8166666666666668,0.5973333333333332,1.1596666666666666,-0.09000000000000007,1.268,5.066666666666666,7.680000000000001,86.91999999999999,12.0,0.0,4054.640000000001,0.366,-1.6,0.664,1.356,1.9,1.386,4.3,6.0,88.8,1.0,0.0,662.7999999999998,-0.052000000000000005,-0.82,0.58,1.408,-1.1600000000000001,1.302,6.0,7.659999999999999,90.6,2.0,0.0,715.82
seq_1251,VILIFVKKKAAKPLRQVYRNIYRHWRPKWQ,0.08166666666666669,-0.9166666666666667,0.5993333333333332,1.1863333333333332,-0.11333333333333334,1.4366666666666668,5.15,7.63,88.73666666666664,13.0,0.0,4154.72,0.292,-1.24,0.46799999999999997,0.976,1.06,1.386,3.3,6.82,75.66,1.0,0.0,606.7,0.08399999999999999,-1.3199999999999998,0.648,1.6280000000000001,-0.2800000000000001,1.302,6.2,7.1,98.66000000000001,2.0,0.0,765.8800000000001
seq_1141,VILIFVKKKAAKPLRQVLRNIYRHWRPKYK,0.07166666666666671,-0.8333333333333335,0.6099999999999998,1.1409999999999998,-0.12000000000000005,1.3163333333333334,5.083333333333333,7.7700000000000005,87.52999999999997,13.0,0.0,4094.6700000000005,0.292,-1.24,0.46799999999999997,0.976,1.06,1.386,3.3,6.82,75.66,1.0,0.0,606.7,-0.014000000000000002,-0.76,0.6599999999999999,1.2759999999999998,-0.38000000000000006,0.58,5.7,8.08,88.04,2.0,0.0,691.81
Sequence_18,TESYFVFSVGM,-0.019999999999999976,-0.7909090909090909,0.670909090909091,0.770909090909091,0.17272727272727273,1.3736363636363635,4.545454545454546,7.554545454545456,84.87272727272727,8.0,-1.0,1507.65,-0.11599999999999996,0.07999999999999999,0.634,0.242,0.34,0.0,3.7,8.440000000000001,69.58000000000001,3.0,-1.0,595.61,-0.0019999999999999797,-1.14,0.702,0.9339999999999999,0.21999999999999992,1.636,4.9,7.1,90.06,4.0,0.0,707.8
seq_768,VMIIFVKKKVAKPYRKVYRNIYRHWRPKMK,0.022333333333333313,-0.8533333333333334,0.6046666666666665,1.1366666666666667,-0.4666666666666667,1.595666666666667,5.2,7.856666666666668,88.99333333333331,15.0,0.0,4185.770000000001,0.252,-1.24,0.45999999999999996,0.976,0.9199999999999999,1.386,3.3,6.76,75.66,1.0,0.0,606.6999999999999,-0.016000000000000004,-0.82,0.7040000000000001,1.3559999999999997,-0.46000000000000013,0.58,5.8,7.88,91.42,2.0,0.0,705.8299999999999
Sequence_362,GVPICGETCVGGTCNTPGCSCSWPVCTRN,-0.5575862068965517,0.3655172413793104,0.6262068965517239,0.13310344827586204,-2.086206896551724,1.8668965517241383,5.844827586206897,8.979310344827583,93.16206896551722,49.0,7.0,4319.83,-0.33199999999999996,-0.3,0.5680000000000001,0.5359999999999998,-1.48,2.126,5.4,8.22,93.64000000000001,7.0,1.0,748.8700000000001,-0.548,0.44000000000000006,0.584,0.32999999999999996,-2.3200000000000003,2.61,6.4,8.76,98.88,8.0,2.0,758.8800000000001
Sequence_584,GLFGVLGSIAKHVLPHVVPVIAEKL,0.0424,-0.796,0.6755999999999999,1.0012,-0.22400000000000006,1.7535999999999998,4.94,7.92,90.88400000000001,17.0,-3.0,3574.99,-0.04799999999999997,-1.16,0.74,0.8880000000000001,-0.18,1.886,5.5,7.42,97.02000000000001,5.0,0.0,748.86,0.0040000000000000036,0.039999999999999994,0.6,0.40199999999999997,-0.16000000000000014,0.29,3.4,9.14,70.24000000000001,2.0,-1.0,583.5899999999999
Sequence_622,FAKLLAKALKLKL,0.21846153846153846,-1.0384615384615385,0.7753846153846153,1.1115384615384616,1.353846153846154,0.4461538461538461,4.769230769230769,7.492307692307694,84.9,4.0,0.0,1664.9100000000003,0.26999999999999996,-1.1199999999999999,0.776,1.098,2.02,0.29,4.5,6.88,83.36,1.0,0.0,627.7399999999999,0.278,-1.2799999999999998,0.8920000000000001,1.3959999999999997,1.42,0.58,5.7,7.280000000000001,97.96,2.0,0.0,703.8299999999999
seq_63,VMLIFVKKKAAKPLRQVLRNIYRHIRPKMK,0.08833333333333336,-0.8266666666666667,0.6266666666666665,1.164333333333333,0.036666666666666625,1.1476666666666666,5.05,7.693333333333334,87.61999999999999,12.0,0.0,4058.670000000001,0.366,-1.6,0.664,1.356,1.9,1.386,4.3,6.0,88.8,1.0,0.0,662.7999999999998,-0.016000000000000004,-0.82,0.7040000000000001,1.3559999999999997,-0.46000000000000013,0.58,5.8,7.88,91.42,2.0,0.0,705.8299999999999
seq_668,VMLIFVKKKAAKPYRQVYRNIYRHWRPKIW,0.07266666666666668,-0.8833333333333334,0.5999999999999998,1.1596666666666668,-0.08999999999999998,1.4366666666666668,5.1,7.6433333333333335,87.77666666666664,13.0,0.0,4106.68,0.366,-1.6,0.664,1.356,1.9,1.386,4.3,6.0,88.8,1.0,0.0,662.7999999999998,-0.006000000000000004,-0.82,0.508,1.168,-0.9200000000000002,1.302,5.0,7.860000000000001,83.14000000000001,2.0,0.0,675.76
seq_1025,VILIFVKKKAAKPLRQFLRNIYRHWRPKMK,0.060333333333333364,-0.7633333333333335,0.6146666666666665,1.0803333333333331,-0.020000000000000018,1.0853333333333333,4.966666666666667,7.74,85.85666666666664,12.0,0.0,4025.600000000001,0.292,-1.24,0.46799999999999997,0.976,1.06,1.386,3.3,6.82,75.66,1.0,0.0,606.7,-0.016000000000000004,-0.82,0.7040000000000001,1.3559999999999997,-0.46000000000000013,0.58,5.8,7.88,91.42,2.0,0.0,705.8299999999999
Sequence_260,KAFDITYVRLKF,0.03666666666666667,-0.8666666666666667,0.605,0.8191666666666668,0.16666666666666666,0.8191666666666665,4.5,7.800000000000001,79.35833333333333,6.0,0.0,1535.7100000000003,-0.118,-0.36,0.5199999999999999,0.21799999999999997,-0.56,0.29,3.4,8.92,64.96000000000001,3.0,0.0,572.5899999999999,0.134,-1.34,0.68,1.3439999999999999,0.25999999999999995,1.6759999999999997,5.4,6.9,94.24,2.0,0.0,726.8499999999999
Sequence_127,GLLSVLGSVVKHVIPHVVPVIAEHL,0.06880000000000001,-0.8639999999999999,0.6791999999999999,1.1204,-0.37200000000000005,2.2508,5.12,7.832000000000001,95.20000000000002,18.0,-4.0,3724.1400000000003,0.176,-1.3,0.79,1.238,0.76,1.636,5.4,7.1,96.8,4.0,0.0,717.82,-0.039999999999999994,0.74,0.596,0.12199999999999997,-0.21999999999999992,0.254,3.2,9.520000000000001,68.8,2.0,-2.0,575.56
seq_1382,VIIIFVKKKAAKPLRQVLRNIYRHIRPKMK,0.057000000000000016,-0.7066666666666668,0.5599999999999998,1.0376666666666665,-0.2666666666666667,1.1476666666666666,4.716666666666667,7.956666666666667,83.24,12.0,0.0,3946.470000000001,0.17800000000000002,-0.8800000000000001,0.26399999999999996,0.596,0.07999999999999999,1.386,2.3,7.58,62.52,1.0,0.0,550.6,-0.016000000000000004,-0.82,0.7040000000000001,1.3559999999999997,-0.46000000000000013,0.58,5.8,7.88,91.42,2.0,0.0,705.8299999999999
Sequence_411,FLPIIAGVAAKVLPKIFCAISKKC,-0.06791666666666665,-0.5208333333333334,0.5704166666666665,0.6412500000000001,-0.18750000000000008,1.0754166666666665,4.291666666666667,8.095833333333333,78.86666666666667,17.0,2.0,3088.46,0.26999999999999996,-0.82,0.484,0.9359999999999999,1.6199999999999999,0.0,3.1,6.88,68.12,0.0,0.0,551.67,-0.532,0.45999999999999996,0.522,-0.162,-2.4200000000000004,1.0699999999999998,4.6,9.9,76.82000000000001,7.0,1.0,664.6800000000001
seq_1320,VMLIFVKKKAAKPLRKVYRNIYRHWCPKWY,0.0016666666666666867,-0.7766666666666667,0.6446666666666665,1.0576666666666668,-0.2233333333333334,1.5666666666666669,5.316666666666666,7.773333333333334,90.41666666666664,18.0,1.0,4211.82,0.366,-1.6,0.664,1.356,1.9,1.386,4.3,6.0,88.8,1.0,0.0,662.7999999999998,-0.26799999999999996,-0.5199999999999999,0.724,0.808,-0.5800000000000001,1.7920000000000003,6.3,7.74,100.0,6.0,1.0,776.91
Sequence_253,FLGALFHALSKLL,0.17384615384615382,-0.6923076923076923,0.7669230769230768,0.8669230769230768,1.5461538461538462,0.30538461538461537,4.5,7.353846153846154,82.53846153846153,5.0,-1.0,1629.8600000000001,0.21200000000000002,-0.9799999999999999,0.772,0.9259999999999998,1.9600000000000002,0.25,4.5,6.9,82.92,2.0,0.0,618.73,0.30599999999999994,-1.1199999999999999,0.858,1.27,1.9,0.29,5.1,7.039999999999999,90.56,2.0,0.0,653.7599999999999
Sequence_398,FAKKLAKKLKKLAKKLAK,0.019999999999999987,-0.8166666666666668,0.7266666666666665,0.9122222222222223,-0.06111111111111124,0.7249999999999999,4.944444444444445,8.461111111111112,84.10000000000001,9.0,0.0,2398.63,0.044,-0.86,0.712,0.8460000000000001,0.47999999999999987,0.58,4.6,7.92,81.34,2.0,0.0,651.7299999999999,-0.04400000000000002,-0.76,0.728,0.8979999999999999,-0.6600000000000001,0.8699999999999999,5.2,8.9,86.06000000000002,3.0,0.0,685.74
Sequence_575,LGQSAASAHHAYIVLAIENSFMTASKKK,-0.02857142857142857,-0.18928571428571428,0.6114285714285712,0.5525000000000001,-3.172065784643304e-17,0.6692857142857143,4.089285714285714,8.567857142857143,74.85714285714288,16.0,-2.0,3410.5800000000004,0.128,-0.86,0.6900000000000002,0.9319999999999998,0.96,0.25,4.7,7.639999999999999,82.62,3.0,0.0,636.69,-0.242,-0.33999999999999997,0.6300000000000001,0.52,-1.7200000000000002,0.8699999999999999,4.7,9.7,76.64000000000001,4.0,0.0,659.66
seq_1094,VMLMFVKKKAAKPLRQVLRNIYRHWRPKWR,0.09000000000000005,-0.9633333333333335,0.6619999999999997,1.2896666666666667,0.02999999999999982,1.4366666666666668,5.466666666666667,7.426666666666667,92.33666666666663,13.0,0.0,4230.880000000001,0.44000000000000006,-1.9600000000000002,0.86,1.7360000000000002,2.7399999999999998,1.386,5.3,5.18,101.94,1.0,0.0,718.8999999999999,-0.052000000000000005,-0.82,0.58,1.408,-1.1600000000000001,1.302,6.0,7.659999999999999,90.6,2.0,0.0,715.82
Sequence_395,GLPICGETCVGGTCNTPGCSCSWPVCTRN,-0.5451724137931034,0.42068965517241375,0.6372413793103446,0.1089655172413793,-1.9,1.6279310344827587,5.793103448275862,8.972413793103446,92.01034482758618,48.0,7.0,4246.759999999999,-0.25999999999999995,0.019999999999999928,0.6320000000000001,0.396,-0.4,0.74,5.1,8.18,86.96,6.0,1.0,675.8,-0.548,0.44000000000000006,0.584,0.32999999999999996,-2.3200000000000003,2.61,6.4,8.76,98.88,8.0,2.0,758.8800000000001
seq_1607,VILIFVKKKAAKPYRKVYRNIYRHWRPKWW,0.022000000000000002,-0.8333333333333335,0.5906666666666663,1.0943333333333336,-0.46000000000000013,1.6536666666666668,5.133333333333334,7.86,87.51666666666664,15.0,0.0,4146.67,0.292,-1.24,0.46799999999999997,0.976,1.06,1.386,3.3,6.82,75.66,1.0,0.0,606.7,-0.03400000000000001,-1.2799999999999998,0.648,1.488,-1.1,2.314,6.3,7.3,99.12,3.0,0.0,781.8800000000001
seq_199,VMLIFVKKKAAKPLRKVLRNIYRHWRPKIR,0.048666666666666664,-0.76,0.6059999999999999,1.1176666666666668,-0.2800000000000001,1.3163333333333334,5.066666666666666,7.83,86.74999999999999,13.0,0.0,4058.6300000000006,0.366,-1.6,0.664,1.356,1.9,1.386,4.3,6.0,88.8,1.0,0.0,662.7999999999998,-0.024000000000000004,-0.36,0.44000000000000006,1.0879999999999999,-0.9800000000000001,0.29,4.7,8.22,74.62,1.0,0.0,609.7
Sequence_548,KWKKLLKKPPPLLKKLLKKL,0.1155,-1.1650000000000003,0.8239999999999998,1.3929999999999998,0.355,0.9054999999999997,5.875,7.665000000000002,97.52000000000001,10.0,0.0,2943.45,-0.09000000000000004,-1.1199999999999999,0.764,1.084,-1.28,1.8820000000000001,6.1,8.52,98.78,4.0,0.0,777.8399999999999,0.278,-1.2799999999999998,0.8920000000000001,1.3959999999999997,1.42,0.58,5.7,7.280000000000001,97.96,2.0,0.0,703.8299999999999
Sequence_22,GMWSKILGHLKR,-0.07999999999999997,-0.4166666666666666,0.6708333333333334,0.7158333333333333,-0.6833333333333335,0.9774999999999999,5.125,8.483333333333334,86.24166666666667,9.0,-1.0,1619.7399999999998,-0.15999999999999998,-0.82,0.7180000000000002,0.786,-1.0,1.552,5.5,8.24,90.93999999999998,5.0,0.0,718.76,-0.21000000000000002,0.18000000000000002,0.688,0.5519999999999999,-1.4600000000000002,0.7939999999999999,5.6,9.28,88.38,4.0,-1.0,694.7399999999999
seq_999,VILIFVKKKAAKPYRQVLRNIYRHIRPKMK,0.06966666666666671,-0.7566666666666666,0.585333333333333,1.0876666666666666,-0.11333333333333334,1.1476666666666666,4.866666666666666,7.853333333333335,84.86666666666665,12.0,0.0,3988.550000000001,0.292,-1.24,0.46799999999999997,0.976,1.06,1.386,3.3,6.82,75.66,1.0,0.0,606.7,-0.016000000000000004,-0.82,0.7040000000000001,1.3559999999999997,-0.46000000000000013,0.58,5.8,7.88,91.42,2.0,0.0,705.8299999999999
seq_1672,VILIFVKKKAAKPLRQVYRNVYRHIRPKWY,0.09100000000000004,-0.92,0.6013333333333332,1.1930000000000003,-0.05333333333333332,1.499,5.1,7.626666666666668,88.41666666666666,13.0,0.0,4129.7300000000005,0.292,-1.24,0.46799999999999997,0.976,1.06,1.386,3.3,6.82,75.66,1.0,0.0,606.7,0.06999999999999999,-1.1199999999999999,0.6599999999999999,1.468,0.0,1.302,5.9,7.24,92.9,2.0,0.0,717.84
seq_536,VILIFVKKKAAKPYRKVLRNIYRHWRPKWR,0.025333333333333333,-0.7666666666666668,0.5879999999999997,1.0943333333333336,-0.4600000000000001,1.485,5.1,7.8966666666666665,86.65999999999998,14.0,0.0,4094.6300000000006,0.292,-1.24,0.46799999999999997,0.976,1.06,1.386,3.3,6.82,75.66,1.0,0.0,606.7,-0.052000000000000005,-0.82,0.58,1.408,-1.1600000000000001,1.302,6.0,7.659999999999999,90.6,2.0,0.0,715.82
Sequence_312,ATCDLLSKWNWNHTACAGHCIAKGFKGGYCNDKAVCVCRN,-0.45750000000000013,0.3674999999999999,0.6477499999999998,0.09399999999999996,-1.6824999999999999,1.6675000000000004,5.4875,9.2125,88.82499999999997,57.0,8.0,5644.179999999999,-0.32,0.10000000000000005,0.696,0.07799999999999993,-0.4800000000000001,0.49000000000000005,5.1,8.8,82.12,7.0,1.0,645.6999999999999,-0.8640000000000001,1.1199999999999999,0.62,-0.194,-3.08,3.0999999999999996,6.9,9.14,106.46000000000001,11.0,3.0,813.96
seq_500,VILIFVKKKAAKPYRQVLRNIYRHIRPKWY,0.08400000000000005,-0.8066666666666666,0.5779999999999998,1.1063333333333332,-0.03666666666666665,1.268,4.883333333333334,7.746666666666668,85.1133333333333,12.0,0.0,4000.5600000000013,0.292,-1.24,0.46799999999999997,0.976,1.06,1.386,3.3,6.82,75.66,1.0,0.0,606.7,0.06999999999999999,-1.1199999999999999,0.6599999999999999,1.468,0.0,1.302,5.9,7.24,92.9,2.0,0.0,717.84
seq_1670,VILIFVKKKAAKPMRQVLRNIYRHWRPKMW,0.07866666666666669,-0.9033333333333335,0.6159999999999998,1.1863333333333332,-0.09333333333333335,1.4366666666666668,5.133333333333334,7.586666666666668,88.9033333333333,13.0,0.0,4134.72,0.292,-1.24,0.46799999999999997,0.976,1.06,1.386,3.3,6.82,75.66,1.0,0.0,606.7,0.068,-1.1800000000000002,0.7040000000000001,1.5479999999999996,-0.08000000000000011,1.302,6.0,7.040000000000001,96.28,2.0,0.0,731.8599999999999
seq_1154,VILIFVKKKAAKPLRQVYRNIYRHWRPKMW,0.07900000000000001,-0.8933333333333334,0.6086666666666665,1.1730000000000003,-0.08000000000000002,1.4366666666666668,5.116666666666666,7.620000000000001,88.33999999999996,13.0,0.0,4120.700000000001,0.292,-1.24,0.46799999999999997,0.976,1.06,1.386,3.3,6.82,75.66,1.0,0.0,606.7,0.068,-1.1800000000000002,0.7040000000000001,1.5479999999999996,-0.08000000000000011,1.302,6.0,7.040000000000001,96.28,2.0,0.0,731.8599999999999
Sequence_377,ATCDLASGFGVGSSLCAAHCIARRYRGGYCNSKAVCVCRN,-0.35050000000000003,0.19249999999999998,0.6109999999999999,0.21999999999999997,-1.13,1.2950000000000002,5.1125,8.7825,83.78499999999997,50.0,7.0,5342.860000000001,-0.32,0.10000000000000005,0.696,0.07799999999999993,-0.4800000000000001,0.49000000000000005,5.1,8.8,82.12,7.0,1.0,645.6999999999999,-0.8640000000000001,1.1199999999999999,0.62,-0.194,-3.08,3.0999999999999996,6.9,9.14,106.46000000000001,11.0,3.0,813.96
Sequence_446,KLAKKLAKLAKLAKAL,0.15625,-0.9062500000000001,0.7437499999999998,1.043125,0.7687499999999999,0.54375,4.75,8.05625,82.77499999999999,6.0,0.0,2032.26,-0.04400000000000002,-0.76,0.7280000000000001,0.898,-0.6600000000000001,0.8699999999999999,5.2,8.9,86.05999999999999,3.0,0.0,685.7399999999999,0.312,-1.02,0.756,1.156,1.8799999999999997,0.29,4.4,7.400000000000001,80.22,1.0,0.0,595.68
Sequence_670,PAWFKARRWAWRMLKKAA,0.0811111111111111,-0.9333333333333333,0.6266666666666666,1.1250000000000002,0.18888888888888883,1.085,4.888888888888889,7.533333333333335,82.11666666666669,6.0,0.0,2332.5900000000006,0.03400000000000001,-1.1199999999999999,0.664,1.138,0.34,1.302,4.9,7.18,85.34,2.0,0.0,695.8,0.086,-0.76,0.692,0.9040000000000001,0.33999999999999997,0.58,4.5,8.440000000000001,78.20000000000002,2.0,0.0,619.6700000000001
seq_1521,VMLIFVKKKAAKPLRKVYRNVYRHIRPKIW,0.05700000000000001,-0.8633333333333333,0.6086666666666665,1.151,-0.2666666666666667,1.5473333333333334,5.1,7.7666666666666675,88.24666666666666,14.0,0.0,4133.72,0.366,-1.6,0.664,1.356,1.9,1.386,4.3,6.0,88.8,1.0,0.0,662.7999999999998,-0.006000000000000004,-0.82,0.508,1.168,-0.9200000000000002,1.302,5.0,7.860000000000001,83.14000000000001,2.0,0.0,675.76
Sequence_274,KWKLFKKALKKLKKALKKAL,0.022999999999999986,-0.9400000000000001,0.7489999999999998,0.9945000000000002,-0.14500000000000016,0.9779999999999998,5.25,8.3,88.56500000000001,11.0,0.0,2777.0600000000004,-0.0020000000000000087,-1.22,0.748,1.032,-0.14000000000000004,1.592,5.5,7.540000000000001,94.06,3.0,0.0,743.8299999999999,0.182,-1.02,0.792,1.15,0.8799999999999999,0.58,5.1,7.860000000000001,88.08000000000001,2.0,0.0,661.75
Sequence_92,KLAKLAKKLAKLAK,0.10857142857142857,-0.8714285714285716,0.7399999999999999,1.0085714285714287,0.4285714285714285,0.6214285714285713,4.857142857142857,8.257142857142858,83.55714285714285,6.0,0.0,1812.0,0.182,-1.02,0.792,1.15,0.8799999999999999,0.58,5.1,7.860000000000001,88.08,2.0,0.0,661.7499999999999,0.086,-0.76,0.692,0.9039999999999999,0.33999999999999986,0.58,4.5,8.44,78.2,2.0,0.0,619.67
seq_226,VILIFVKKKAAKPLRQVYRNIYRKWRPKWK,0.05533333333333338,-0.9666666666666668,0.5999999999999998,1.1776666666666669,-0.30333333333333334,1.491,5.166666666666667,7.74,88.24333333333331,14.0,1.0,4152.72,0.292,-1.24,0.46799999999999997,0.976,1.06,1.386,3.3,6.82,75.66,1.0,0.0,606.7,-0.11800000000000002,-0.9199999999999999,0.648,1.2959999999999998,-1.48,1.592,6.1,8.14,94.26000000000002,3.0,0.0,755.85
Sequence_306,FIHHIFRGIVHAGRSIGRFLTG,-0.14363636363636362,0.045454545454545456,0.4986363636363635,0.3309090909090908,-0.8863636363636364,0.7154545454545453,4.068181818181818,8.72272727272727,72.72272727272728,14.0,-3.0,2683.82,-0.176,1.0,0.396,-0.22800000000000004,-1.06,0.508,2.8,9.620000000000001,62.06,2.0,-2.0,565.55,-0.03399999999999999,-0.5999999999999999,0.636,0.756,0.24000000000000005,0.25,5.0,7.56,80.96,3.0,0.0,632.72
seq_945,VILIFVKKKAAKPMRQVMRNIHRHWRPKWW,0.016333333333333366,-0.7700000000000001,0.6026666666666665,1.101,-0.5433333333333334,1.6476666666666668,5.183333333333334,7.833333333333333,89.3633333333333,15.0,-1.0,4214.72,0.292,-1.24,0.46799999999999997,0.976,1.06,1.386,3.3,6.82,75.66,1.0,0.0,606.7,-0.03400000000000001,-1.2799999999999998,0.648,1.488,-1.1,2.314,6.3,7.3,99.12,3.0,0.0,781.8800000000001
Sequence_252,VALALKALKKLAKKLKKLAKKAL,0.14695652173913046,-1.0217391304347827,0.7504347826086954,1.116521739130435,0.547826086956522,0.8686956521739128,4.978260869565218,8.0,86.61304347826089,10.0,0.0,3053.4100000000003,0.466,-1.6,0.756,1.548,2.34,1.386,4.6,6.3999999999999995,88.92,1.0,0.0,644.76,0.086,-0.76,0.692,0.9039999999999999,0.33999999999999986,0.58,4.5,8.440000000000001,78.2,2.0,0.0,619.67
seq_1152,VILIFVKKKAAKPYRKVYRNIYRHIRPKWQ,0.04633333333333333,-0.7633333333333334,0.5673333333333331,1.0643333333333334,-0.29333333333333333,1.3163333333333334,4.9,7.920000000000001,84.77666666666664,13.0,0.0,4024.5500000000006,0.292,-1.24,0.46799999999999997,0.976,1.06,1.386,3.3,6.82,75.66,1.0,0.0,606.7,0.08399999999999999,-1.3199999999999998,0.648,1.6280000000000001,-0.2800000000000001,1.302,6.2,7.1,98.66000000000001,2.0,0.0,765.8800000000001
seq_1495,VILIFVKKKAAKPYRQVYRNIYRHWCPKWW,-0.0006666666666666424,-0.8,0.601333333333333,1.0396666666666667,-0.35666666666666674,1.6870000000000003,5.216666666666667,7.77,89.43333333333331,18.0,1.0,4215.77,0.292,-1.24,0.46799999999999997,0.976,1.06,1.386,3.3,6.82,75.66,1.0,0.0,606.7,-0.372,-0.6799999999999999,0.7120000000000001,0.8280000000000001,-1.6800000000000002,2.804,6.7,7.800000000000002,106.22,7.0,1.0,840.95
Sequence_400,FLGMIPGLIGGLISAFK,0.02176470588235296,-0.6117647058823529,0.6194117647058821,0.6588235294117648,0.3999999999999999,0.37941176470588234,4.176470588235294,7.876470588235295,77.02352941176471,10.0,0.0,2075.34,0.15400000000000003,-0.8799999999999999,0.66,0.7919999999999999,1.38,0.25,4.1,7.0200000000000005,79.66,2.0,0.0,604.71,-0.042,-0.33999999999999997,0.47400000000000003,0.34,-0.020000000000000108,0.29,3.0,8.44,60.8,2.0,0.0,545.56
Sequence_385,CHHNLAHAC,-0.5833333333333334,1.6888888888888889,0.6822222222222221,-0.42333333333333345,-1.7,1.3755555555555554,5.277777777777778,10.066666666666668,87.17777777777779,13.0,0.0,1245.33,-0.6739999999999999,2.04,0.748,-0.4580000000000001,-2.18,1.732,6.0,10.320000000000002,97.12,8.0,0.0,745.8199999999999,-0.22999999999999998,0.64,0.684,0.07599999999999998,0.019999999999999928,0.744,4.6,8.84,80.2,5.0,0.0,630.6800000000001
Sequence_630,FAKKLAKKLKKLAKKLIGAVLKV,0.056521739130434775,-1.0043478260869565,0.703478260869565,1.0130434782608697,-0.10000000000000009,1.2243478260869565,5.0,8.165217391304349,87.50434782608697,13.0,0.0,3159.5,0.044,-0.86,0.712,0.8460000000000001,0.47999999999999987,0.58,4.6,7.92,81.34,2.0,0.0,651.7299999999999,0.264,-1.92,0.7280000000000001,1.682,0.26000000000000006,3.062,5.6,6.9,103.46,3.0,0.0,783.9
Sequence_35,FAKLLAKLAKKAA,0.14461538461538462,-0.8384615384615385,0.6984615384615385,0.9223076923076923,0.9384615384615387,0.4461538461538461,4.3076923076923075,7.938461538461539,77.30000000000001,4.0,0.0,1580.7499999999998,0.26999999999999996,-1.1199999999999999,0.776,1.098,2.02,0.29,4.5,6.88,83.36,1.0,0.0,627.7399999999999,-0.010000000000000009,-0.5,0.592,0.658,-0.20000000000000012,0.58,3.9,9.02,68.32000000000001,2.0,0.0,577.59
seq_1319,VILIFVKKKAAKPYRKVYRNIYRHWRPKMW,0.039,-0.8166666666666668,0.5999999999999998,1.1043333333333334,-0.2900000000000001,1.485,5.083333333333333,7.816666666666667,87.04333333333331,14.0,0.0,4096.650000000001,0.292,-1.24,0.46799999999999997,0.976,1.06,1.386,3.3,6.82,75.66,1.0,0.0,606.7,0.068,-1.1800000000000002,0.7040000000000001,1.5479999999999996,-0.08000000000000011,1.302,6.0,7.040000000000001,96.28,2.0,0.0,731.8599999999999
seq_579,VMLIFVKKKAAKPLRQFMRNIYRHWHPKWR,0.04166666666666667,-0.7233333333333334,0.6359999999999998,1.087,-0.08333333333333327,1.248,5.15,7.7,88.27999999999996,13.0,-1.0,4123.6900000000005,0.366,-1.6,0.664,1.356,1.9,1.386,4.3,6.0,88.8,1.0,0.0,662.7999999999998,-0.162,-0.21999999999999997,0.644,1.016,-1.5400000000000003,1.5559999999999998,5.9,8.52,92.82000000000001,3.0,-1.0,747.82
seq_1718,VILIFVKKKAAKPYRQFYRNIYRHWCPRIK,-0.00999999999999998,-0.5666666666666667,0.5639999999999998,0.8989999999999999,-0.2233333333333333,1.1186666666666667,4.816666666666666,7.926666666666667,83.1133333333333,15.0,1.0,3960.500000000001,0.292,-1.24,0.46799999999999997,0.976,1.06,1.386,3.3,6.82,75.66,1.0,0.0,606.7,-0.362,0.24,0.5039999999999999,0.42799999999999994,-1.56,0.78,5.1,8.72,81.72,5.0,1.0,668.7699999999999
seq_1714,VMLIFVKKKAAKPYRQVYRNIYRHWRPKWK,0.05400000000000002,-0.9000000000000001,0.6233333333333331,1.1810000000000003,-0.1833333333333333,1.485,5.283333333333333,7.69,89.62999999999997,14.0,0.0,4186.77,0.366,-1.6,0.664,1.356,1.9,1.386,4.3,6.0,88.8,1.0,0.0,662.7999999999998,-0.11800000000000002,-0.9199999999999999,0.648,1.2959999999999998,-1.48,1.592,6.1,8.14,94.26000000000002,3.0,0.0,755.85
Sequence_436,DFASCHTNGGICLPNRCPGHMIQIGICFRPRVKCCRSW,-0.3886842105263158,0.32894736842105254,0.5836842105263156,0.21500000000000005,-1.3526315789473684,1.1321052631578947,5.184210526315789,8.74473684210526,85.07894736842104,46.0,6.0,5185.800000000001,-0.47400000000000003,0.4,0.622,-0.328,-0.9,0.49000000000000005,4.2,8.98,72.12,7.0,1.0,621.6500000000001,-0.7659999999999999,0.8,0.5900000000000001,-0.278,-2.54,1.9920000000000002,6.1,8.88,92.57999999999998,10.0,2.0,749.81
seq_1024,VILIFVKKKAAKPLRQVYRNWYRHWRPKWK,0.043333333333333356,-0.9266666666666669,0.6226666666666664,1.1843333333333337,-0.3433333333333334,1.653666666666667,5.35,7.71,90.66666666666664,15.0,0.0,4250.81,0.292,-1.24,0.46799999999999997,0.976,1.06,1.386,3.3,6.82,75.66,1.0,0.0,606.7,-0.11800000000000002,-0.9199999999999999,0.648,1.2959999999999998,-1.48,1.592,6.1,8.14,94.26000000000002,3.0,0.0,755.85
seq_895,VILIFVKKKAAKPYRQVLRNIYRHWRPKYK,0.06533333333333337,-0.8233333333333334,0.6013333333333332,1.1276666666666666,-0.13,1.3163333333333334,5.066666666666666,7.793333333333335,86.96666666666664,13.0,0.0,4080.650000000001,0.292,-1.24,0.46799999999999997,0.976,1.06,1.386,3.3,6.82,75.66,1.0,0.0,606.7,-0.014000000000000002,-0.76,0.6599999999999999,1.2759999999999998,-0.38000000000000006,0.58,5.7,8.08,88.04,2.0,0.0,691.81
seq_769,VILIFVKKKAAKPLRQVLRNIYRHIRPKMK,0.07600000000000003,-0.7666666666666668,0.5939999999999998,1.101,-0.10333333333333337,1.1476666666666666,4.883333333333334,7.830000000000001,85.42999999999999,12.0,0.0,4002.5700000000006,0.292,-1.24,0.46799999999999997,0.976,1.06,1.386,3.3,6.82,75.66,1.0,0.0,606.7,-0.016000000000000004,-0.82,0.7040000000000001,1.3559999999999997,-0.46000000000000013,0.58,5.8,7.88,91.42,2.0,0.0,705.8299999999999
Sequence_349,FAKKALKALKKL,0.08166666666666665,-0.8666666666666667,0.7283333333333334,0.9408333333333334,0.4499999999999999,0.6041666666666666,4.75,8.116666666666669,82.63333333333334,5.0,0.0,1557.7300000000002,-0.052000000000000005,-0.6,0.612,0.6,-0.060000000000000095,0.58,4.0,8.5,71.46000000000001,2.0,0.0,609.65,0.182,-1.02,0.792,1.15,0.8799999999999999,0.58,5.1,7.860000000000001,88.08,2.0,0.0,661.7499999999999
seq_381,VMLIFVKKKAAKPLRQVLRNIYRKIRPKMK,0.09566666666666669,-0.9433333333333334,0.6273333333333331,1.2109999999999999,0.04666666666666659,1.1536666666666666,5.083333333333333,7.630000000000001,87.86,12.0,1.0,4066.7000000000007,0.366,-1.6,0.664,1.356,1.9,1.386,4.3,6.0,88.8,1.0,0.0,662.7999999999998,-0.016000000000000004,-0.82,0.7040000000000001,1.3559999999999997,-0.46000000000000013,0.58,5.8,7.88,91.42,2.0,0.0,705.8299999999999
Sequence_135,GIGKFLKKAKKGIGAVLKVLTTGL,-0.07041666666666661,-0.7833333333333333,0.6558333333333332,0.7625000000000001,-0.6916666666666664,1.2004166666666667,5.041666666666667,8.475,86.13333333333337,20.0,0.0,3282.5799999999995,-0.31599999999999995,-0.22000000000000003,0.536,0.11600000000000002,-1.6200000000000003,0.79,4.3,9.18,75.18,5.0,0.0,643.68,0.08200000000000002,-0.8400000000000001,0.744,0.9239999999999998,0.82,0.25,5.4,7.62,87.22,4.0,0.0,646.7299999999999
Sequence_335,FIGLLISAGKAIHDLIRRRH,-0.038000000000000006,-0.05,0.5254999999999999,0.45549999999999996,-0.41500000000000004,0.3245,3.95,8.705,70.83999999999999,10.0,-2.0,2317.44,0.194,-0.8800000000000001,0.668,0.792,1.52,0.25,4.1,7.08,79.66,2.0,0.0,604.7099999999999,-0.134,0.6,0.35200000000000004,0.568,-1.7399999999999998,0.254,4.4,9.059999999999999,68.36,1.0,-1.0,567.5899999999999
seq_518,VILIFVKKKAAKPYRQVMRNIYRHWRPKWK,0.04133333333333337,-0.85,0.5979999999999998,1.131,-0.3366666666666667,1.485,5.133333333333334,7.793333333333334,88.0033333333333,14.0,0.0,4144.690000000001,0.292,-1.24,0.46799999999999997,0.976,1.06,1.386,3.3,6.82,75.66,1.0,0.0,606.7,-0.11800000000000002,-0.9199999999999999,0.648,1.2959999999999998,-1.48,1.592,6.1,8.14,94.26000000000002,3.0,0.0,755.85
Sequence_112,GLFDVIKAVASVIGGL,0.0037500000000000103,-0.9500000000000001,0.614375,0.7943749999999999,-0.4,1.624375,4.5625,8.0625,84.24375,13.0,0.0,2155.35,-0.03799999999999999,-1.16,0.756,0.812,-0.18,1.636,5.3,7.639999999999999,94.22,5.0,0.0,734.83,-0.023999999999999976,-0.96,0.616,0.8119999999999999,-0.7600000000000001,1.886,5.0,8.120000000000001,90.61999999999999,5.0,0.0,702.78
seq_555,VIIIFVKKKAAKPYRKVYRNIYRHWCPKWW,-0.05333333333333334,-0.6733333333333335,0.5673333333333332,0.9209999999999999,-0.7200000000000002,1.7353333333333336,5.033333333333333,8.07,86.50999999999996,19.0,1.0,4149.64,0.17800000000000002,-0.8800000000000001,0.26399999999999996,0.596,0.07999999999999999,1.386,2.3,7.58,62.52,1.0,0.0,550.6,-0.372,-0.6799999999999999,0.7120000000000001,0.8280000000000001,-1.6800000000000002,2.804,6.7,7.800000000000002,106.22,7.0,1.0,840.95
Sequence_688,AREASKSLIGTASCTCRRAWICRWGERHSGKCIDQKGSTYRLCCRR,-0.33673913043478265,0.2739130434782609,0.5623913043478259,0.203695652173913,-1.3934782608695655,0.7704347826086956,4.869565217391305,9.026086956521738,78.64999999999998,50.0,3.0,5933.209999999999,-0.11000000000000001,0.45999999999999996,0.538,0.2700000000000001,-0.45999999999999996,0.0,3.2,9.280000000000001,60.419999999999995,2.0,-1.0,531.5,-0.586,0.8400000000000001,0.62,0.019999999999999928,-1.5399999999999998,0.9800000000000001,6.3,8.440000000000001,93.47999999999999,8.0,2.0,709.83
Sequence_8,FVGLAKVAAHVVPAIAEHF,0.04789473684210527,-0.6578947368421053,0.6284210526315789,0.8689473684210527,-0.04210526315789473,1.7347368421052631,4.368421052631579,7.973684210526316,84.03157894736842,10.0,-3.0,2588.83,0.13999999999999999,-1.3,0.708,1.066,0.8800000000000001,1.636,4.8,6.9399999999999995,89.6,3.0,0.0,691.8,-0.178,0.9,0.516,-0.182,-0.6199999999999999,0.254,2.7,9.580000000000002,62.06,2.0,-2.0,565.54
Sequence_595,KAAKKAWKAAKKAWKAAKKAA,-0.05047619047619048,-0.6714285714285715,0.6142857142857141,0.7457142857142858,-0.6380952380952378,1.103333333333333,4.428571428571429,8.904761904761905,75.5,11.0,0.0,2649.7200000000003,-0.14,-0.5,0.6279999999999999,0.652,-1.2,0.8699999999999999,4.6,9.48,76.17999999999999,3.0,0.0,643.66,-0.010000000000000009,-0.5,0.592,0.658,-0.20000000000000012,0.58,3.9,9.02,68.32000000000001,2.0,0.0,577.59
Sequence_147,ALWKNMLKGIGKLAGKAALGAVKKLVGAES,-0.04433333333333334,-0.62,0.6956666666666665,0.7733333333333335,-0.3766666666666668,1.251333333333333,4.933333333333334,8.463333333333333,85.97333333333334,23.0,0.0,4032.3900000000003,-0.10000000000000002,-0.41999999999999993,0.7240000000000001,0.8479999999999999,-0.42000000000000004,2.036,5.6,8.24,93.56000000000002,4.0,1.0,702.8,-0.20999999999999996,-0.07999999999999995,0.6380000000000001,0.372,-1.3800000000000001,1.636,4.2,9.24,80.2,5.0,-1.0,677.6700000000001
Sequence_74,GIGVLLSAGKAALKGLAKVLAEKYAN,0.005769230769230766,-0.5846153846153848,0.6873076923076921,0.7746153846153848,0.01153846153846148,1.0896153846153847,4.711538461538462,8.361538461538462,83.56153846153848,18.0,0.0,3380.7100000000005,-0.023999999999999955,-0.96,0.616,0.812,-0.7600000000000001,1.886,5.0,8.120000000000001,90.62,5.0,0.0,702.78,-0.28600000000000003,0.7,0.6839999999999999,0.20800000000000002,-0.9199999999999999,1.024,4.6,9.74,80.62,4.0,0.0,640.69
Sequence_476,CTFTLPGGGGVCTLTSECIC,-0.46049999999999996,0.25999999999999995,0.6434999999999998,0.03949999999999987,-1.3499999999999999,1.0864999999999998,5.35,8.83,87.25000000000001,31.0,3.0,2808.08,-0.27,-0.11999999999999997,0.664,0.24399999999999994,0.21999999999999992,0.49000000000000005,5.2,7.6800000000000015,84.36,6.0,1.0,664.76,-0.868,1.86,0.53,-1.078,-2.74,0.9800000000000001,4.2,10.440000000000001,75.55999999999999,10.0,1.0,661.66
Sequence_271,LMMLILAMNRKDKKKEKK,-0.04111111111111108,-0.45000000000000007,0.7377777777777775,0.8188888888888891,-0.2999999999999997,0.6872222222222221,5.111111111111111,8.538888888888891,87.50555555555559,11.0,0.0,2408.6800000000003,0.536,-1.44,0.8,1.52,3.2400000000000007,0.0,4.5,5.840000000000001,88.86,0.0,0.0,599.75,-0.46399999999999997,0.2,0.7120000000000001,0.272,-3.2600000000000002,1.16,5.3,10.919999999999998,87.2,5.0,-1.0,753.7399999999999
Sequence_532,FAKLLAKLAKKVL,0.19076923076923077,-1.1615384615384616,0.7507692307692307,1.1653846153846155,0.9384615384615386,0.9792307692307692,4.884615384615385,7.507692307692309,87.46923076923078,5.0,0.0,1737.98,0.26999999999999996,-1.1199999999999999,0.776,1.098,2.02,0.29,4.5,6.88,83.36,1.0,0.0,627.7399999999999,0.10999999999999999,-1.34,0.728,1.2900000000000003,-0.20000000000000018,1.966,5.4,7.9,94.76,3.0,0.0,734.8199999999999
Sequence_468,EIRLPEPFRFPSPTVPKPIDIDPILPHPWSPRQTYPIIARRS,0.04571428571428573,-0.5023809523809525,0.5726190476190476,1.0233333333333332,0.15714285714285708,0.3502380952380952,4.440476190476191,7.752380952380951,78.00476190476189,15.0,-3.0,5315.12,0.07200000000000002,-0.020000000000000018,0.584,0.86,0.18,0.0,4.0,8.180000000000001,75.6,1.0,-1.0,603.68,0.0020000000000000018,-0.04,0.354,0.616,-0.5200000000000001,0.0,3.4,8.459999999999999,58.2,1.0,0.0,499.51
seq_1196,VILIFVKKKAAKPYRQVYRNVYRHWRPKMK,0.0656666666666667,-0.9366666666666666,0.6233333333333331,1.2143333333333335,-0.17000000000000004,1.5473333333333337,5.283333333333333,7.663333333333335,90.26999999999998,14.0,0.0,4209.820000000001,0.292,-1.24,0.46799999999999997,0.976,1.06,1.386,3.3,6.82,75.66,1.0,0.0,606.7,-0.016000000000000004,-0.82,0.7040000000000001,1.3559999999999997,-0.46000000000000013,0.58,5.8,7.88,91.42,2.0,0.0,705.8299999999999
Sequence_577,KWKLFKKIPKFLHLA,0.022666666666666665,-0.7333333333333335,0.6986666666666665,0.9046666666666668,0.06666666666666662,0.9053333333333332,4.9,7.993333333333334,85.97333333333333,7.0,-1.0,2053.3,-0.0020000000000000087,-1.22,0.748,1.032,-0.14000000000000004,1.592,5.5,7.540000000000001,94.06,3.0,0.0,743.8299999999999,0.22599999999999998,-0.41999999999999993,0.772,0.818,1.9600000000000002,0.254,4.3,7.26,81.92,1.0,-1.0,619.71
Sequence_206,ALKAALLAILKIVRVIKK,0.19277777777777783,-1.0,0.5955555555555554,1.068888888888889,0.4333333333333335,1.092222222222222,4.277777777777778,7.811111111111113,79.96111111111112,6.0,0.0,2250.4999999999995,0.21600000000000003,-0.76,0.656,0.9099999999999999,1.3399999999999999,0.29,3.8,7.980000000000001,70.34,1.0,0.0,553.6,-0.06800000000000002,-0.8800000000000001,0.492,1.0159999999999998,-1.86,1.9659999999999997,5.0,8.639999999999999,85.82000000000001,3.0,0.0,704.76
seq_1580,VMLIFVKKKAAKPLRQVLRNIYRHWRPKWK,0.06666666666666668,-0.92,0.6406666666666665,1.2076666666666669,-0.16333333333333339,1.485,5.316666666666666,7.6433333333333335,90.75666666666665,14.0,0.0,4214.810000000001,0.366,-1.6,0.664,1.356,1.9,1.386,4.3,6.0,88.8,1.0,0.0,662.7999999999998,-0.11800000000000002,-0.9199999999999999,0.648,1.2959999999999998,-1.48,1.592,6.1,8.14,94.26000000000002,3.0,0.0,755.85
Sequence_139,CIKNGNGCQPNGSQNGCCSGYCHKQPGWVAGYCRRK,-0.5011111111111111,0.39444444444444426,0.6449999999999999,0.1869444444444444,-1.8111111111111111,1.5483333333333338,5.930555555555555,9.08611111111111,93.55833333333331,54.0,9.0,5283.939999999999,-0.758,1.1400000000000001,0.548,-0.45,-3.1000000000000005,1.764,5.4,10.34,86.41999999999999,9.0,2.0,696.7699999999999,-0.35200000000000004,0.2,0.5719999999999998,0.488,-1.34,0.78,5.9,8.559999999999999,86.66,5.0,1.0,676.77
seq_1302,VMLIFVKKKAAKPMRQVLRNIYRHWRPRWW,0.08500000000000003,-0.9633333333333334,0.6279999999999999,1.2583333333333335,-0.07000000000000002,1.557,5.333333333333333,7.413333333333333,90.95666666666664,13.0,0.0,4200.810000000001,0.366,-1.6,0.664,1.356,1.9,1.386,4.3,6.0,88.8,1.0,0.0,662.7999999999998,0.031999999999999994,-1.18,0.5800000000000001,1.6,-0.78,2.024,6.2,6.82,95.46000000000001,2.0,0.0,741.8500000000001
Sequence_359,ALSILKGLEKLAKMGIALTNCKATKKC,-0.15703703703703706,-0.14444444444444446,0.6685185185185184,0.4651851851851852,-0.4481481481481482,0.7322222222222221,4.796296296296297,8.755555555555556,82.02962962962962,24.0,2.0,3487.7999999999993,0.32199999999999995,-0.76,0.6180000000000001,0.8959999999999999,1.92,0.0,3.4,7.340000000000001,69.56,1.0,0.0,531.59,-0.49800000000000005,0.22000000000000003,0.62,0.07400000000000002,-1.9600000000000002,1.0699999999999998,5.4,9.6,83.34,7.0,1.0,692.73
seq_830,VMLIFVKKKAAKPLRQVLRNIYRHICPKWW,0.029000000000000015,-0.8033333333333333,0.6279999999999998,1.0763333333333334,-0.16666666666666669,1.5183333333333335,5.2,7.680000000000001,90.08666666666664,17.0,1.0,4193.790000000001,0.366,-1.6,0.664,1.356,1.9,1.386,4.3,6.0,88.8,1.0,0.0,662.7999999999998,-0.372,-0.6799999999999999,0.7120000000000001,0.8280000000000001,-1.6800000000000002,2.804,6.7,7.800000000000002,106.22,7.0,1.0,840.95
seq_94,VILIFVKKKAAKPLRQVMRNIYRHWRPKWW,0.06166666666666668,-0.9200000000000002,0.6066666666666664,1.1763333333333332,-0.26333333333333336,1.6053333333333335,5.183333333333334,7.63,89.37666666666662,14.0,0.0,4184.740000000001,0.292,-1.24,0.46799999999999997,0.976,1.06,1.386,3.3,6.82,75.66,1.0,0.0,606.7,-0.03400000000000001,-1.2799999999999998,0.648,1.488,-1.1,2.314,6.3,7.3,99.12,3.0,0.0,781.8800000000001
seq_1366,VMIIFVKKKAAKPLRKVLRNIYRHWRPKWW,0.02799999999999999,-0.8533333333333335,0.6066666666666664,1.121,-0.46333333333333343,1.6536666666666668,5.166666666666667,7.803333333333332,88.6433333333333,15.0,0.0,4174.710000000001,0.252,-1.24,0.45999999999999996,0.976,0.9199999999999999,1.386,3.3,6.76,75.66,1.0,0.0,606.6999999999999,-0.03400000000000001,-1.2799999999999998,0.648,1.488,-1.1,2.314,6.3,7.3,99.12,3.0,0.0,781.8800000000001
Sequence_117,HHPHGHHPHGHHPHGHHPHG,-0.458,1.5799999999999996,0.6999999999999998,-0.020000000000000018,-2.4200000000000004,1.012,5.4,10.620000000000001,88.30000000000004,20.0,-12.0,2947.000000000001,-0.458,1.58,0.7000000000000001,-0.020000000000000025,-2.42,1.012,5.4,10.620000000000001,88.3,5.0,-3.0,736.75,-0.458,1.58,0.7000000000000001,-0.020000000000000025,-2.42,1.012,5.4,10.620000000000001,88.3,5.0,-3.0,736.75
seq_1430,VMLIFVKKKAAKPLRQFLRNIYRNWRPKWW,0.053666666666666675,-0.9000000000000001,0.6379999999999998,1.172,1.4802973661668754e-17,1.4543333333333337,5.283333333333333,7.473333333333333,90.00999999999996,14.0,2.0,4156.81,0.366,-1.6,0.664,1.356,1.9,1.386,4.3,6.0,88.8,1.0,0.0,662.7999999999998,-0.03400000000000001,-1.2799999999999998,0.648,1.488,-1.1,2.314,6.3,7.3,99.12,3.0,0.0,781.8800000000001
seq_1454,VMLIFVKKKAAKPLRQVYRNIYRHWRPKWY,0.0916666666666667,-0.9433333333333334,0.6339999999999999,1.223,0.07333333333333328,1.4366666666666668,5.266666666666667,7.516666666666667,89.96666666666664,13.0,0.0,4162.780000000001,0.366,-1.6,0.664,1.356,1.9,1.386,4.3,6.0,88.8,1.0,0.0,662.7999999999998,0.06999999999999999,-1.1199999999999999,0.6599999999999999,1.468,0.0,1.302,5.9,7.24,92.9,2.0,0.0,717.84
seq_1537,VMIIFVKKKAAKPYRQVYRNIYRHWRPKIW,0.05366666666666668,-0.8233333333333334,0.5659999999999997,1.0963333333333334,-0.2533333333333334,1.4366666666666668,4.933333333333334,7.77,85.58666666666664,13.0,0.0,4050.5800000000013,0.252,-1.24,0.45999999999999996,0.976,0.9199999999999999,1.386,3.3,6.76,75.66,1.0,0.0,606.6999999999999,-0.006000000000000004,-0.82,0.508,1.168,-0.9200000000000002,1.302,5.0,7.860000000000001,83.14000000000001,2.0,0.0,675.76
Sequence_31,FLPIIAKVLSGLL,0.21615384615384617,-1.0307692307692309,0.6623076923076923,1.083076923076923,1.1538461538461537,0.7407692307692307,4.346153846153846,7.200000000000001,82.39230769230768,5.0,0.0,1644.91,0.26999999999999996,-0.82,0.484,0.9359999999999999,1.6199999999999999,0.0,3.1,6.88,68.12,0.0,0.0,551.67,0.248,-0.9800000000000001,0.8539999999999999,1.098,1.8399999999999999,0.25,5.1,7.06,90.12,3.0,0.0,644.7499999999999
Sequence_544,FAKKLAKKLKKLAKKLAKLALALKALALKAL,0.16741935483870965,-0.9354838709677421,0.7483870967741933,1.0467741935483872,0.9193548387096774,0.514516129032258,4.725806451612903,7.896774193548385,82.98709677419355,11.0,0.0,3941.420000000001,0.044,-0.86,0.712,0.8460000000000001,0.47999999999999987,0.58,4.6,7.92,81.34,2.0,0.0,651.7299999999999,0.312,-1.02,0.756,1.156,1.8799999999999997,0.29,4.4,7.400000000000001,80.22,1.0,0.0,595.68
seq_408,VILIFVKKKAAKPYRQVYRNVYRHWRPKMR,0.0766666666666667,-0.9199999999999999,0.6119999999999998,1.2330000000000003,-0.11666666666666671,1.499,5.266666666666667,7.583333333333334,89.65999999999998,13.0,0.0,4169.790000000001,0.292,-1.24,0.46799999999999997,0.976,1.06,1.386,3.3,6.82,75.66,1.0,0.0,606.7,0.05,-0.72,0.636,1.4679999999999997,-0.14000000000000012,0.29,5.7,7.4,87.76000000000002,1.0,0.0,665.8
Sequence_249,VNWKKILGKIKKVVK,-0.134,-0.94,0.6253333333333333,0.9566666666666667,-1.7933333333333332,2.631333333333333,5.566666666666666,8.653333333333336,96.21333333333335,14.0,1.0,2298.5200000000004,-0.30200000000000005,-0.74,0.6960000000000001,0.982,-2.5,3.7119999999999997,6.6,8.74,108.1,6.0,1.0,841.9399999999999,-0.09200000000000001,-1.6600000000000001,0.7,1.424,-2.2800000000000002,3.6419999999999995,6.4,8.4,109.3,5.0,0.0,873.9599999999999
Sequence_358,AALKGCWTKSIPPKPCFGKR,-0.23900000000000005,-0.285,0.6314999999999998,0.6035000000000001,-0.8650000000000002,0.9129999999999999,5.175,8.430000000000001,84.3,19.0,2.0,2735.07,0.028000000000000004,-0.6199999999999999,0.688,0.732,0.2799999999999999,0.54,4.5,8.459999999999999,77.76,3.0,0.0,610.66,-0.576,0.34,0.6079999999999999,-0.020000000000000063,-2.0599999999999996,1.03,5.6,8.98,86.52000000000001,7.0,1.0,711.79
Sequence_128,FGKGIGKVGKKLL,-0.17923076923076917,-0.7076923076923076,0.6830769230769231,0.6507692307692307,-1.276923076923077,1.363846153846154,5.346153846153846,8.761538461538462,90.03076923076924,13.0,0.0,1868.0400000000004,-0.31599999999999995,-0.22000000000000003,0.536,0.11600000000000002,-1.6199999999999999,0.79,4.3,9.18,75.18,5.0,0.0,643.6800000000001,-0.005999999999999961,-0.8800000000000001,0.8240000000000001,0.9719999999999999,-0.18000000000000008,0.8300000000000001,5.8,8.34,95.5,4.0,0.0,718.81
Sequence_653,FAKKLAKKLKKLAKLALAL,0.15105263157894736,-0.9368421052631579,0.7494736842105262,1.0321052631578949,0.8473684210526314,0.5342105263157894,4.7631578947368425,7.894736842105263,83.50526315789473,7.0,0.0,2439.7400000000007,0.044,-0.86,0.712,0.8460000000000001,0.47999999999999987,0.58,4.6,7.92,81.34,2.0,0.0,651.7299999999999,0.538,-1.2799999999999998,0.82,1.408,3.4200000000000004,0.0,4.3,6.36,82.24000000000001,0.0,0.0,571.6899999999999
seq_1657,VILIFVKKKAAKPYRQVLRNIYRHWRPKMR,0.07600000000000003,-0.8166666666666667,0.5973333333333332,1.1596666666666668,-0.09000000000000002,1.268,5.066666666666666,7.6800000000000015,86.91999999999997,12.0,0.0,4054.6400000000012,0.292,-1.24,0.46799999999999997,0.976,1.06,1.386,3.3,6.82,75.66,1.0,0.0,606.7,0.05,-0.72,0.636,1.4679999999999997,-0.14000000000000012,0.29,5.7,7.4,87.76000000000002,1.0,0.0,665.8
seq_1716,VILIFVKKKAAKPMRQVYRNIYRHWRPKYR,0.06966666666666671,-0.8066666666666668,0.5886666666666666,1.1463333333333334,-0.10000000000000005,1.268,5.05,7.703333333333334,86.35666666666663,12.0,0.0,4040.620000000001,0.292,-1.24,0.46799999999999997,0.976,1.06,1.386,3.3,6.82,75.66,1.0,0.0,606.7,0.052000000000000005,-0.6599999999999999,0.592,1.388,-0.06000000000000005,0.29,5.6,7.6,84.38000000000002,1.0,0.0,651.78
seq_947,VMIIFVKKKAAKPLRQVLRNIYRKWRPKWW,0.06900000000000002,-1.0366666666666668,0.6073333333333331,1.223,-0.25333333333333335,1.6113333333333335,5.216666666666667,7.5666666666666655,89.61666666666663,14.0,1.0,4192.77,0.252,-1.24,0.45999999999999996,0.976,0.9199999999999999,1.386,3.3,6.76,75.66,1.0,0.0,606.6999999999999,-0.03400000000000001,-1.2799999999999998,0.648,1.488,-1.1,2.314,6.3,7.3,99.12,3.0,0.0,781.8800000000001
seq_692,VILIFVKKKAAKPMRQFMRNIFRHWRPKIW,0.03200000000000003,-0.7466666666666668,0.5746666666666665,1.0116666666666665,-0.20000000000000004,1.2056666666666664,4.766666666666667,7.703333333333333,83.91666666666666,12.0,0.0,3999.530000000001,0.292,-1.24,0.46799999999999997,0.976,1.06,1.386,3.3,6.82,75.66,1.0,0.0,606.7,-0.006000000000000004,-0.82,0.508,1.168,-0.9200000000000002,1.302,5.0,7.860000000000001,83.14000000000001,2.0,0.0,675.76
Sequence_273,DLRFWNPREKLPLPTLPPFNPKPIYIDMGNRY,-0.012812500000000004,-0.44375000000000014,0.68625,1.0228124999999997,0.2749999999999999,0.631875,5.203125,7.706250000000001,87.190625,17.0,2.0,4265.14,0.015999999999999993,-0.9800000000000001,0.692,0.8960000000000001,0.11999999999999997,1.012,5.2,7.3,87.16,3.0,0.0,680.76,-0.158,-0.020000000000000018,0.692,0.7619999999999999,-0.2,0.984,5.8,8.120000000000001,91.1,4.0,1.0,655.79
Sequence_644,CGESCVFIPCITSVAGCSCKSKVCYRNGIP,-0.4533333333333333,0.2866666666666667,0.5833333333333333,0.10533333333333329,-1.6133333333333333,1.5270000000000001,5.066666666666666,8.903333333333332,85.39666666666668,43.0,6.0,4191.610000000001,-1.0379999999999998,1.9,0.6660000000000001,-1.1220000000000003,-3.3600000000000003,1.23,5.3,10.74,86.24000000000001,12.0,1.0,732.74,-0.28800000000000003,0.38,0.5,0.562,-1.5,0.984,5.0,8.9,80.47999999999999,4.0,1.0,631.75
seq_941,VILIFVKKKAAKPLRQVLRNIYRHWRPKMY,0.1026666666666667,-0.8766666666666668,0.6193333333333332,1.1829999999999998,0.11333333333333329,1.268,5.066666666666666,7.586666666666668,87.86666666666663,12.0,0.0,4070.6800000000007,0.292,-1.24,0.46799999999999997,0.976,1.06,1.386,3.3,6.82,75.66,1.0,0.0,606.7,0.17200000000000001,-1.02,0.716,1.5279999999999998,1.02,0.29,5.6,6.9799999999999995,90.06000000000002,1.0,0.0,667.8199999999999
seq_561,VMLIFVKKKAAKPLRQVLRNIYRHIRPKWR,0.08233333333333337,-0.8266666666666667,0.6059999999999998,1.1729999999999998,-0.08000000000000004,1.268,5.083333333333333,7.656666666666667,87.48333333333332,12.0,0.0,4068.660000000001,0.366,-1.6,0.664,1.356,1.9,1.386,4.3,6.0,88.8,1.0,0.0,662.7999999999998,-0.052000000000000005,-0.82,0.58,1.408,-1.1600000000000001,1.302,6.0,7.659999999999999,90.6,2.0,0.0,715.82
Sequence_365,CCTAAGCCCTTGTGGTGTGT,-0.6849999999999998,0.6199999999999998,0.6009999999999999,-0.34199999999999997,-2.2400000000000007,0.9875,5.675,9.594999999999999,84.36500000000002,39.0,5.0,2759.92,-0.64,0.9199999999999999,0.58,-0.4680000000000001,-1.22,0.9800000000000001,5.0,9.16,78.92,9.0,2.0,645.7,-0.38399999999999995,-0.16,0.5720000000000001,0.22400000000000003,-1.8199999999999998,0.5,5.4,9.360000000000001,78.6,7.0,0.0,649.66
Sequence_458,KWKLFAKIGIGKFLHLAKKF,-0.062499999999999986,-0.5650000000000001,0.6449999999999998,0.6210000000000001,-0.36000000000000015,0.8764999999999998,4.575,8.41,81.02000000000001,12.0,-1.0,2636.86,-0.0020000000000000087,-1.22,0.748,1.032,-0.14000000000000004,1.592,5.5,7.540000000000001,94.06,3.0,0.0,743.8299999999999,0.04399999999999999,-0.86,0.7120000000000001,0.8460000000000001,0.47999999999999987,0.58,4.6,7.92,81.34,2.0,0.0,651.7299999999999
seq_1028,VILIFVKKKAAKPYRQVLRNIYRHWCPKWW,0.005666666666666689,-0.81,0.6099999999999998,1.0530000000000002,-0.3466666666666667,1.6870000000000003,5.233333333333333,7.746666666666667,89.99666666666663,18.0,1.0,4229.790000000001,0.292,-1.24,0.46799999999999997,0.976,1.06,1.386,3.3,6.82,75.66,1.0,0.0,606.7,-0.372,-0.6799999999999999,0.7120000000000001,0.8280000000000001,-1.6800000000000002,2.804,6.7,7.800000000000002,106.22,7.0,1.0,840.95
Sequence_182,EPNPDEFFGLM,-0.1827272727272727,0.10909090909090917,0.7672727272727272,0.5063636363636363,-0.07272727272727271,0.44727272727272727,4.7272727272727275,8.354545454545457,85.75454545454545,8.0,-1.0,1493.7200000000003,-0.388,0.7200000000000001,0.752,0.48599999999999993,-1.42,0.734,5.3,9.46,88.92,5.0,0.0,709.83,0.13,-1.08,0.784,0.868,1.9600000000000002,0.25,4.6,6.32,86.06,2.0,0.0,650.79
seq_1296,VILIFVKKKAAKPLRQVYRNIYRKWRPKWW,0.06933333333333339,-1.0266666666666668,0.5999999999999998,1.209666666666667,-0.23999999999999996,1.6113333333333335,5.2,7.6,89.0533333333333,14.0,1.0,4178.75,0.292,-1.24,0.46799999999999997,0.976,1.06,1.386,3.3,6.82,75.66,1.0,0.0,606.7,-0.03400000000000001,-1.2799999999999998,0.648,1.488,-1.1,2.314,6.3,7.3,99.12,3.0,0.0,781.8800000000001
seq_1070,VILIFVKKKAAKPLRQVLRNIYRHWRPRWR,0.07633333333333338,-0.8266666666666668,0.585333333333333,1.1816666666666669,-0.19666666666666668,1.3883333333333332,5.116666666666666,7.62,87.34666666666662,12.0,0.0,4078.650000000001,0.292,-1.24,0.46799999999999997,0.976,1.06,1.386,3.3,6.82,75.66,1.0,0.0,606.7,0.013999999999999995,-0.72,0.512,1.52,-0.8400000000000002,1.012,5.9,7.18,86.94000000000001,1.0,0.0,675.7900000000001
Sequence_525,SIGAKILGGVKTFFKGALKELASTYLQ,-0.013703703703703687,-0.6111111111111112,0.6437037037037036,0.6781481481481483,0.014814814814814893,0.6566666666666665,4.5,8.25185185185185,79.86666666666667,18.0,-1.0,3457.7300000000005,-0.188,-0.1,0.48599999999999993,0.22000000000000003,-1.2200000000000002,0.54,3.6,9.44,65.08,4.0,0.0,570.56,0.288,-1.1800000000000002,0.702,1.246,2.0,0.0,5.0,6.8199999999999985,85.42,2.0,0.0,637.72
seq_59,VMLIFVKKKAAKPLRQVLRNIYRHWRPKIR,0.08233333333333336,-0.8266666666666667,0.6059999999999999,1.1730000000000003,-0.08000000000000004,1.268,5.083333333333333,7.656666666666667,87.48333333333332,12.0,0.0,4068.660000000001,0.366,-1.6,0.664,1.356,1.9,1.386,4.3,6.0,88.8,1.0,0.0,662.7999999999998,-0.024000000000000004,-0.36,0.44000000000000006,1.0879999999999999,-0.9800000000000001,0.29,4.7,8.22,74.62,1.0,0.0,609.7
seq_1712,VILIFVKKKAAKPLRQVYRNIYRNWRPKWW,0.04600000000000003,-0.9100000000000001,0.5993333333333332,1.1693333333333336,-0.2633333333333333,1.6853333333333336,5.233333333333333,7.63,89.4933333333333,15.0,2.0,4169.780000000001,0.292,-1.24,0.46799999999999997,0.976,1.06,1.386,3.3,6.82,75.66,1.0,0.0,606.7,-0.03400000000000001,-1.2799999999999998,0.648,1.488,-1.1,2.314,6.3,7.3,99.12,3.0,0.0,781.8800000000001
seq_1700,VILIFVKKKAAKPYRQVLRNIYKNWRPKMQ,0.0716666666666667,-0.9166666666666666,0.6199999999999998,1.1840000000000002,-0.010000000000000024,1.3963333333333334,5.183333333333334,7.633333333333335,89.55333333333331,14.0,2.0,4143.790000000001,0.292,-1.24,0.46799999999999997,0.976,1.06,1.386,3.3,6.82,75.66,1.0,0.0,606.7,0.186,-1.22,0.7040000000000001,1.6879999999999995,0.7399999999999999,0.29,5.9,6.840000000000001,95.82000000000001,1.0,0.0,715.8599999999999
Sequence_562,FAKLLAKLAKKEL,0.10692307692307691,-0.6692307692307693,0.7553846153846154,0.8730769230769232,0.7384615384615386,0.4461538461538461,4.538461538461538,8.092307692307694,82.3153846153846,5.0,-1.0,1666.84,0.26999999999999996,-1.1199999999999999,0.776,1.098,2.02,0.29,4.5,6.88,83.36,1.0,0.0,627.7399999999999,-0.10800000000000001,-0.06000000000000001,0.74,0.53,-0.7200000000000003,0.58,4.5,9.42,81.36,3.0,-1.0,663.68
seq_1650,VILIFVKKKAAKPLRQVYRNIYRHWRPRIW,0.0776666666666667,-0.8166666666666668,0.5646666666666664,1.1283333333333334,-0.16666666666666666,1.3883333333333332,4.933333333333334,7.676666666666667,85.53999999999996,12.0,0.0,4024.570000000001,0.292,-1.24,0.46799999999999997,0.976,1.06,1.386,3.3,6.82,75.66,1.0,0.0,606.7,0.06000000000000001,-0.72,0.44000000000000006,1.28,-0.6,1.012,4.9,7.38,79.47999999999999,1.0,0.0,635.73
Sequence_336,KWKLFKKIPKFLH,-0.04923076923076923,-0.6692307692307693,0.6876923076923076,0.8461538461538463,-0.40769230769230774,1.0446153846153845,5.038461538461538,8.200000000000001,87.3076923076923,7.0,-1.0,1833.04,-0.0020000000000000087,-1.22,0.748,1.032,-0.14000000000000004,1.592,5.5,7.540000000000001,94.06,3.0,0.0,743.8299999999999,0.0020000000000000018,-0.31999999999999995,0.76,0.9120000000000001,0.43999999999999984,0.5439999999999999,5.1,7.82,88.92,2.0,-1.0,703.8199999999999
seq_234,VMLIFVKKKAAKPLRKVLRNIYRHWRPKYK,0.05033333333333334,-0.8266666666666667,0.6426666666666666,1.149,-0.18000000000000008,1.364666666666667,5.233333333333333,7.8066666666666675,88.98666666666665,14.0,0.0,4140.740000000001,0.366,-1.6,0.664,1.356,1.9,1.386,4.3,6.0,88.8,1.0,0.0,662.7999999999998,-0.014000000000000002,-0.76,0.6599999999999999,1.2759999999999998,-0.38000000000000006,0.58,5.7,8.08,88.04,2.0,0.0,691.81
Sequence_453,FALKALKKLKKALKKAL,0.11117647058823532,-0.911764705882353,0.7470588235294117,1.0023529411764707,0.576470588235294,0.5970588235294116,4.852941176470588,8.041176470588237,84.23529411764706,7.0,0.0,2219.4800000000005,0.174,-0.86,0.676,0.8520000000000001,1.48,0.29,3.9,7.460000000000001,73.48,1.0,0.0,585.66,0.182,-1.02,0.792,1.15,0.8799999999999999,0.58,5.1,7.860000000000001,88.08000000000001,2.0,0.0,661.75
seq_1200,VMLIFVKKKAAKPYRQVLRNIYRHIRPKIW,0.0836666666666667,-0.8166666666666668,0.5853333333333332,1.1196666666666666,-0.05000000000000007,1.268,4.9,7.713333333333334,85.67666666666666,12.0,0.0,4014.580000000001,0.366,-1.6,0.664,1.356,1.9,1.386,4.3,6.0,88.8,1.0,0.0,662.7999999999998,-0.006000000000000004,-0.82,0.508,1.168,-0.9200000000000002,1.302,5.0,7.860000000000001,83.14000000000001,2.0,0.0,675.76
seq_1370,VMLIFVKKKAAKPYRQFLRNIYRHWRPKWW,0.06333333333333337,-0.8900000000000002,0.6293333333333331,1.1523333333333334,0.003333333333333336,1.3743333333333332,5.2,7.529999999999999,88.76666666666662,13.0,0.0,4143.7300000000005,0.366,-1.6,0.664,1.356,1.9,1.386,4.3,6.0,88.8,1.0,0.0,662.7999999999998,-0.03400000000000001,-1.2799999999999998,0.648,1.488,-1.1,2.314,6.3,7.3,99.12,3.0,0.0,781.8800000000001
seq_1057,VILIFVKKKAAKPYRQVLRNIYRHWRPKWQ,0.08166666666666669,-0.9166666666666666,0.5993333333333332,1.1863333333333332,-0.11333333333333334,1.4366666666666668,5.15,7.63,88.73666666666664,13.0,0.0,4154.720000000001,0.292,-1.24,0.46799999999999997,0.976,1.06,1.386,3.3,6.82,75.66,1.0,0.0,606.7,0.08399999999999999,-1.3199999999999998,0.648,1.6280000000000001,-0.2800000000000001,1.302,6.2,7.1,98.66000000000001,2.0,0.0,765.8800000000001
seq_1626,VILIFVKKKAAKPLRQFYRNIYRHWRPRWK,0.048,-0.7533333333333335,0.585333333333333,1.0756666666666665,-0.14666666666666664,1.2056666666666667,4.983333333333333,7.7266666666666675,85.15666666666662,12.0,0.0,4021.570000000001,0.292,-1.24,0.46799999999999997,0.976,1.06,1.386,3.3,6.82,75.66,1.0,0.0,606.7,-0.052000000000000005,-0.82,0.5800000000000001,1.408,-1.1600000000000001,1.302,6.0,7.659999999999999,90.6,2.0,0.0,715.82
Sequence_422,FALAAKALKKLAKKLKKLAKKAL,0.11173913043478265,-0.8608695652173913,0.7252173913043475,0.9665217391304352,0.5782608695652178,0.5673913043478259,4.673913043478261,8.130434782608695,81.54782608695653,9.0,0.0,2928.2400000000007,0.304,-0.86,0.64,0.858,2.4800000000000004,0.0,3.2,7.0,65.62,0.0,0.0,519.59,0.086,-0.76,0.692,0.9039999999999999,0.33999999999999986,0.58,4.5,8.440000000000001,78.2,2.0,0.0,619.67
Sequence_88,KAAKKAAKAAKKAAKAAKKAA,-0.028571428571428574,-0.5,0.597142857142857,0.6571428571428571,-0.342857142857143,0.6214285714285713,4.0,9.085714285714285,69.44285714285714,9.0,0.0,2465.52,-0.14,-0.5,0.6279999999999999,0.652,-1.2,0.8699999999999999,4.6,9.48,76.17999999999999,3.0,0.0,643.66,-0.010000000000000009,-0.5,0.592,0.658,-0.20000000000000012,0.58,3.9,9.02,68.32000000000001,2.0,0.0,577.59
seq_473,VILIFVKKKAAKPYRKVYRNVYRHWRPKWK,0.014999999999999998,-0.8866666666666667,0.6139999999999997,1.1490000000000002,-0.5400000000000001,1.7643333333333335,5.316666666666666,7.880000000000001,90.00999999999998,16.0,0.0,4249.81,0.292,-1.24,0.46799999999999997,0.976,1.06,1.386,3.3,6.82,75.66,1.0,0.0,606.7,-0.11800000000000002,-0.9199999999999999,0.648,1.2959999999999998,-1.48,1.592,6.1,8.14,94.26000000000002,3.0,0.0,755.85
seq_1149,VMLIFVKKKAAKPYRQVYRNIYRHWRGKWW,0.036333333333333356,-0.9100000000000001,0.6199999999999998,1.1256666666666668,-0.3,1.647,5.316666666666666,7.71,90.1733333333333,16.0,0.0,4209.740000000001,0.366,-1.6,0.664,1.356,1.9,1.386,4.3,6.0,88.8,1.0,0.0,662.7999999999998,-0.22400000000000003,-0.9799999999999999,0.6279999999999999,0.9640000000000001,-2.1800000000000006,2.564,6.3,8.260000000000002,97.52000000000001,5.0,0.0,778.8199999999999
Sequence_378,GLPVCGETCVGGTCNTPGCGCSWPVCTRN,-0.5527586206896551,0.30000000000000004,0.6665517241379308,0.1906896551724138,-2.0103448275862066,1.9100000000000004,6.120689655172414,8.893103448275859,96.62758620689652,50.0,7.0,4416.99,-0.21799999999999997,-0.6600000000000001,0.7720000000000001,0.916,-0.5,2.126,6.4,7.459999999999999,106.78,7.0,1.0,804.97,-0.548,0.44000000000000006,0.584,0.32999999999999996,-2.3200000000000003,2.61,6.4,8.76,98.88,8.0,2.0,758.8800000000001
Sequence_265,KWKLFKKIPLHLAKKF,-0.0037500000000000055,-0.7187500000000001,0.6987499999999998,0.8881250000000002,-0.13750000000000012,0.9393749999999998,4.96875,8.14375,86.34375000000001,8.0,-1.0,2208.46,-0.0020000000000000087,-1.22,0.748,1.032,-0.14000000000000004,1.592,5.5,7.540000000000001,94.06,3.0,0.0,743.8299999999999,0.04399999999999999,-0.86,0.7120000000000001,0.8460000000000001,0.47999999999999987,0.58,4.6,7.92,81.34,2.0,0.0,651.7299999999999
seq_443,VMLIFVKKKAAKPLRQFLRNIYRHWRPKIR,0.07133333333333335,-0.7466666666666667,0.6033333333333332,1.099,0.03333333333333336,1.037,4.95,7.66,85.24666666666664,11.0,0.0,3985.570000000001,0.366,-1.6,0.664,1.356,1.9,1.386,4.3,6.0,88.8,1.0,0.0,662.7999999999998,-0.024000000000000004,-0.36,0.44000000000000006,1.0879999999999999,-0.9800000000000001,0.29,4.7,8.22,74.62,1.0,0.0,609.7
seq_964,VILIFVKKKAAKPMRQVLRNIYRKWRPKWK,0.055000000000000056,-0.9766666666666668,0.6073333333333331,1.191,-0.31666666666666665,1.491,5.183333333333334,7.706666666666667,88.80666666666664,14.0,1.0,4166.740000000001,0.292,-1.24,0.46799999999999997,0.976,1.06,1.386,3.3,6.82,75.66,1.0,0.0,606.7,-0.11800000000000002,-0.9199999999999999,0.648,1.2959999999999998,-1.48,1.592,6.1,8.14,94.26000000000002,3.0,0.0,755.85
Sequence_478,DTVACRIQGNFCRAGACPPTFTISGQCHGGLLNCCAKIPAQ,-0.3063414634146341,0.09512195121951222,0.6036585365853657,0.3175609756097561,-0.8195121951219514,0.9253658536585367,5.109756097560975,8.546341463414633,84.48780487804876,47.0,7.0,5518.19,-0.392,-0.21999999999999992,0.632,0.21799999999999997,-1.56,1.876,5.4,8.84,88.8,8.0,1.0,718.77,0.176,-0.96,0.54,1.202,0.5799999999999998,0.29,4.3,7.68,78.47999999999999,1.0,0.0,633.72
seq_1446,VIIIFVKKKAAKPLRQVYRNIYRHIRPKMW,0.06466666666666666,-0.7566666666666667,0.5513333333333332,1.0563333333333333,-0.2133333333333334,1.268,4.733333333333333,7.840000000000001,83.48666666666665,12.0,0.0,3958.4800000000014,0.17800000000000002,-0.8800000000000001,0.26399999999999996,0.596,0.07999999999999999,1.386,2.3,7.58,62.52,1.0,0.0,550.6,0.068,-1.1800000000000002,0.7040000000000001,1.5479999999999996,-0.08000000000000011,1.302,6.0,7.040000000000001,96.28,2.0,0.0,731.8599999999999
Sequence_658,FAKLLAKKLL,0.22599999999999998,-1.07,0.784,1.124,1.45,0.43499999999999994,4.8,7.37,85.72,3.0,0.0,1289.49,0.26999999999999996,-1.1199999999999999,0.776,1.098,2.02,0.29,4.5,6.88,83.36,1.0,0.0,627.7399999999999,0.182,-1.02,0.792,1.15,0.8799999999999999,0.58,5.1,7.860000000000001,88.08,2.0,0.0,661.7499999999999
Sequence_246,GFKDWIKGAAKKLIKTVASSIANQ,-0.10708333333333331,-0.4874999999999999,0.5699999999999997,0.56625,-0.7958333333333331,1.0587499999999999,4.395833333333333,8.741666666666665,77.325,18.0,1.0,3060.2200000000007,-0.33399999999999996,-0.6799999999999999,0.692,0.36000000000000004,-1.8,1.552,5.4,8.84,88.36,6.0,0.0,735.77,-0.06800000000000002,0.05999999999999996,0.48599999999999993,0.48200000000000004,-0.1,0.734,3.9,8.559999999999999,72.55999999999999,3.0,1.0,580.63
Sequence_619,FLPAIVGAAAKFLPKIFCAISKKC,-0.07791666666666665,-0.4416666666666667,0.5887499999999998,0.5766666666666668,0.04583333333333336,0.7866666666666665,4.208333333333333,8.0625,76.75,16.0,2.0,3019.39,0.288,-0.9199999999999999,0.588,1.0699999999999998,2.06,0.0,3.5,6.7,71.38000000000001,0.0,0.0,565.69,-0.532,0.45999999999999996,0.522,-0.162,-2.4200000000000004,1.0699999999999998,4.6,9.9,76.82000000000001,7.0,1.0,664.6800000000001
seq_474,VMLIFVKKKAAKPLRQVYRNIYRKWRPKMR,0.09566666666666669,-0.9933333333333334,0.6306666666666665,1.2696666666666667,0.05999999999999992,1.274,5.266666666666667,7.48,89.34999999999997,12.0,1.0,4118.77,0.366,-1.6,0.664,1.356,1.9,1.386,4.3,6.0,88.8,1.0,0.0,662.7999999999998,0.05,-0.72,0.636,1.4679999999999997,-0.14000000000000012,0.29,5.7,7.4,87.76000000000002,1.0,0.0,665.8
Sequence_433,GDACGETCFTGICFTAGCSCNPWPTCTRN,-0.5803448275862069,0.6344827586206896,0.6072413793103447,-0.1417241379310345,-1.7586206896551722,1.106896551724138,5.327586206896552,9.179310344827584,84.20344827586206,46.0,7.0,3978.38,-0.706,0.62,0.664,-0.49400000000000005,-2.6399999999999997,0.99,5.4,10.24,83.36,10.0,1.0,687.7099999999999,-0.658,1.04,0.544,-0.08600000000000001,-2.2800000000000002,1.224,6.0,9.4,86.04,8.0,2.0,673.76
seq_621,VMLIFVKKKAAKPLRKVYRNIYRKWRPKMK,0.05100000000000001,-0.9433333333333334,0.6419999999999998,1.1956666666666669,-0.1933333333333334,1.370666666666667,5.266666666666667,7.733333333333334,89.22666666666665,14.0,1.0,4148.77,0.366,-1.6,0.664,1.356,1.9,1.386,4.3,6.0,88.8,1.0,0.0,662.7999999999998,-0.016000000000000004,-0.82,0.7040000000000001,1.3559999999999997,-0.46000000000000013,0.58,5.8,7.88,91.42,2.0,0.0,705.8299999999999
seq_1602,VILIFVKKKAAKPLRQVYRNIYRHWRPKIK,0.05266666666666668,-0.7733333333333334,0.5759999999999998,1.0776666666666666,-0.2833333333333333,1.3163333333333334,4.916666666666667,7.896666666666667,85.33999999999997,13.0,0.0,4038.5700000000006,0.292,-1.24,0.46799999999999997,0.976,1.06,1.386,3.3,6.82,75.66,1.0,0.0,606.7,-0.09000000000000001,-0.45999999999999996,0.508,0.9759999999999998,-1.3,0.58,4.8,8.7,78.28000000000002,2.0,0.0,649.73
Sequence_683,APGNKAECEREKGYCGFLKCSFPFVVSGKCSRFFFCCKNIW,-0.4182926829268294,0.24878048780487794,0.6451219512195121,0.14707317073170734,-1.3,1.2978048780487808,5.060975609756097,8.778048780487802,85.8780487804878,50.0,5.0,5759.369999999998,-0.336,0.18,0.672,0.584,-1.3800000000000001,1.274,5.5,9.2,87.4,5.0,1.0,685.8000000000001,-0.616,0.64,0.5519999999999999,-0.08599999999999994,-2.66,2.526,5.6,9.48,91.72,8.0,2.0,731.81
seq_1558,VILIFVKKKAAKPLRQFYRNIYRHWRPKYR,0.06533333333333334,-0.7266666666666668,0.5873333333333332,1.0723333333333334,0.0366666666666667,1.037,4.916666666666667,7.716666666666668,84.11999999999996,11.0,0.0,3957.530000000001,0.292,-1.24,0.46799999999999997,0.976,1.06,1.386,3.3,6.82,75.66,1.0,0.0,606.7,0.052000000000000005,-0.6599999999999999,0.592,1.388,-0.06000000000000005,0.29,5.6,7.6,84.38000000000002,1.0,0.0,651.78
seq_997,VMIIFVKKKAAKPYRQVYRNIYRHWRPKWK,0.035000000000000024,-0.84,0.589333333333333,1.1176666666666668,-0.34666666666666673,1.485,5.116666666666666,7.816666666666666,87.43999999999998,14.0,0.0,4130.670000000001,0.252,-1.24,0.45999999999999996,0.976,0.9199999999999999,1.386,3.3,6.76,75.66,1.0,0.0,606.6999999999999,-0.11800000000000002,-0.9199999999999999,0.648,1.2959999999999998,-1.48,1.592,6.1,8.14,94.26000000000002,3.0,0.0,755.85
seq_1538,VILIFVKKKAAKPLRQVMRNIYRHWRPKYK,0.06500000000000002,-0.8333333333333335,0.6086666666666665,1.1409999999999998,-0.14333333333333337,1.3163333333333334,5.083333333333333,7.760000000000002,87.52999999999997,13.0,0.0,4094.6700000000005,0.292,-1.24,0.46799999999999997,0.976,1.06,1.386,3.3,6.82,75.66,1.0,0.0,606.7,-0.014000000000000002,-0.76,0.6599999999999999,1.2759999999999998,-0.38000000000000006,0.58,5.7,8.08,88.04,2.0,0.0,691.81
Sequence_125,KKKFPWWWPFKKKCKKKFPWWWPFKKKC,-0.2500000000000001,-0.8214285714285715,0.6985714285714283,0.8642857142857145,-1.342857142857143,1.880714285714286,5.892857142857143,8.135714285714286,95.79285714285717,26.0,2.0,4378.9,-0.18000000000000002,-0.76,0.7,0.9399999999999998,-1.0400000000000003,0.8699999999999999,5.4,8.48,88.34,3.0,0.0,735.84,-0.584,0.1,0.6799999999999999,0.040000000000000036,-2.3200000000000003,1.3599999999999999,5.7,9.440000000000001,90.62,7.0,1.0,760.8299999999999
Sequence_417,FLGGLMKAFPAIICAVTKKC,-0.1255,-0.45499999999999996,0.6309999999999999,0.5635,-0.14499999999999993,0.9339999999999999,4.7,8.075,82.53,17.0,2.0,2631.9699999999993,0.02400000000000002,-0.8399999999999999,0.804,0.7479999999999999,0.9,0.5,5.2,7.38,90.34,4.0,0.0,675.79,-0.47400000000000003,-0.36,0.6559999999999999,0.4600000000000001,-2.5,2.4559999999999995,6.3,9.059999999999999,99.9,8.0,1.0,807.8799999999999
Sequence_457,GKWKSLLKHILK,-0.06666666666666667,-0.5166666666666666,0.7041666666666666,0.7408333333333333,-0.7333333333333334,1.1149999999999998,5.166666666666667,8.700000000000001,87.95,9.0,-1.0,1668.7800000000002,-0.346,-0.5599999999999999,0.6620000000000001,0.534,-2.4,1.8419999999999999,5.6,9.34,88.92,6.0,0.0,742.75,-0.10600000000000001,0.039999999999999994,0.6199999999999999,0.484,-1.1600000000000001,0.834,4.6,9.46,81.36000000000001,3.0,-1.0,663.6899999999999
Sequence_530,FLPAIFRMAAKVVPTIICSITKKC,-0.059166666666666666,-0.5208333333333333,0.5462499999999998,0.6891666666666666,-0.13749999999999998,0.9629166666666665,4.333333333333333,7.925000000000001,78.10833333333333,16.0,2.0,3051.4299999999994,0.288,-0.9199999999999999,0.588,1.0699999999999998,2.06,0.0,3.5,6.7,71.38000000000001,0.0,0.0,565.69,-0.516,0.32,0.516,-0.05999999999999996,-2.4,1.0699999999999998,5.0,9.78,80.08,7.0,1.0,678.71
seq_1088,VMLMFVKKKAAKPLRQVLRNIYRHWRPKIR,0.09466666666666672,-0.8866666666666668,0.6386666666666664,1.2363333333333335,0.05999999999999982,1.268,5.25,7.5200000000000005,89.67333333333332,12.0,0.0,4124.760000000001,0.44000000000000006,-1.9600000000000002,0.86,1.7360000000000002,2.7399999999999998,1.386,5.3,5.18,101.94,1.0,0.0,718.8999999999999,-0.024000000000000004,-0.36,0.44000000000000006,1.0879999999999999,-0.9800000000000001,0.29,4.7,8.22,74.62,1.0,0.0,609.7
seq_1649,VMLIFVKKKAAKPYRKVYRNIYRHWRPKMW,0.051333333333333335,-0.8766666666666668,0.6326666666666665,1.1676666666666666,-0.15000000000000005,1.485,5.25,7.680000000000001,89.2333333333333,14.0,0.0,4152.750000000001,0.366,-1.6,0.664,1.356,1.9,1.386,4.3,6.0,88.8,1.0,0.0,662.7999999999998,0.068,-1.1800000000000002,0.7040000000000001,1.5479999999999996,-0.08000000000000011,1.302,6.0,7.040000000000001,96.28,2.0,0.0,731.8599999999999
Sequence_41,KMWSKILGHLIR,-0.009166666666666663,-0.4333333333333333,0.6141666666666666,0.7341666666666665,-0.4250000000000001,0.8733333333333334,4.666666666666667,8.358333333333334,81.79166666666667,7.0,-1.0,1548.6599999999999,-0.10200000000000001,-0.96,0.7220000000000001,0.958,-0.9400000000000002,1.592,5.5,8.22,91.38,4.0,0.0,727.77,-0.098,0.28,0.5479999999999999,0.42400000000000004,-0.9,0.504,4.5,9.0,77.25999999999999,3.0,-1.0,614.6499999999999
Sequence_105,FLSLALAALPKFLCLVFKKC,0.045000000000000026,-0.7600000000000001,0.7504999999999997,0.8640000000000001,1.0750000000000004,0.8089999999999999,4.925,7.225000000000001,87.83000000000001,13.0,2.0,2690.16,0.298,-0.96,0.742,0.9719999999999999,2.5,0.0,3.9,6.639999999999999,75.96000000000001,1.0,0.0,577.67,-0.43,-0.4800000000000001,0.6799999999999999,0.43199999999999994,-1.86,2.4559999999999995,5.9,8.440000000000001,99.32000000000001,7.0,1.0,809.9099999999999
Sequence_651,FLGALFKVASKVLPSVKCAITKKC,-0.09833333333333334,-0.6874999999999999,0.6599999999999998,0.7495833333333334,-0.33749999999999997,1.4245833333333333,4.979166666666667,8.012500000000001,87.04166666666669,21.0,2.0,3339.729999999999,0.21200000000000002,-0.9799999999999999,0.772,0.9259999999999998,1.9600000000000002,0.25,4.5,6.9,82.92,2.0,0.0,618.73,-0.516,0.32,0.516,-0.05999999999999996,-2.4,1.0699999999999998,5.0,9.78,80.08,7.0,1.0,678.71
Sequence_388,KLLRLLKKLLRLLLK,0.322,-1.2133333333333336,0.8466666666666665,1.4706666666666666,1.6333333333333335,0.38666666666666666,5.633333333333334,6.960000000000002,95.52,4.0,0.0,2031.4300000000005,0.344,-1.18,0.8240000000000001,1.5079999999999998,1.7399999999999998,0.29,5.6,6.8,94.3,1.0,0.0,663.8,0.34400000000000003,-1.1800000000000002,0.8240000000000001,1.508,1.7399999999999998,0.29,5.6,6.8,94.3,1.0,0.0,663.8
seq_1703,VILIFVKKKAAKPLRKVLRNWYRHWRPKWK,0.016000000000000007,-0.8700000000000002,0.6313333333333332,1.1423333333333334,-0.5333333333333333,1.7020000000000004,5.35,7.859999999999999,90.49666666666664,16.0,0.0,4254.8,0.292,-1.24,0.46799999999999997,0.976,1.06,1.386,3.3,6.82,75.66,1.0,0.0,606.7,-0.11800000000000002,-0.9199999999999999,0.648,1.2959999999999998,-1.48,1.592,6.1,8.14,94.26000000000002,3.0,0.0,755.85
Sequence_568,THRPPMWSPVWPGGGKLLLKLLKKLLKLLKKK,0.06718750000000002,-0.9906250000000003,0.7840624999999998,1.2446875,0.17812499999999995,1.0521875,5.765625,7.659374999999999,95.85312500000003,20.0,-1.0,4641.36,-0.07000000000000002,0.0,0.6200000000000001,1.152,-0.4000000000000002,0.254,5.5,8.06,84.97999999999999,2.0,-1.0,679.8000000000001,0.052000000000000005,-1.02,0.8280000000000001,1.1439999999999997,-0.1200000000000001,0.8699999999999999,5.8,8.32,95.93999999999998,3.0,0.0,727.8199999999999
seq_295,VILIFVKKKAAKPLRKFYRNIYRHWRPKMK,0.020333333333333325,-0.6866666666666669,0.6059999999999998,1.0116666666666665,-0.23000000000000004,1.1336666666666666,4.933333333333334,7.936666666666668,84.55999999999997,13.0,0.0,4001.5500000000006,0.292,-1.24,0.46799999999999997,0.976,1.06,1.386,3.3,6.82,75.66,1.0,0.0,606.7,-0.016000000000000004,-0.82,0.7040000000000001,1.3559999999999997,-0.46000000000000013,0.58,5.8,7.88,91.42,2.0,0.0,705.8299999999999
seq_1638,VMLIFVKKKAAKPLRQVLRHIYRHWRPKWR,0.0936666666666667,-0.9033333333333334,0.6293333333333332,1.22,-0.09666666666666676,1.3566666666666667,5.233333333333333,7.596666666666667,89.46666666666664,12.0,-2.0,4175.720000000001,0.366,-1.6,0.664,1.356,1.9,1.386,4.3,6.0,88.8,1.0,0.0,662.7999999999998,-0.052000000000000005,-0.82,0.58,1.408,-1.1600000000000001,1.302,6.0,7.659999999999999,90.6,2.0,0.0,715.82
Sequence_406,VNWRRILGRIIRVVR,0.013333333333333338,-0.74,0.46533333333333343,1.1006666666666665,-1.0733333333333335,2.0513333333333335,5.033333333333333,7.760000000000002,86.40666666666667,8.0,1.0,2018.2800000000002,-0.17,-0.5399999999999999,0.5599999999999999,1.206,-1.8599999999999999,3.132,6.4,7.780000000000001,100.78,4.0,1.0,761.88,0.152,-1.3599999999999999,0.42400000000000004,1.52,-1.08,2.772,5.1,7.159999999999999,90.86000000000001,2.0,0.0,713.8100000000001
Sequence_381,FALALKLKKL,0.22600000000000003,-1.0699999999999998,0.784,1.124,1.4500000000000004,0.43499999999999994,4.8,7.37,85.72,3.0,0.0,1289.49,0.4,-1.1199999999999999,0.74,1.1039999999999999,3.0200000000000005,0.0,3.8,6.42,75.5,0.0,0.0,561.67,0.05199999999999998,-1.02,0.8280000000000001,1.1440000000000001,-0.1200000000000001,0.8699999999999999,5.8,8.32,95.94000000000001,3.0,0.0,727.8199999999999
seq_1541,VILIFVKKKAAKPLRQVYRNIYRHWCPKIK,-0.003666666666666644,-0.6733333333333335,0.5866666666666664,0.9676666666666667,-0.37999999999999995,1.3980000000000001,4.983333333333333,7.980000000000001,86.52333333333331,17.0,1.0,4097.64,0.292,-1.24,0.46799999999999997,0.976,1.06,1.386,3.3,6.82,75.66,1.0,0.0,606.7,-0.42800000000000005,0.13999999999999999,0.5720000000000001,0.31599999999999995,-1.8800000000000003,1.07,5.2,9.2,85.38000000000002,6.0,1.0,708.7999999999998
seq_1717,VILIFVKKKAAKPLRQVYRNIYRHWRPKWK,0.04800000000000003,-0.8500000000000001,0.5993333333333332,1.131,-0.31333333333333335,1.485,5.133333333333334,7.803333333333334,88.0033333333333,14.0,0.0,4144.6900000000005,0.292,-1.24,0.46799999999999997,0.976,1.06,1.386,3.3,6.82,75.66,1.0,0.0,606.7,-0.11800000000000002,-0.9199999999999999,0.648,1.2959999999999998,-1.48,1.592,6.1,8.14,94.26000000000002,3.0,0.0,755.85
Sequence_459,GLFDIAKKVIGVIGSL,-0.04999999999999999,-0.7375,0.5818749999999999,0.63,-0.6812500000000001,1.2818749999999999,4.375,8.43125,80.50625000000001,13.0,0.0,2092.25,-0.07999999999999999,-0.48,0.616,0.292,-0.08,0.25,4.0,8.36,74.4,4.0,0.0,605.6600000000001,0.06200000000000001,-0.9400000000000001,0.586,0.8579999999999999,-0.21999999999999992,1.636,4.4,7.859999999999999,83.66,4.0,0.0,661.72
seq_1026,VILIFVKKKAAKPMRQVLRNIYRHWRPKIR,0.06333333333333337,-0.7666666666666668,0.5719999999999997,1.1096666666666666,-0.24333333333333335,1.268,4.916666666666667,7.783333333333334,85.29333333333331,12.0,0.0,4012.560000000001,0.292,-1.24,0.46799999999999997,0.976,1.06,1.386,3.3,6.82,75.66,1.0,0.0,606.7,-0.024000000000000004,-0.36,0.44000000000000006,1.0879999999999999,-0.9800000000000001,0.29,4.7,8.22,74.62,1.0,0.0,609.7
seq_966,VMLIFVKKKAAKPYRQVLRNIYRHIRPKWY,0.09633333333333335,-0.8666666666666668,0.6106666666666666,1.1696666666666666,0.10333333333333326,1.268,5.05,7.61,87.30333333333331,12.0,0.0,4056.6600000000008,0.366,-1.6,0.664,1.356,1.9,1.386,4.3,6.0,88.8,1.0,0.0,662.7999999999998,0.06999999999999999,-1.1199999999999999,0.6599999999999999,1.468,0.0,1.302,5.9,7.24,92.9,2.0,0.0,717.84
Sequence_614,KILRGVAKKIMRTFLRRISKKILTGKK,-0.039259259259259265,-0.5814814814814816,0.5596296296296294,0.7829629629629631,-0.7000000000000001,0.725185185185185,4.648148148148148,8.433333333333334,78.66296296296296,15.0,0.0,3421.7100000000005,-0.05399999999999999,-0.41999999999999993,0.552,0.704,-0.8400000000000001,0.54,4.7,8.62,78.69999999999999,3.0,0.0,622.68,-0.188,-0.6,0.7200000000000001,0.696,-1.2200000000000002,0.8300000000000001,5.7,9.02,89.33999999999999,5.0,0.0,706.76
seq_1464,VMLIFVKKKAAKPYRQVYRNIYRHIRPKMK,0.0756666666666667,-0.8066666666666668,0.6093333333333332,1.1376666666666668,0.01666666666666668,1.1476666666666666,5.016666666666667,7.740000000000001,86.49333333333333,12.0,0.0,4030.6300000000006,0.366,-1.6,0.664,1.356,1.9,1.386,4.3,6.0,88.8,1.0,0.0,662.7999999999998,-0.016000000000000004,-0.82,0.7040000000000001,1.3559999999999997,-0.46000000000000013,0.58,5.8,7.88,91.42,2.0,0.0,705.8299999999999
seq_232,VILIFVKKKAAKPLRQVLRNIRRHWRPKWW,0.04800000000000003,-0.8700000000000002,0.5946666666666665,1.1663333333333334,-0.43333333333333346,1.6053333333333335,5.2,7.709999999999999,88.9933333333333,14.0,0.0,4182.72,0.292,-1.24,0.46799999999999997,0.976,1.06,1.386,3.3,6.82,75.66,1.0,0.0,606.7,-0.03400000000000001,-1.2799999999999998,0.648,1.488,-1.1,2.314,6.3,7.3,99.12,3.0,0.0,781.8800000000001
Sequence_149,FDIVKKIAGHIAGSI,-0.14333333333333328,-0.16666666666666666,0.4726666666666666,0.254,-1.1733333333333331,0.9066666666666665,3.6,9.199999999999998,68.84,11.0,-1.0,1790.81,-0.094,-0.9400000000000001,0.556,0.604,-1.1,1.6759999999999997,4.3,8.379999999999999,81.52000000000001,4.0,0.0,687.74,-0.07599999999999998,0.0,0.34600000000000003,0.09200000000000001,-0.66,0.25,2.5,9.16,53.96,3.0,0.0,490.46999999999997
seq_564,VMLIFVKKKAAKPLRQVYRNIYRHWRPKIK,0.06500000000000003,-0.8333333333333334,0.6086666666666665,1.1410000000000002,-0.14333333333333342,1.3163333333333334,5.083333333333333,7.760000000000001,87.52999999999999,13.0,0.0,4094.670000000001,0.366,-1.6,0.664,1.356,1.9,1.386,4.3,6.0,88.8,1.0,0.0,662.7999999999998,-0.09000000000000001,-0.45999999999999996,0.508,0.9759999999999998,-1.3,0.58,4.8,8.7,78.28000000000002,2.0,0.0,649.73
Sequence_439,KAAKKWAKAWKKAAKAWKKAA,-0.06142857142857143,-0.7571428571428571,0.6228571428571427,0.7900000000000001,-0.7857142857142854,1.3442857142857139,4.642857142857143,8.814285714285713,78.52857142857142,12.0,0.0,2741.82,-0.14,-0.5,0.6279999999999999,0.652,-1.2,0.8699999999999999,4.6,9.48,76.17999999999999,3.0,0.0,643.66,-0.05600000000000001,-0.86,0.6279999999999999,0.8440000000000001,-0.8200000000000001,1.592,4.8,8.64,81.04,3.0,0.0,669.69
seq_871,VILIFVKKKAAKPMRQVLRNIYRNWRPKYW,0.06300000000000003,-0.8933333333333334,0.6086666666666665,1.1793333333333333,-0.09333333333333335,1.5166666666666668,5.183333333333334,7.586666666666668,89.01999999999997,14.0,2.0,4119.76,0.292,-1.24,0.46799999999999997,0.976,1.06,1.386,3.3,6.82,75.66,1.0,0.0,606.7,0.07,-1.1199999999999999,0.6599999999999999,1.468,-4.4408920985006264e-17,1.302,5.9,7.24,92.9,2.0,0.0,717.8399999999999
Sequence_689,LLAGLAANFLPTIICKISYKC,-0.07428571428571429,-0.2095238095238095,0.6166666666666665,0.51,0.3095238095238097,0.6057142857142856,4.428571428571429,8.123809523809525,78.50952380952381,16.0,3.0,2579.9399999999996,0.35,-1.14,0.852,1.23,2.3600000000000003,0.25,5.0,6.840000000000001,89.66,2.0,0.0,628.7499999999999,-0.344,0.26,0.534,0.009999999999999964,-0.9400000000000001,0.78,4.4,9.0,75.46,6.0,1.0,626.6700000000001
seq_1359,VMLIFVKKKAAKPLRKVLRNIYRKWRPKWW,0.054333333333333345,-1.03,0.6413333333333332,1.2310000000000003,-0.29000000000000004,1.6596666666666668,5.366666666666666,7.613333333333332,91.0733333333333,15.0,1.0,4238.84,0.366,-1.6,0.664,1.356,1.9,1.386,4.3,6.0,88.8,1.0,0.0,662.7999999999998,-0.03400000000000001,-1.2799999999999998,0.648,1.488,-1.1,2.314,6.3,7.3,99.12,3.0,0.0,781.8800000000001
seq_1226,VILIFVKKKAAKPYRQVLRNIYRHWRPKMY,0.09633333333333335,-0.8666666666666667,0.6106666666666666,1.1696666666666669,0.10333333333333332,1.268,5.05,7.610000000000001,87.3033333333333,12.0,0.0,4056.660000000001,0.292,-1.24,0.46799999999999997,0.976,1.06,1.386,3.3,6.82,75.66,1.0,0.0,606.7,0.17200000000000001,-1.02,0.716,1.5279999999999998,1.02,0.29,5.6,6.9799999999999995,90.06000000000002,1.0,0.0,667.8199999999999
seq_730,VILIFVKKKAAKPYRQFYRNIYRHWRPKWW,0.044666666666666695,-0.8200000000000001,0.5879999999999997,1.0756666666666668,-0.14666666666666667,1.3743333333333332,5.016666666666667,7.6899999999999995,86.01333333333329,13.0,0.0,4073.610000000001,0.292,-1.24,0.46799999999999997,0.976,1.06,1.386,3.3,6.82,75.66,1.0,0.0,606.7,-0.03400000000000001,-1.2799999999999998,0.648,1.488,-1.1,2.314,6.3,7.3,99.12,3.0,0.0,781.8800000000001
seq_1565,VILIFVKKKAAKPLRQFLRNIYRHWRPKWK,0.043333333333333356,-0.7800000000000001,0.6053333333333331,1.0703333333333334,-0.19000000000000003,1.254,5.016666666666667,7.783333333333333,86.32999999999997,13.0,0.0,4075.620000000001,0.292,-1.24,0.46799999999999997,0.976,1.06,1.386,3.3,6.82,75.66,1.0,0.0,606.7,-0.11800000000000002,-0.9199999999999999,0.648,1.2959999999999998,-1.48,1.592,6.1,8.14,94.26000000000002,3.0,0.0,755.85
Sequence_78,GLFKVIKKVASVIGGL,-0.02187499999999999,-0.9937500000000001,0.6218750000000001,0.8699999999999999,-0.6937500000000001,1.8056249999999998,4.84375,8.13125,87.71249999999999,13.0,0.0,2244.46,0.010000000000000009,-1.3,0.7440000000000001,1.06,-0.12000000000000004,1.9259999999999997,5.5,7.4,97.46,4.0,0.0,757.87,-0.023999999999999976,-0.96,0.616,0.8119999999999999,-0.7600000000000001,1.886,5.0,8.120000000000001,90.61999999999999,5.0,0.0,702.78
seq_1387,VMLIFVKKKAAKPYRQVLRNIYRKIRPKMR,0.10033333333333337,-0.9166666666666667,0.6073333333333332,1.2163333333333335,0.0899999999999999,1.1053333333333333,5.05,7.573333333333334,86.68666666666665,11.0,1.0,4012.6500000000005,0.366,-1.6,0.664,1.356,1.9,1.386,4.3,6.0,88.8,1.0,0.0,662.7999999999998,0.05,-0.72,0.636,1.4679999999999997,-0.14000000000000012,0.29,5.7,7.4,87.76000000000002,1.0,0.0,665.8
Sequence_586,RWKIFKKIEKMGRNIRDGIVKAGPAIEVLGSAKAIGK,-0.15189189189189192,-0.2702702702702703,0.5527027027027026,0.5264864864864867,-1.22972972972973,1.053783783783784,4.391891891891892,8.975675675675674,77.57567567567567,27.0,-1.0,4741.01,-0.05000000000000001,-0.76,0.476,0.764,-0.8000000000000002,1.302,4.4,7.82,77.26000000000002,2.0,0.0,647.6999999999999,-0.21600000000000003,-0.26,0.5199999999999999,0.346,-1.7,0.8300000000000001,4.2,9.68,72.47999999999999,4.0,0.0,620.63
seq_1579,VMLIFVKKKAAKPYRQVYRNIYRHWRPKMW,0.085,-0.9433333333333335,0.6326666666666665,1.223,0.050000000000000024,1.4366666666666668,5.266666666666667,7.506666666666667,89.96666666666664,13.0,0.0,4162.780000000001,0.366,-1.6,0.664,1.356,1.9,1.386,4.3,6.0,88.8,1.0,0.0,662.7999999999998,0.068,-1.1800000000000002,0.7040000000000001,1.5479999999999996,-0.08000000000000011,1.302,6.0,7.040000000000001,96.28,2.0,0.0,731.8599999999999
Sequence_172,ATCDLLSAFGVGHAACAAHCIGHGYRGGYCNSKAVCTCRR,-0.36400000000000005,0.32,0.6174999999999999,0.12499999999999993,-1.1650000000000003,1.1247500000000001,5.0625,9.0,82.75999999999996,50.0,4.0,5315.740000000001,-0.32,0.10000000000000005,0.696,0.07799999999999993,-0.4800000000000001,0.49000000000000005,5.1,8.8,82.12,7.0,1.0,645.6999999999999,-0.768,1.1199999999999999,0.516,-0.2560000000000001,-2.5799999999999996,0.9800000000000001,6.2,9.120000000000001,87.32000000000001,9.0,2.0,697.78
Sequence_353,GFKMALKLLKKVL,0.14,-1.2076923076923078,0.7984615384615383,1.1915384615384617,0.6846153846153845,1.0753846153846154,5.384615384615385,7.446153846153848,94.12307692307692,7.0,0.0,1837.1200000000003,-0.05399999999999996,-0.72,0.7,0.674,0.2799999999999999,0.54,4.6,7.88,80.9,3.0,0.0,642.72,0.20599999999999996,-1.5999999999999999,0.8280000000000001,1.536,0.33999999999999997,1.966,6.0,7.32,104.64000000000001,3.0,0.0,776.9
Sequence_26,KWKSFAKTFKSAKKTVAHTALKAISS,-0.09192307692307694,-0.48076923076923084,0.5946153846153843,0.5973076923076922,-0.5884615384615384,0.9003846153846152,4.326923076923077,8.653846153846153,75.02692307692308,17.0,-1.0,3290.390000000001,-0.2,-0.8,0.65,0.654,-1.2,1.592,5.0,8.34,84.64,4.0,0.0,717.75,-0.10200000000000001,-0.07999999999999999,0.45600000000000007,0.266,-0.68,0.29,3.0,9.180000000000001,58.120000000000005,3.0,0.0,529.5
Sequence_131,YERDPRQQYEQCQRRCESEATEEREQEQCEQRCEREYKEQQRQQEEE,-0.2348936170212767,0.48510638297872344,0.6546808510638299,0.3540425531914895,-0.9446808510638303,0.2393617021276596,4.797872340425532,9.138297872340424,85.17872340425534,36.0,-11.0,6532.67,-0.12599999999999997,0.07999999999999999,0.6839999999999999,0.6599999999999999,-0.5000000000000001,0.0,4.8,8.84,80.1,3.0,-1.0,646.71,-0.188,0.8,0.736,0.19999999999999987,-0.9800000000000001,0.0,4.1,9.879999999999999,86.6,3.0,-3.0,729.6800000000001
seq_1706,VILIFVKKKAAKPLRQVYRNIYRKWRPKMW,0.08633333333333337,-1.0100000000000002,0.6093333333333332,1.2196666666666667,-0.06999999999999999,1.4426666666666668,5.15,7.5566666666666675,88.57999999999997,13.0,1.0,4128.7300000000005,0.292,-1.24,0.46799999999999997,0.976,1.06,1.386,3.3,6.82,75.66,1.0,0.0,606.7,0.068,-1.1800000000000002,0.7040000000000001,1.5479999999999996,-0.08000000000000011,1.302,6.0,7.040000000000001,96.28,2.0,0.0,731.8599999999999
seq_1658,VMLIFVKKKAAKPMRQFLRNIFRHWRPKWY,0.06366666666666669,-0.8566666666666668,0.6339999999999999,1.1249999999999998,0.11666666666666664,1.2056666666666664,5.083333333333333,7.473333333333333,87.7333333333333,12.0,0.0,4097.710000000001,0.366,-1.6,0.664,1.356,1.9,1.386,4.3,6.0,88.8,1.0,0.0,662.7999999999998,0.06999999999999999,-1.1199999999999999,0.6599999999999999,1.468,0.0,1.302,5.9,7.24,92.9,2.0,0.0,717.84
seq_923,VMLIFVKKKAAKPLRQFLRNIYRHWRPKIW,0.07433333333333335,-0.8233333333333335,0.6146666666666665,1.1123333333333332,0.04333333333333336,1.2056666666666664,5.0,7.6,86.66666666666664,12.0,0.0,4051.630000000001,0.366,-1.6,0.664,1.356,1.9,1.386,4.3,6.0,88.8,1.0,0.0,662.7999999999998,-0.006000000000000004,-0.82,0.508,1.168,-0.9200000000000002,1.302,5.0,7.860000000000001,83.14000000000001,2.0,0.0,675.76
seq_1089,VMLIFVKKKAAKPLRQVLRNIYRHWRPKMR,0.09466666666666668,-0.8866666666666667,0.6386666666666666,1.2363333333333335,0.05999999999999995,1.268,5.25,7.5200000000000005,89.67333333333332,12.0,0.0,4124.760000000001,0.366,-1.6,0.664,1.356,1.9,1.386,4.3,6.0,88.8,1.0,0.0,662.7999999999998,0.05,-0.72,0.636,1.4679999999999997,-0.14000000000000012,0.29,5.7,7.4,87.76000000000002,1.0,0.0,665.8
seq_1715,VILIFVKKKAAKPLRKVLRNIYRHIRPKMW,0.056333333333333326,-0.7600000000000001,0.5939999999999998,1.0776666666666666,-0.2400000000000001,1.3163333333333334,4.9,7.863333333333333,85.50666666666665,13.0,0.0,4018.570000000001,0.292,-1.24,0.46799999999999997,0.976,1.06,1.386,3.3,6.82,75.66,1.0,0.0,606.7,0.068,-1.1800000000000002,0.7040000000000001,1.5479999999999996,-0.08000000000000011,1.302,6.0,7.040000000000001,96.28,2.0,0.0,731.8599999999999
Sequence_136,ATCKAECPTWDSVCINKKPCVACCKKAKFSDGHCSKILRRCLCTKEC,-0.4955319148936171,0.425531914893617,0.6317021276595743,0.03021276595744676,-1.8000000000000003,1.3023404255319155,5.297872340425532,9.268085106382978,86.32127659574468,68.0,8.0,6634.159999999998,-0.368,0.22000000000000003,0.5840000000000001,0.07999999999999999,-0.96,0.78,4.7,9.14,75.48,6.0,1.0,626.66,-0.9639999999999999,1.6199999999999999,0.664,-0.8480000000000001,-3.28,1.27,5.7,10.6,89.94000000000001,11.0,1.0,755.78
Sequence_189,GWRTLLKKAEVKTVGKLALKHYL,0.013043478260869577,-0.7608695652173915,0.7243478260869564,0.9643478260869564,-0.2521739130434783,1.3017391304347825,5.369565217391305,8.2,91.10000000000001,16.0,-2.0,3242.55,-0.03799999999999999,-0.86,0.6519999999999999,1.0,-0.5200000000000001,1.262,5.8,7.7,90.53999999999999,4.0,0.0,692.76,0.196,-0.5199999999999999,0.836,1.036,1.3,0.5439999999999999,5.4,7.800000000000002,93.14000000000001,2.0,-1.0,681.78
seq_1339,VMLIFVKKKAAKPYRKVMRNIYRHWRPRMK,0.048,-0.8100000000000002,0.6286666666666665,1.1676666666666666,-0.17333333333333337,1.3163333333333334,5.216666666666667,7.706666666666667,88.37666666666664,13.0,0.0,4100.710000000001,0.366,-1.6,0.664,1.356,1.9,1.386,4.3,6.0,88.8,1.0,0.0,662.7999999999998,0.05,-0.72,0.6359999999999999,1.4679999999999997,-0.14000000000000012,0.29,5.7,7.4,87.75999999999999,1.0,0.0,665.8
seq_1198,VMLIFVKKKAAKPLRQVYRNIYRHWRPKYW,0.0916666666666667,-0.9433333333333334,0.6339999999999999,1.223,0.07333333333333328,1.4366666666666668,5.266666666666667,7.516666666666667,89.96666666666664,13.0,0.0,4162.780000000001,0.366,-1.6,0.664,1.356,1.9,1.386,4.3,6.0,88.8,1.0,0.0,662.7999999999998,0.07,-1.1199999999999999,0.6599999999999999,1.468,-4.4408920985006264e-17,1.302,5.9,7.24,92.9,2.0,0.0,717.8399999999999
seq_1305,VMLIFVKKKAAKPLRKVLRNIYRKIRPKYW,0.07633333333333334,-0.9266666666666666,0.6199999999999998,1.1743333333333332,-0.07666666666666669,1.3223333333333334,5.083333333333333,7.696666666666667,87.3733333333333,13.0,1.0,4068.6800000000003,0.366,-1.6,0.664,1.356,1.9,1.386,4.3,6.0,88.8,1.0,0.0,662.7999999999998,0.07,-1.1199999999999999,0.6599999999999999,1.468,-4.4408920985006264e-17,1.302,5.9,7.24,92.9,2.0,0.0,717.8399999999999
seq_556,VILIFVKKKAAKPYRQVYRNIYRHIRPKMR,0.07433333333333336,-0.73,0.5653333333333331,1.093,-0.07000000000000003,1.0993333333333333,4.833333333333333,7.796666666666668,83.69333333333331,11.0,0.0,3934.5000000000014,0.292,-1.24,0.46799999999999997,0.976,1.06,1.386,3.3,6.82,75.66,1.0,0.0,606.7,0.05,-0.72,0.636,1.4679999999999997,-0.14000000000000012,0.29,5.7,7.4,87.76000000000002,1.0,0.0,665.8
Sequence_170,FKRLAKIKVLRLAKIKR,0.07117647058823526,-0.7823529411764706,0.588235294117647,0.9894117647058823,-0.17058823529411768,0.8341176470588234,4.647058823529412,8.041176470588237,80.45882352941176,6.0,0.0,2168.4100000000003,0.10999999999999999,-0.76,0.6439999999999999,0.9579999999999999,0.8,0.29,4.5,7.4399999999999995,77.67999999999999,1.0,0.0,611.7,-0.092,-0.3,0.45599999999999996,0.6300000000000001,-1.3199999999999998,0.58,4.1,9.18,69.26000000000002,2.0,0.0,589.61
seq_1481,VMIIFVKKKAAKPYRQVLRNIYRHWRPKWW,0.05533333333333334,-0.91,0.5979999999999998,1.163,-0.2733333333333334,1.6053333333333335,5.166666666666667,7.653333333333333,88.81333333333329,14.0,0.0,4170.720000000001,0.252,-1.24,0.45999999999999996,0.976,0.9199999999999999,1.386,3.3,6.76,75.66,1.0,0.0,606.6999999999999,-0.03400000000000001,-1.2799999999999998,0.648,1.488,-1.1,2.314,6.3,7.3,99.12,3.0,0.0,781.8800000000001
Sequence_597,AAWKWAWAKKWAKAKKWAKAA,-0.021428571428571432,-0.9285714285714286,0.6228571428571426,0.8814285714285719,-0.6047619047619047,1.6880952380952379,4.738095238095238,8.414285714285715,80.84285714285714,12.0,0.0,2793.8800000000006,0.027999999999999997,-1.22,0.6279999999999999,1.036,-0.44000000000000006,2.314,5.0,7.8,85.9,3.0,0.0,695.72,0.074,-0.86,0.592,0.85,0.18,1.302,4.1,8.180000000000001,73.18000000000002,2.0,0.0,603.62
Sequence_32,ITCPQVTQSLAPCVPYLISG,0.011,-0.7650000000000001,0.6279999999999999,0.9804999999999999,0.40999999999999986,1.0005,5.075,7.390000000000001,88.305,16.0,2.0,2748.1800000000003,-0.182,-0.24,0.532,0.6239999999999999,-0.18,0.49000000000000005,5.1,7.800000000000002,85.64000000000001,5.0,1.0,682.79,0.096,-0.5599999999999999,0.5980000000000001,0.6379999999999999,0.7999999999999998,0.25,4.0,7.959999999999999,73.6,3.0,0.0,574.63
seq_604,VILIFVKKKAAKPLRKVLRNIYRHWRPRMW,0.06266666666666666,-0.8200000000000002,0.6059999999999998,1.1496666666666668,-0.21666666666666673,1.4366666666666668,5.1,7.6899999999999995,87.55999999999997,13.0,0.0,4084.660000000001,0.292,-1.24,0.46799999999999997,0.976,1.06,1.386,3.3,6.82,75.66,1.0,0.0,606.7,0.134,-1.08,0.6359999999999999,1.6599999999999997,0.2399999999999999,1.012,5.9,6.5600000000000005,92.61999999999999,1.0,0.0,691.8299999999999
seq_123,VMLIFVKKKAAKPYRQVYRNIYRHWRPKWW,0.06800000000000002,-0.9600000000000002,0.6233333333333331,1.2130000000000003,-0.11999999999999995,1.6053333333333335,5.316666666666666,7.55,90.43999999999997,14.0,0.0,4212.8,0.366,-1.6,0.664,1.356,1.9,1.386,4.3,6.0,88.8,1.0,0.0,662.7999999999998,-0.03400000000000001,-1.2799999999999998,0.648,1.488,-1.1,2.314,6.3,7.3,99.12,3.0,0.0,781.8800000000001
seq_1381,VMLIFVKKKAAKPLRQVLRNIYRNWRPKWK,0.0506666666666667,-0.92,0.6406666666666665,1.214,-0.17666666666666672,1.5650000000000004,5.383333333333334,7.61,91.43666666666665,15.0,2.0,4213.870000000001,0.366,-1.6,0.664,1.356,1.9,1.386,4.3,6.0,88.8,1.0,0.0,662.7999999999998,-0.11800000000000002,-0.9199999999999999,0.648,1.2959999999999998,-1.48,1.592,6.1,8.14,94.26000000000002,3.0,0.0,755.85
Sequence_471,KSCCPNTTGRNIYNTCRFAGGSRERCAKLSGCKIISASTCPSDYPK,-0.3973913043478261,0.39130434782608686,0.5834782608695652,0.15217391304347824,-1.3304347826086955,0.7936956521739131,4.934782608695652,9.078260869565215,79.33260869565216,55.0,8.0,5948.5,-0.784,0.9,0.674,-0.23000000000000007,-2.2199999999999998,1.27,6.0,9.260000000000002,92.53999999999999,10.0,2.0,757.86,-0.1,-0.5599999999999999,0.7060000000000001,0.79,-0.27999999999999997,0.29,5.0,8.559999999999999,81.05999999999999,4.0,0.0,658.73
Sequence_431,DFKDWMKTAGEWLKKKGPGILKAAMAAAT,-0.07965517241379311,-0.5827586206896552,0.6703448275862067,0.6696551724137932,-0.44137931034482736,0.7782758620689654,4.724137931034483,8.575862068965517,80.72413793103448,21.0,-1.0,3772.020000000001,-0.324,-0.6799999999999999,0.708,0.28400000000000003,-1.8,1.302,5.2,9.06,85.56,6.0,0.0,721.74,0.22000000000000003,-0.74,0.608,0.8859999999999999,1.7,0.0,3.6,7.5600000000000005,66.2,1.0,0.0,517.5600000000001
Sequence_81,FALALKALKKAL,0.23,-0.9750000000000001,0.7399999999999999,1.0483333333333333,1.5083333333333337,0.3625,4.416666666666667,7.491666666666667,80.2,3.0,0.0,1467.67,0.4,-1.1199999999999999,0.74,1.1039999999999999,3.0200000000000005,0.0,3.8,6.42,75.5,0.0,0.0,561.67,0.182,-1.02,0.792,1.15,0.8799999999999999,0.58,5.1,7.860000000000001,88.08000000000001,2.0,0.0,661.75
seq_852,VILIFVKKKAAKPLRKVYRNIYRHWRPKWK,0.014333333333333332,-0.7833333333333334,0.5993333333333332,1.0756666666666668,-0.5133333333333334,1.5333333333333337,5.116666666666666,7.9766666666666675,87.26999999999998,15.0,0.0,4134.660000000001,0.292,-1.24,0.46799999999999997,0.976,1.06,1.386,3.3,6.82,75.66,1.0,0.0,606.7,-0.11800000000000002,-0.9199999999999999,0.648,1.2959999999999998,-1.48,1.592,6.1,8.14,94.26000000000002,3.0,0.0,755.85
seq_404,VILIFVKKKAAKPLRQVYRNIYRHWRPKYK,0.06533333333333337,-0.8233333333333335,0.6013333333333332,1.1276666666666666,-0.13,1.3163333333333334,5.066666666666666,7.793333333333335,86.96666666666664,13.0,0.0,4080.6500000000005,0.292,-1.24,0.46799999999999997,0.976,1.06,1.386,3.3,6.82,75.66,1.0,0.0,606.7,-0.014000000000000002,-0.76,0.6599999999999999,1.2759999999999998,-0.38000000000000006,0.58,5.7,8.08,88.04,2.0,0.0,691.81
Sequence_601,FAKLLAKALKKFL,0.16538461538461538,-0.976923076923077,0.7446153846153846,0.9946153846153847,1.2000000000000002,0.4461538461538461,4.576923076923077,7.515384615384617,82.3076923076923,4.0,0.0,1654.8900000000003,0.26999999999999996,-1.1199999999999999,0.776,1.098,2.02,0.29,4.5,6.88,83.36,1.0,0.0,627.7399999999999,0.13999999999999999,-1.1199999999999999,0.812,1.092,1.02,0.58,5.2,7.340000000000001,91.22,2.0,0.0,693.81
seq_137,VILIFVKKKAAKPMRQVLRNIYRHWRPKIK,0.05233333333333336,-0.7833333333333334,0.5833333333333331,1.091,-0.29666666666666675,1.3163333333333334,4.933333333333334,7.863333333333334,85.90333333333332,13.0,0.0,4052.5900000000006,0.292,-1.24,0.46799999999999997,0.976,1.06,1.386,3.3,6.82,75.66,1.0,0.0,606.7,-0.09000000000000001,-0.45999999999999996,0.508,0.9759999999999998,-1.3,0.58,4.8,8.7,78.28000000000002,2.0,0.0,649.73
Sequence_49,FAEPLPSEEEGESYSKEPPEMEKRYGGFM,-0.18068965517241373,0.289655172413793,0.7189655172413792,0.41310344827586204,-0.4827586206896552,0.22931034482758622,4.258620689655173,8.986206896551723,79.1241379310345,19.0,-8.0,3800.01,0.11200000000000002,-0.32,0.74,0.8300000000000001,1.44,0.0,3.9,7.500000000000002,77.8,1.0,-1.0,623.72,-0.05399999999999996,-0.78,0.744,0.6679999999999999,0.7,0.5,5.1,7.459999999999999,86.96000000000001,4.0,0.0,661.77
seq_1695,VMLIFVKKKAAKPYRQVLRNIYRHARPKMW,0.099,-0.8933333333333334,0.6353333333333332,1.2053333333333334,0.16333333333333325,1.268,5.133333333333334,7.546666666666667,88.40999999999998,12.0,0.0,4084.7000000000007,0.366,-1.6,0.664,1.356,1.9,1.386,4.3,6.0,88.8,1.0,0.0,662.7999999999998,0.068,-1.1800000000000002,0.7040000000000001,1.5479999999999996,-0.08000000000000011,1.302,6.0,7.040000000000001,96.28,2.0,0.0,731.8599999999999
Sequence_241,FAKLLAKLAKK,0.12545454545454546,-0.9,0.730909090909091,0.9681818181818183,0.781818181818182,0.5272727272727272,4.636363636363637,7.90909090909091,81.7909090909091,4.0,0.0,1402.57,0.26999999999999996,-1.1199999999999999,0.776,1.098,2.02,0.29,4.5,6.88,83.36,1.0,0.0,627.7399999999999,-0.04400000000000002,-0.76,0.7280000000000001,0.898,-0.6600000000000001,0.8699999999999999,5.2,8.9,86.05999999999999,3.0,0.0,685.7399999999999
Sequence_141,FLSLLPSIVSGAVSLAKKL,0.14842105263157898,-0.9842105263157894,0.6915789473684208,1.048421052631579,0.7999999999999998,0.9478947368421051,4.526315789473684,7.436842105263157,83.23157894736843,10.0,0.0,2464.7699999999995,0.394,-1.22,0.842,1.218,3.04,0.0,4.5,6.06,85.84,1.0,0.0,619.7499999999999,0.182,-1.02,0.792,1.15,0.8799999999999999,0.58,5.1,7.860000000000001,88.08,2.0,0.0,661.7499999999999
seq_926,VMLIFVKKKAAKPYRKVYRNIYRHWRPKMK,0.037333333333333336,-0.8166666666666668,0.6326666666666665,1.1356666666666666,-0.2133333333333334,1.364666666666667,5.216666666666667,7.820000000000001,88.42333333333332,14.0,0.0,4126.720000000001,0.366,-1.6,0.664,1.356,1.9,1.386,4.3,6.0,88.8,1.0,0.0,662.7999999999998,-0.016000000000000004,-0.82,0.7040000000000001,1.3559999999999997,-0.46000000000000013,0.58,5.8,7.88,91.42,2.0,0.0,705.8299999999999
Sequence_555,TAGIKLTVPIEKFPVTTQTFWG,-0.024090909090909083,-0.8227272727272728,0.598181818181818,0.8849999999999999,-0.29090909090909095,1.1054545454545452,4.818181818181818,7.895454545454545,83.98636363636365,15.0,-1.0,2997.3,-0.172,-0.24,0.4800000000000001,0.32199999999999995,-1.2,0.54,4.0,9.32,68.34,4.0,0.0,584.59,-0.039999999999999994,-1.1999999999999997,0.6399999999999999,0.916,-0.040000000000000036,1.262,5.5,7.2,91.86,4.0,0.0,732.8000000000001
seq_1667,VILIFVKKKAAKPLRKFLRNIYRHWRPKMR,0.037666666666666654,-0.6800000000000002,0.6033333333333332,1.0436666666666665,-0.16666666666666666,1.0853333333333333,4.933333333333334,7.833333333333334,84.5133333333333,12.0,0.0,3975.540000000001,0.292,-1.24,0.46799999999999997,0.976,1.06,1.386,3.3,6.82,75.66,1.0,0.0,606.7,0.05,-0.72,0.636,1.4679999999999997,-0.14000000000000012,0.29,5.7,7.4,87.76000000000002,1.0,0.0,665.8
Sequence_4,VNFKKLLGKLLKVVK,0.018666666666666654,-1.18,0.7773333333333331,1.2126666666666668,-0.3733333333333333,2.1973333333333334,5.933333333333334,7.753333333333336,102.45333333333336,12.0,1.0,2326.6900000000005,-0.29800000000000004,-0.48,0.68,0.7380000000000001,-1.7399999999999998,2.6999999999999997,5.8,8.6,98.52000000000001,5.0,1.0,781.9,0.13399999999999995,-1.92,0.764,1.6760000000000002,-0.74,3.3519999999999994,6.3,7.359999999999999,111.32000000000001,4.0,0.0,849.9699999999999
Sequence_269,ASSSYPLIHWRPWAR,0.06333333333333332,-0.5066666666666666,0.5846666666666667,0.9606666666666666,0.26666666666666666,0.7593333333333334,4.466666666666667,7.733333333333333,76.86666666666666,6.0,-1.0,1855.0300000000002,0.0020000000000000018,-0.22000000000000003,0.5740000000000001,0.44000000000000006,0.72,0.0,3.3,8.319999999999999,60.48,3.0,0.0,521.51,0.07799999999999999,-0.82,0.544,1.414,-0.16000000000000006,1.012,5.3,7.2,82.74000000000001,1.0,0.0,649.75
Sequence_114,FAKLLAKLAKKAL,0.18153846153846154,-0.9384615384615386,0.7369230769230769,1.016923076923077,1.1461538461538463,0.4461538461538461,4.538461538461538,7.715384615384616,81.10000000000001,4.0,0.0,1622.83,0.26999999999999996,-1.1199999999999999,0.776,1.098,2.02,0.29,4.5,6.88,83.36,1.0,0.0,627.7399999999999,0.086,-0.76,0.692,0.9039999999999999,0.33999999999999986,0.58,4.5,8.440000000000001,78.2,2.0,0.0,619.67
seq_451,VILIFVKKKAAKPMRQVMRNIYRHWHPKWR,0.0336666666666667,-0.7433333333333335,0.6046666666666665,1.0976666666666666,-0.36000000000000004,1.479,5.116666666666666,7.823333333333334,88.32666666666663,14.0,-1.0,4150.68,0.292,-1.24,0.46799999999999997,0.976,1.06,1.386,3.3,6.82,75.66,1.0,0.0,606.7,-0.162,-0.21999999999999997,0.644,1.016,-1.5400000000000003,1.5559999999999998,5.9,8.52,92.82000000000001,3.0,-1.0,747.82
Sequence_56,FAKKLAKALL,0.178,-0.9400000000000001,0.734,1.001,1.18,0.43499999999999994,4.5,7.660000000000001,80.78,3.0,0.0,1247.41,0.044,-0.86,0.712,0.8460000000000001,0.47999999999999987,0.58,4.6,7.92,81.34,2.0,0.0,651.7299999999999,0.312,-1.02,0.756,1.156,1.8800000000000001,0.29,4.4,7.4,80.22,1.0,0.0,595.68
seq_1072,VILIFVKKKAAKPLRKVLRNIYRHWRPKYW,0.052000000000000005,-0.8266666666666668,0.6099999999999998,1.1176666666666668,-0.2566666666666667,1.485,5.1,7.803333333333333,87.60666666666664,14.0,0.0,4110.670000000001,0.292,-1.24,0.46799999999999997,0.976,1.06,1.386,3.3,6.82,75.66,1.0,0.0,606.7,0.07,-1.1199999999999999,0.6599999999999999,1.468,-4.4408920985006264e-17,1.302,5.9,7.24,92.9,2.0,0.0,717.8399999999999
Sequence_191,GLFDIIKKIAESI,-0.11153846153846156,-0.04615384615384614,0.48384615384615387,0.17076923076923076,-0.8076923076923078,0.31923076923076926,3.1923076923076925,9.223076923076922,64.66153846153846,8.0,-1.0,1468.4699999999996,-0.07999999999999999,-0.48,0.616,0.292,-0.08,0.25,4.0,8.36,74.4,4.0,0.0,605.6600000000001,-0.08199999999999999,0.5599999999999999,0.362,-0.10399999999999998,-0.66,0.0,1.8,9.66,49.7,2.0,-1.0,477.42
Sequence_158,GIGKFLHSAKKFAKAFVAEIMNS,-0.12478260869565214,-0.17391304347826086,0.6078260869565216,0.4273913043478261,-0.4782608695652174,0.8769565217391305,4.108695652173913,8.695652173913045,75.75217391304348,15.0,-1.0,2886.0700000000006,-0.31599999999999995,-0.22000000000000003,0.536,0.11600000000000002,-1.6200000000000003,0.79,4.3,9.18,75.18,5.0,0.0,643.68,-0.27799999999999997,0.9,0.5900000000000001,0.028000000000000004,-0.96,0.734,3.7,9.48,73.33999999999999,4.0,0.0,590.62
seq_1133,VILIFVKKKAAKPYRQVLRNIYRHIYPKWK,0.07300000000000002,-0.8233333333333334,0.589333333333333,1.0876666666666668,-0.09000000000000001,1.3163333333333334,4.9,7.826666666666668,85.72333333333331,13.0,0.0,4040.590000000001,0.292,-1.24,0.46799999999999997,0.976,1.06,1.386,3.3,6.82,75.66,1.0,0.0,606.7,0.0040000000000000036,-1.22,0.7280000000000001,1.356,-0.3200000000000002,1.592,6.0,7.720000000000001,96.56000000000002,3.0,0.0,757.87
seq_1629,VIIIFVKKKAAKPLRKVYRNIYRHWRPKMK,0.012333333333333337,-0.7066666666666668,0.5746666666666663,1.0223333333333333,-0.5066666666666667,1.364666666666667,4.9,8.06,84.60666666666664,14.0,0.0,4028.5400000000004,0.17800000000000002,-0.8800000000000001,0.26399999999999996,0.596,0.07999999999999999,1.386,2.3,7.58,62.52,1.0,0.0,550.6,-0.016000000000000004,-0.82,0.7040000000000001,1.3559999999999997,-0.46000000000000013,0.58,5.8,7.88,91.42,2.0,0.0,705.8299999999999
Sequence_272,FLSAIASMLGKFL,0.1423076923076923,-0.7615384615384616,0.6738461538461539,0.78,1.323076923076923,0.2076923076923077,3.9615384615384617,7.384615384615385,75.1923076923077,5.0,0.0,1531.7200000000003,0.184,-0.6,0.538,0.5919999999999999,1.52,0.0,2.9,7.4,62.82000000000001,1.0,0.0,521.5699999999999,0.08199999999999999,-0.9800000000000001,0.8080000000000002,0.9199999999999999,0.96,0.54,5.2,7.360000000000001,90.78,3.0,0.0,684.8
Sequence_116,YCAYYSPRHKTTF,-0.09999999999999999,-0.1769230769230769,0.6269230769230769,0.6138461538461538,0.29230769230769227,0.3976923076923077,4.884615384615385,8.046153846153846,79.26923076923079,9.0,0.0,1645.8500000000004,0.02200000000000002,-0.4,0.696,0.614,1.98,0.49000000000000005,5.0,7.26,83.4,4.0,1.0,614.74,-0.26799999999999996,0.14000000000000004,0.6,0.26,-1.1199999999999999,0.5439999999999999,4.8,9.080000000000002,77.46000000000001,4.0,-1.0,661.68
Sequence_75,LGFWGLPH,-0.027499999999999983,-0.6,0.7725000000000001,0.8725,0.19999999999999996,1.10375,5.5,7.637500000000001,93.78750000000001,6.0,-1.0,1153.3200000000002,-0.11799999999999997,-0.9400000000000001,0.7400000000000001,0.688,-0.25999999999999995,1.512,5.5,7.58,93.17999999999999,5.0,0.0,725.8100000000001,-0.059999999999999984,-0.43999999999999984,0.772,0.984,-0.38,1.516,5.9,7.9799999999999995,98.05999999999999,4.0,-1.0,754.85
seq_264,VILIFVKKKAAKPYRQVYRNIYRKWYPKMW,0.10033333333333337,-1.05,0.6139999999999998,1.2163333333333337,0.11333333333333331,1.4426666666666668,5.116666666666666,7.510000000000001,88.39999999999996,13.0,1.0,4116.7300000000005,0.292,-1.24,0.46799999999999997,0.976,1.06,1.386,3.3,6.82,75.66,1.0,0.0,606.7,0.19,-1.48,0.784,1.6079999999999999,1.0799999999999998,1.302,5.9,6.62,98.58000000000001,2.0,0.0,733.8799999999999
seq_1361,VIIIFVKKKAAKPLRQVYRNIYRHWRPKIK,0.03366666666666666,-0.7133333333333334,0.5419999999999998,1.0143333333333333,-0.4466666666666667,1.3163333333333334,4.75,8.023333333333333,83.14999999999999,13.0,0.0,3982.470000000001,0.17800000000000002,-0.8800000000000001,0.26399999999999996,0.596,0.07999999999999999,1.386,2.3,7.58,62.52,1.0,0.0,550.6,-0.09000000000000001,-0.45999999999999996,0.508,0.9759999999999998,-1.3,0.58,4.8,8.7,78.28000000000002,2.0,0.0,649.73
seq_1480,VMLIFVKKKAAKPYRKVLRHIYRHWRPKMW,0.07366666666666669,-0.8866666666666668,0.6413333333333332,1.1746666666666667,-0.12666666666666676,1.405,5.2,7.6899999999999995,89.11666666666663,13.0,-2.0,4167.710000000001,0.366,-1.6,0.664,1.356,1.9,1.386,4.3,6.0,88.8,1.0,0.0,662.7999999999998,0.068,-1.1800000000000002,0.7040000000000001,1.5479999999999996,-0.08000000000000011,1.302,6.0,7.040000000000001,96.28,2.0,0.0,731.8599999999999
Sequence_677,GLPVCGETCVGGTCNTPGCSCSWPVCTRN,-0.5379310344827586,0.3034482758620689,0.6613793103448274,0.19862068965517238,-1.9172413793103447,1.8668965517241383,6.017241379310345,8.848275862068963,95.42758620689652,49.0,7.0,4375.929999999999,-0.21799999999999997,-0.6600000000000001,0.7720000000000001,0.916,-0.5,2.126,6.4,7.459999999999999,106.78,7.0,1.0,804.97,-0.548,0.44000000000000006,0.584,0.32999999999999996,-2.3200000000000003,2.61,6.4,8.76,98.88,8.0,2.0,758.8800000000001
Sequence_582,PRFWEYWLRAME,0.0675,-0.5416666666666666,0.6933333333333334,0.9958333333333335,0.4916666666666667,0.8433333333333333,4.791666666666667,7.4750000000000005,85.34166666666668,4.0,-2.0,1597.78,-0.094,-0.31999999999999995,0.6439999999999999,0.876,-0.4,1.012,4.8,7.68,84.84,2.0,-1.0,699.7800000000001,0.144,-0.21999999999999992,0.728,0.8939999999999999,1.0,0.0,4.3,7.839999999999999,79.72,1.0,-1.0,599.66
seq_1604,VILIFVKKKAAKPMRQVLRNIYRHICPKMY,0.04433333333333336,-0.7000000000000001,0.6053333333333332,1.0196666666666665,0.023333333333333338,1.181,4.916666666666667,7.753333333333335,86.38666666666664,15.0,1.0,4023.6300000000006,0.292,-1.24,0.46799999999999997,0.976,1.06,1.386,3.3,6.82,75.66,1.0,0.0,606.7,-0.16599999999999998,-0.42000000000000004,0.78,0.868,0.43999999999999984,0.78,6.0,7.4799999999999995,97.16000000000001,5.0,1.0,726.8899999999999
Sequence_509,FKLAFKLAKKAFL,0.11230769230769229,-0.9153846153846155,0.7138461538461537,0.8776923076923077,1.046153846153846,0.4461538461538461,4.384615384615385,7.538461538461539,79.71538461538461,4.0,0.0,1644.8700000000001,0.13199999999999998,-0.96,0.696,0.7939999999999999,1.6199999999999999,0.29,4.0,6.94,76.62,1.0,0.0,617.72,0.044,-0.86,0.712,0.8460000000000001,0.47999999999999987,0.58,4.6,7.92,81.34,2.0,0.0,651.7299999999999
Sequence_233,FAVGLRAIKRALKKLRRGVRKVAKDL,0.03307692307692307,-0.8576923076923079,0.6269230769230767,1.023846153846154,-0.38076923076923086,1.1746153846153844,5.038461538461538,8.01923076923077,85.06923076923077,14.0,0.0,3465.8500000000004,0.13999999999999999,-1.3,0.708,1.066,0.8800000000000001,1.636,4.8,6.94,89.6,3.0,0.0,691.8,0.061999999999999986,-1.2,0.74,1.042,-0.2600000000000001,1.6759999999999997,5.2,8.14,91.52,4.0,0.0,711.78
seq_1194,VILIFVKKKAAKPLRQVLRNIYRKWRPKWY,0.09300000000000003,-1.0100000000000002,0.6106666666666665,1.2196666666666667,-0.046666666666666676,1.4426666666666668,5.15,7.566666666666666,88.57999999999997,13.0,1.0,4128.7300000000005,0.292,-1.24,0.46799999999999997,0.976,1.06,1.386,3.3,6.82,75.66,1.0,0.0,606.7,0.06999999999999999,-1.1199999999999999,0.6599999999999999,1.468,0.0,1.302,5.9,7.24,92.9,2.0,0.0,717.84
seq_1561,VMIIFVKKKAAKPLRQVYRNIYRHWRPKMR,0.06933333333333334,-0.8166666666666668,0.5959999999999999,1.1596666666666668,-0.11333333333333338,1.268,5.066666666666666,7.670000000000001,86.91999999999997,12.0,0.0,4054.640000000001,0.252,-1.24,0.45999999999999996,0.976,0.9199999999999999,1.386,3.3,6.76,75.66,1.0,0.0,606.6999999999999,0.05,-0.72,0.636,1.4679999999999997,-0.14000000000000012,0.29,5.7,7.4,87.76000000000002,1.0,0.0,665.8
seq_1563,VMLIFVKKKAAKPYRQFYRNIYRHWRPKMW,0.07400000000000001,-0.8633333333333335,0.6299999999999998,1.149,0.1633333333333333,1.2056666666666664,5.133333333333334,7.510000000000001,87.72999999999998,12.0,0.0,4079.690000000001,0.366,-1.6,0.664,1.356,1.9,1.386,4.3,6.0,88.8,1.0,0.0,662.7999999999998,0.068,-1.1800000000000002,0.7040000000000001,1.5479999999999996,-0.08000000000000011,1.302,6.0,7.040000000000001,96.28,2.0,0.0,731.8599999999999
seq_1306,VILIFVKKKAAKPLRQVYRNIRRHWRPKWR,0.038666666666666696,-0.7833333333333334,0.5746666666666663,1.1396666666666668,-0.4533333333333333,1.4366666666666668,5.133333333333334,7.793333333333334,87.00999999999998,13.0,0.0,4102.64,0.292,-1.24,0.46799999999999997,0.976,1.06,1.386,3.3,6.82,75.66,1.0,0.0,606.7,-0.052000000000000005,-0.82,0.58,1.408,-1.1600000000000001,1.302,6.0,7.659999999999999,90.6,2.0,0.0,715.82
Sequence_84,FAKKLAKKLL,0.11299999999999999,-0.9400000000000001,0.752,0.998,0.6799999999999999,0.58,4.85,7.890000000000001,84.71000000000001,4.0,0.0,1313.48,0.044,-0.86,0.712,0.8460000000000001,0.47999999999999987,0.58,4.6,7.92,81.34,2.0,0.0,651.7299999999999,0.182,-1.02,0.792,1.15,0.8799999999999999,0.58,5.1,7.860000000000001,88.08,2.0,0.0,661.7499999999999
seq_758,VMLIFVKKKAAKPLRKVLRNIYRHWRPKMW,0.064,-0.8966666666666667,0.6499999999999999,1.1943333333333332,-0.13000000000000006,1.485,5.283333333333333,7.633333333333334,90.35999999999997,14.0,0.0,4180.79,0.366,-1.6,0.664,1.356,1.9,1.386,4.3,6.0,88.8,1.0,0.0,662.7999999999998,0.068,-1.1800000000000002,0.7040000000000001,1.5479999999999996,-0.08000000000000011,1.302,6.0,7.040000000000001,96.28,2.0,0.0,731.8599999999999
Sequence_452,KIFGSLAFL,0.06666666666666668,-0.6777777777777777,0.6344444444444446,0.6288888888888889,0.8777777777777778,0.30000000000000004,3.888888888888889,7.622222222222222,74.0,4.0,0.0,1075.2,-0.22999999999999998,-0.2,0.506,0.162,-1.0799999999999998,0.54,3.7,8.919999999999998,68.22,4.0,0.0,602.62,0.298,-0.96,0.7420000000000001,0.9719999999999999,2.5,0.0,3.9,6.640000000000001,75.96000000000001,1.0,0.0,577.67
seq_265,VMLIFVKKKAAKPYRQVYRNIYRQIRPKMW,0.13066666666666668,-1.05,0.6099999999999998,1.271666666666667,0.29,1.2256666666666665,5.1,7.363333333333333,88.27666666666664,11.0,1.0,4074.7200000000007,0.366,-1.6,0.664,1.356,1.9,1.386,4.3,6.0,88.8,1.0,0.0,662.7999999999998,0.068,-1.1800000000000002,0.7040000000000001,1.5479999999999996,-0.08000000000000011,1.302,6.0,7.040000000000001,96.28,2.0,0.0,731.8599999999999
seq_592,VMLIFVKKKAAKPMRQVLRNWYRHWRPKWK,0.05533333333333335,-0.9966666666666667,0.6626666666666665,1.2610000000000001,-0.2166666666666667,1.653666666666667,5.533333333333333,7.540000000000001,93.41999999999999,15.0,0.0,4320.93,0.366,-1.6,0.664,1.356,1.9,1.386,4.3,6.0,88.8,1.0,0.0,662.7999999999998,-0.11800000000000002,-0.9199999999999999,0.648,1.2959999999999998,-1.48,1.592,6.1,8.14,94.26000000000002,3.0,0.0,755.85
seq_1684,VILIFVKKKAAKPYRKVLRNIYRHWRPKWK,0.014333333333333332,-0.7833333333333334,0.5993333333333332,1.0756666666666668,-0.5133333333333334,1.5333333333333337,5.116666666666666,7.9766666666666675,87.26999999999998,15.0,0.0,4134.660000000001,0.292,-1.24,0.46799999999999997,0.976,1.06,1.386,3.3,6.82,75.66,1.0,0.0,606.7,-0.11800000000000002,-0.9199999999999999,0.648,1.2959999999999998,-1.48,1.592,6.1,8.14,94.26000000000002,3.0,0.0,755.85
seq_1346,VILIFVKKKAAKPYRQVYRNIFRHWRPKWW,0.039000000000000014,-0.8833333333333333,0.5859999999999997,1.1123333333333334,-0.31666666666666676,1.6053333333333335,5.083333333333333,7.673333333333333,87.68999999999997,14.0,0.0,4160.700000000001,0.292,-1.24,0.46799999999999997,0.976,1.06,1.386,3.3,6.82,75.66,1.0,0.0,606.7,-0.03400000000000001,-1.2799999999999998,0.648,1.488,-1.1,2.314,6.3,7.3,99.12,3.0,0.0,781.8800000000001
Sequence_660,YAKLLAKLAKKAL,0.22000000000000003,-0.976923076923077,0.7476923076923077,1.103076923076923,1.2769230769230773,0.4461538461538461,4.6923076923076925,7.746153846153846,82.39230769230768,4.0,0.0,1618.83,0.37,-1.22,0.8039999999999999,1.3219999999999998,2.3600000000000003,0.29,4.9,6.959999999999999,86.72,1.0,0.0,623.7399999999999,0.086,-0.76,0.692,0.9039999999999999,0.33999999999999986,0.58,4.5,8.440000000000001,78.2,2.0,0.0,619.67
seq_481,VMLIFVKKKAAKPLRQVMRNIYRNWRPKWK,0.044000000000000025,-0.92,0.6393333333333332,1.214,-0.20000000000000004,1.5650000000000004,5.383333333333334,7.6000000000000005,91.43666666666665,15.0,2.0,4213.870000000001,0.366,-1.6,0.664,1.356,1.9,1.386,4.3,6.0,88.8,1.0,0.0,662.7999999999998,-0.11800000000000002,-0.9199999999999999,0.648,1.2959999999999998,-1.48,1.592,6.1,8.14,94.26000000000002,3.0,0.0,755.85
Sequence_517,GLFDVIKKVAAVIGGL,-0.0049999999999999906,-1.0,0.625,0.8337499999999999,-0.55,1.7149999999999999,4.75,8.1375,86.55625,13.0,0.0,2205.42,-0.03799999999999999,-1.16,0.756,0.812,-0.18,1.636,5.3,7.639999999999999,94.22,5.0,0.0,734.83,-0.023999999999999976,-0.96,0.616,0.8119999999999999,-0.7600000000000001,1.886,5.0,8.120000000000001,90.61999999999999,5.0,0.0,702.78
Sequence_357,GIGKFLHAAKKFAKAFVAEIMNS,-0.10260869565217388,-0.20869565217391312,0.607391304347826,0.45608695652173914,-0.365217391304348,0.8769565217391305,4.086956521739131,8.647826086956522,75.65217391304348,14.0,-1.0,2870.0700000000006,-0.31599999999999995,-0.22000000000000003,0.536,0.11600000000000002,-1.6200000000000003,0.79,4.3,9.18,75.18,5.0,0.0,643.68,-0.27799999999999997,0.9,0.5900000000000001,0.028000000000000004,-0.96,0.734,3.7,9.48,73.33999999999999,4.0,0.0,590.62
Sequence_647,FLPKTLRKFFCRIRGGRCAVLNCLGKEEQIGRCSNSGRKCCRKKK,-0.373111111111111,0.21777777777777776,0.6217777777777778,0.2864444444444444,-1.4422222222222223,1.0082222222222226,5.322222222222222,8.879999999999997,86.10444444444443,51.0,6.0,6201.859999999999,0.09,-1.0,0.724,1.168,1.0,0.29,5.1,7.08,86.22,2.0,0.0,675.81,-0.606,0.3,0.6279999999999999,0.20400000000000001,-3.1399999999999997,1.36,6.2,9.94,91.67999999999999,7.0,1.0,754.81
Sequence_375,HTLLTPRR,0.07499999999999998,-0.3375,0.6525000000000001,1.11,0.35000000000000003,0.15875,5.375,7.7,84.5,3.0,-1.0,1027.1799999999998,0.09599999999999999,-0.27999999999999997,0.744,0.8160000000000001,0.82,0.254,5.2,7.9799999999999995,86.22,3.0,-1.0,647.7099999999999,0.13399999999999998,-0.7,0.6039999999999999,1.4440000000000002,0.4999999999999999,0.0,5.5,7.1,83.62,1.0,0.0,629.76
seq_1160,VMLIFVKKKAAKPLRQVMRNIYRHWRPKMW,0.09100000000000003,-0.9633333333333334,0.6486666666666666,1.2496666666666667,0.04666666666666664,1.4366666666666668,5.3,7.450000000000001,91.0933333333333,13.0,0.0,4190.820000000001,0.366,-1.6,0.664,1.356,1.9,1.386,4.3,6.0,88.8,1.0,0.0,662.7999999999998,0.068,-1.1800000000000002,0.7040000000000001,1.5479999999999996,-0.08000000000000011,1.302,6.0,7.040000000000001,96.28,2.0,0.0,731.8599999999999
seq_1228,VILIFVKKKAAKPLRKVYRNIYRHWRPKWY,0.04566666666666667,-0.8166666666666668,0.6013333333333332,1.1043333333333334,-0.2666666666666668,1.485,5.083333333333333,7.826666666666667,87.04333333333331,14.0,0.0,4096.650000000001,0.292,-1.24,0.46799999999999997,0.976,1.06,1.386,3.3,6.82,75.66,1.0,0.0,606.7,0.06999999999999999,-1.1199999999999999,0.6599999999999999,1.468,0.0,1.302,5.9,7.24,92.9,2.0,0.0,717.84
Sequence_142,ACYCRIGACVSGERLTGACGLNGRIYRLCCR,-0.3841935483870967,0.37419354838709684,0.5996774193548385,0.14096774193548384,-1.1548387096774195,1.0177419354838708,5.225806451612903,8.796774193548387,84.28064516129031,40.0,6.0,4104.56,-0.5599999999999999,0.8,0.6,-0.16600000000000006,-0.9199999999999999,0.9800000000000001,5.6,8.6,85.9,8.0,2.0,669.7699999999999,-0.5860000000000001,0.8400000000000001,0.62,0.019999999999999886,-1.5399999999999998,0.9800000000000001,6.3,8.440000000000001,93.47999999999999,8.0,2.0,709.83
seq_797,VMLIFVKKKAAKPLRQVYRNIYRHWRPKMR,0.08833333333333336,-0.8766666666666667,0.6299999999999998,1.223,0.049999999999999926,1.268,5.233333333333333,7.543333333333334,89.10999999999997,12.0,0.0,4110.740000000001,0.366,-1.6,0.664,1.356,1.9,1.386,4.3,6.0,88.8,1.0,0.0,662.7999999999998,0.05,-0.72,0.636,1.4679999999999997,-0.14000000000000012,0.29,5.7,7.4,87.76000000000002,1.0,0.0,665.8
seq_778,VMLIFVKKKAAKPMRQVLRNIYRHWRPKWK,0.06000000000000004,-0.92,0.6393333333333332,1.2076666666666669,-0.18666666666666668,1.485,5.316666666666666,7.633333333333335,90.75666666666665,14.0,0.0,4214.810000000001,0.366,-1.6,0.664,1.356,1.9,1.386,4.3,6.0,88.8,1.0,0.0,662.7999999999998,-0.11800000000000002,-0.9199999999999999,0.648,1.2959999999999998,-1.48,1.592,6.1,8.14,94.26000000000002,3.0,0.0,755.85
Sequence_301,GFGCPGNQLKCNNHCKSISCRAGYCDAATLWLRCTCTDCNGKK,-0.5130232558139535,0.5186046511627906,0.651627906976744,0.0067441860465116054,-1.6441860465116283,1.2246511627906982,5.604651162790698,9.218604651162792,88.30930232558134,65.0,11.0,6008.659999999999,-0.568,0.21999999999999997,0.6880000000000001,0.04799999999999995,-1.42,0.99,5.7,8.540000000000001,90.89999999999999,8.0,1.0,736.8600000000001,-0.8700000000000001,1.04,0.6880000000000001,-0.32199999999999995,-3.66,2.054,6.5,10.62,97.53999999999999,10.0,2.0,776.8599999999999
seq_218,VILIFVKKKAAKPLRQVMRNIYRHWRPKMR,0.0756666666666667,-0.8266666666666668,0.6046666666666665,1.1729999999999998,-0.10333333333333336,1.268,5.083333333333333,7.646666666666667,87.4833333333333,12.0,0.0,4068.6600000000008,0.292,-1.24,0.46799999999999997,0.976,1.06,1.386,3.3,6.82,75.66,1.0,0.0,606.7,0.05,-0.72,0.636,1.4679999999999997,-0.14000000000000012,0.29,5.7,7.4,87.76000000000002,1.0,0.0,665.8
seq_1636,VILIFVKKKAAKPLRQVLRNIYRHIRPKWQ,0.09266666666666669,-0.8500000000000001,0.5846666666666664,1.1463333333333332,-0.07333333333333338,1.268,4.95,7.7,86.63666666666664,12.0,0.0,4062.620000000001,0.292,-1.24,0.46799999999999997,0.976,1.06,1.386,3.3,6.82,75.66,1.0,0.0,606.7,0.08399999999999999,-1.3199999999999998,0.648,1.6280000000000001,-0.2800000000000001,1.302,6.2,7.1,98.66000000000001,2.0,0.0,765.8800000000001
seq_1467,VMLIFVKKKAAKPYRKVYRNVYRKWRPKMW,0.06566666666666669,-1.1066666666666667,0.6566666666666665,1.3010000000000004,-0.15666666666666668,1.7220000000000002,5.5,7.496666666666667,92.77666666666664,15.0,1.0,4289.95,0.366,-1.6,0.664,1.356,1.9,1.386,4.3,6.0,88.8,1.0,0.0,662.7999999999998,0.068,-1.1800000000000002,0.7040000000000001,1.5479999999999996,-0.08000000000000011,1.302,6.0,7.040000000000001,96.28,2.0,0.0,731.8599999999999
Sequence_620,FASLLGKALKALAKQ,0.16133333333333333,-0.9133333333333333,0.7193333333333333,0.9780000000000001,1.1066666666666667,0.37333333333333335,4.566666666666666,7.653333333333333,81.39333333333335,6.0,0.0,1884.1000000000001,0.298,-0.96,0.7420000000000001,0.9719999999999999,2.5,0.0,3.9,6.639999999999999,75.96000000000001,1.0,0.0,577.67,0.288,-1.16,0.692,1.236,1.5399999999999998,0.29,4.6,7.4,82.6,1.0,0.0,629.7
Sequence_96,PDEDAINNALNKVCSTGRRQRSICKQLLKK,-0.23866666666666672,0.023333333333333362,0.6259999999999997,0.4936666666666667,-1.056666666666667,0.9963333333333332,5.15,8.849999999999998,85.23666666666668,29.0,4.0,4031.4500000000007,-0.29800000000000004,0.32,0.716,0.13399999999999998,-1.3599999999999999,0.0,4.2,10.0,74.02000000000001,5.0,-1.0,635.6400000000001,0.254,-1.42,0.8280000000000001,1.4759999999999998,1.0800000000000003,0.58,5.9,7.279999999999999,100.33999999999999,2.0,0.0,737.8499999999999
Sequence_667,KWKLFKKISKFLHLAKKF,-0.05222222222222223,-0.6333333333333334,0.6805555555555554,0.7133333333333334,-0.31111111111111117,0.9155555555555553,4.75,8.316666666666668,83.27222222222221,10.0,-1.0,2440.65,-0.0020000000000000087,-1.22,0.748,1.032,-0.14000000000000004,1.592,5.5,7.540000000000001,94.06,3.0,0.0,743.8299999999999,0.04399999999999999,-0.86,0.7120000000000001,0.8460000000000001,0.47999999999999987,0.58,4.6,7.92,81.34,2.0,0.0,651.7299999999999
seq_1719,VIIIFVKKKAAKPYRQVYRHIYRHWRPKMR,0.06666666666666668,-0.7466666666666667,0.5546666666666664,1.0766666666666667,-0.2500000000000001,1.188,4.816666666666666,7.863333333333334,83.48666666666665,11.0,-2.0,3985.460000000001,0.17800000000000002,-0.8800000000000001,0.26399999999999996,0.596,0.07999999999999999,1.386,2.3,7.58,62.52,1.0,0.0,550.6,0.05,-0.72,0.636,1.4679999999999997,-0.14000000000000012,0.29,5.7,7.4,87.76000000000002,1.0,0.0,665.8
Sequence_308,FAKKLAKKLKKLAKLALAK,0.09157894736842104,-0.868421052631579,0.7326315789473682,0.9657894736842108,0.44210526315789467,0.6105263157894736,4.7894736842105265,8.16842105263158,82.97368421052632,8.0,0.0,2463.7300000000005,0.044,-0.86,0.712,0.8460000000000001,0.47999999999999987,0.58,4.6,7.92,81.34,2.0,0.0,651.7299999999999,0.312,-1.02,0.756,1.156,1.8800000000000003,0.29,4.4,7.4,80.22,1.0,0.0,595.68
Sequence_467,KAQIRAMECNILGRKKRRQRRR,-0.12090909090909085,-0.08636363636363636,0.539090909090909,0.7259090909090907,-0.8863636363636366,0.5327272727272727,4.9772727272727275,8.509090909090908,80.58181818181816,12.0,1.0,2792.070000000001,0.11000000000000001,-0.7,0.45599999999999996,0.962,-0.12000000000000008,0.29,4.2,8.14,73.66,1.0,0.0,599.64,0.066,-0.5,0.42799999999999994,1.4200000000000002,-0.7200000000000001,0.0,5.7,7.44,81.66000000000001,0.0,0.0,625.71
Sequence_549,FLPLLFGAISHLL,0.21769230769230774,-0.7153846153846153,0.7330769230769231,0.9507692307692308,1.7692307692307692,0.19384615384615383,4.346153846153846,7.061538461538461,81.73076923076923,4.0,-1.0,1609.8899999999999,0.49800000000000005,-1.5399999999999998,0.892,1.6960000000000002,3.5799999999999996,0.0,5.1,5.359999999999999,94.4,0.0,0.0,663.8699999999999,0.148,-0.06000000000000005,0.65,0.61,0.86,0.254,3.9,8.180000000000001,75.97999999999999,2.0,-1.0,589.6299999999999
seq_1683,VIIMFVKKKAAKPLRQVLRNIYRKWRPKLK,0.07866666666666672,-0.9600000000000002,0.6179999999999998,1.201,-0.12333333333333336,1.3223333333333334,5.133333333333334,7.673333333333333,88.33333333333331,13.0,1.0,4116.72,0.25200000000000006,-1.24,0.45999999999999996,0.976,0.9199999999999999,1.386,3.3,6.76,75.66,1.0,0.0,606.6999999999999,0.024,-0.82,0.7120000000000001,1.3559999999999997,-0.3200000000000001,0.58,5.8,7.94,91.42,2.0,0.0,705.8299999999999
Sequence_662,KQLIRFLKRLDRNGGGKLLLKLLKKLLKLLKKK,0.04696969696969695,-0.7969696969696971,0.7612121212121209,1.0196969696969695,0.1272727272727272,0.6642424242424241,5.53030303030303,8.015151515151514,91.8848484848485,20.0,1.0,4549.2,0.20599999999999996,-0.96,0.5559999999999999,1.208,0.41999999999999993,0.29,4.8,7.56,83.54,1.0,0.0,641.7199999999999,0.052000000000000005,-1.02,0.8280000000000001,1.1439999999999997,-0.1200000000000001,0.8699999999999999,5.8,8.32,95.93999999999998,3.0,0.0,727.8199999999999
Sequence_196,FALLKL,0.3466666666666667,-1.2333333333333332,0.8166666666666668,1.2316666666666665,2.4333333333333336,0.24166666666666667,4.666666666666667,6.6000000000000005,86.46666666666665,1.0,0.0,758.9099999999999,0.27,-1.1199999999999999,0.776,1.0979999999999999,2.0200000000000005,0.29,4.5,6.88,83.35999999999999,1.0,0.0,627.7399999999999,0.40800000000000003,-1.2799999999999998,0.8559999999999999,1.402,2.4200000000000004,0.29,5.0,6.82,90.1,1.0,0.0,637.7599999999999
seq_1522,VILIFVKKKAAKPYRKVYRNWYRKWYPKYR,0.059333333333333335,-0.9733333333333334,0.6186666666666665,1.187666666666667,-0.11333333333333333,1.491,5.25,7.6833333333333345,88.34666666666664,14.0,1.0,4132.74,0.292,-1.24,0.46799999999999997,0.976,1.06,1.386,3.3,6.82,75.66,1.0,0.0,606.7,0.17400000000000002,-0.96,0.6719999999999999,1.448,1.1,0.29,5.5,7.18,86.68000000000002,1.0,0.0,653.8
Sequence_327,RRRRRRRRGEDIIRNIARHLAQVGDSMDR,-0.12241379310344824,-0.006896551724137912,0.5065517241379309,0.6372413793103447,-1.1793103448275861,0.4955172413793103,4.689655172413793,8.741379310344827,75.7448275862069,16.0,-1.0,3521.7600000000007,-0.07,0.0,0.36,1.2,-1.6,0.0,5.5,8.0,73.6,0.0,0.0,575.65,-0.21600000000000003,-0.22000000000000003,0.678,0.382,-1.1199999999999999,0.0,4.8,9.059999999999999,76.38,5.0,0.0,615.63
Sequence_130,PEWFKCRRWQWRMKKLGA,-0.11666666666666664,-0.6166666666666667,0.6677777777777778,0.9083333333333334,-0.6944444444444444,1.2905555555555555,5.583333333333333,7.911111111111111,91.60000000000001,13.0,0.0,2594.8700000000003,-0.16,-0.41999999999999993,0.7120000000000001,0.764,-0.7200000000000001,1.302,4.9,8.16,88.5,3.0,-1.0,739.81,-0.10200000000000001,-0.6199999999999999,0.724,0.7259999999999999,-0.7200000000000001,0.8300000000000001,5.2,8.92,85.62,4.0,0.0,676.73
seq_690,VMLIFVKKKAAKPLRQFYRNIYRHWRPKWW,0.06333333333333337,-0.8900000000000001,0.6293333333333331,1.1523333333333334,0.003333333333333336,1.3743333333333332,5.2,7.529999999999999,88.76666666666662,13.0,0.0,4143.7300000000005,0.366,-1.6,0.664,1.356,1.9,1.386,4.3,6.0,88.8,1.0,0.0,662.7999999999998,-0.03400000000000001,-1.2799999999999998,0.648,1.488,-1.1,2.314,6.3,7.3,99.12,3.0,0.0,781.8800000000001
Sequence_295,GLMSSIGKALGGLIVDVLKPKTPAS,-0.0011999999999999945,-0.7759999999999999,0.6691999999999999,0.8732000000000001,-0.14400000000000004,0.9283999999999999,4.82,8.123999999999999,84.00400000000002,19.0,0.0,3307.66,0.010000000000000009,-0.5600000000000002,0.748,0.72,0.64,0.25,4.6,7.8,80.69999999999999,4.0,0.0,618.6700000000001,-0.06600000000000002,-0.4800000000000001,0.6060000000000001,0.8480000000000001,-0.2000000000000001,0.29,4.5,8.4,73.66,3.0,0.0,617.6700000000001
Sequence_316,GKWMKLLKHILK,-0.0008333333333333248,-0.6916666666666668,0.7416666666666666,0.8983333333333334,-0.3500000000000001,1.1149999999999998,5.375,8.341666666666667,91.875,8.0,-1.0,1694.8600000000001,-0.18799999999999997,-0.9799999999999999,0.752,0.9119999999999999,-1.48,1.8419999999999999,6.1,8.48,98.34,5.0,0.0,768.8299999999999,-0.10600000000000001,0.039999999999999994,0.6199999999999999,0.484,-1.1600000000000001,0.834,4.6,9.46,81.36000000000001,3.0,-1.0,663.6899999999999
Sequence_179,AKKVFKRLEKLFSKIQNDK,-0.11894736842105265,-0.4473684210526316,0.6573684210526314,0.6742105263157895,-0.7999999999999999,1.0157894736842104,4.868421052631579,8.663157894736843,84.62631578947371,13.0,0.0,2600.8199999999997,-0.028000000000000008,-1.1800000000000002,0.648,0.9860000000000001,-0.6000000000000002,1.966,4.9,7.959999999999999,88.02000000000001,3.0,0.0,724.8,-0.274,0.039999999999999994,0.568,0.354,-1.64,1.024,5.0,9.5,84.58,5.0,1.0,673.7299999999999
Sequence_529,FMPIIGRLMSGSL,0.09000000000000001,-0.6538461538461539,0.6292307692307693,0.8584615384615385,0.7692307692307689,0.19230769230769232,4.269230769230769,7.446153846153847,77.64615384615385,6.0,0.0,1562.79,0.23000000000000004,-0.82,0.476,0.9359999999999999,1.4799999999999998,0.0,3.1,6.82,68.12,0.0,0.0,551.67,0.010000000000000009,-0.5599999999999999,0.748,0.72,0.64,0.25,4.6,7.8,80.7,4.0,0.0,618.67
Sequence_552,IAAHDTPGPVWLS,-0.006923076923076921,-0.6,0.6284615384615384,0.8607692307692307,-0.20769230769230765,1.116153846153846,4.6923076923076925,8.123076923076924,82.05384615384615,9.0,-1.0,1717.88,-0.12,0.44000000000000006,0.4960000000000001,-0.003999999999999981,-0.76,0.254,3.1,9.82,60.379999999999995,3.0,-1.0,532.5,0.22399999999999998,-1.7,0.7459999999999999,1.702,0.68,2.3979999999999997,5.7,6.34,101.24,3.0,0.0,770.9000000000001
seq_961,VILIFVKKKAAKPLRQVLRNWRRHWRPKWK,0.029333333333333357,-0.8866666666666668,0.6179999999999998,1.1876666666666666,-0.5266666666666667,1.653666666666667,5.383333333333334,7.756666666666666,90.84666666666664,15.0,0.0,4262.81,0.292,-1.24,0.46799999999999997,0.976,1.06,1.386,3.3,6.82,75.66,1.0,0.0,606.7,-0.11800000000000002,-0.9199999999999999,0.648,1.2959999999999998,-1.48,1.592,6.1,8.14,94.26000000000002,3.0,0.0,755.85
seq_1171,VILIFVKKKAAKPLRQVMRNVYRHWRPKWW,0.0686666666666667,-1.0333333333333334,0.6299999999999998,1.2630000000000003,-0.28,1.8363333333333336,5.4,7.510000000000001,92.67999999999998,15.0,0.0,4313.91,0.292,-1.24,0.46799999999999997,0.976,1.06,1.386,3.3,6.82,75.66,1.0,0.0,606.7,-0.03400000000000001,-1.2799999999999998,0.648,1.488,-1.1,2.314,6.3,7.3,99.12,3.0,0.0,781.8800000000001
Sequence_97,GLFKVLGSVAKHLLPHVVPVIAEK,0.04958333333333333,-0.8583333333333334,0.7045833333333332,1.0787500000000003,-0.20416666666666672,1.835,5.125,7.870833333333334,93.25000000000001,16.0,-3.0,3508.9300000000003,0.010000000000000009,-1.3,0.7440000000000001,1.06,-0.12000000000000004,1.9259999999999997,5.5,7.4,97.46,4.0,0.0,757.87,-0.06799999999999999,-0.27999999999999997,0.5359999999999999,0.542,-1.24,1.6759999999999997,3.7,9.18,76.92,3.0,-1.0,656.66
Sequence_551,FKDLKKIANIINSIFKK,-0.2,-0.017647058823529387,0.5252941176470587,0.2823529411764706,-1.0823529411764707,0.858235294117647,4.0,9.158823529411764,72.74705882352941,12.0,2.0,2068.23,-0.134,-0.72,0.76,0.592,-0.5800000000000001,0.58,5.1,8.620000000000001,85.96,4.0,0.0,694.76,-0.17200000000000001,-0.33999999999999997,0.51,0.33399999999999996,-1.02,0.58,3.7,8.9,68.66,3.0,0.0,611.63
seq_274,VMLIFVKKKAAKPLRQVLRNIYKHWRPKWK,0.05566666666666668,-0.9366666666666668,0.6519999999999998,1.189,-0.21666666666666673,1.5333333333333337,5.333333333333333,7.723333333333334,91.36666666666663,15.0,0.0,4254.84,0.366,-1.6,0.664,1.356,1.9,1.386,4.3,6.0,88.8,1.0,0.0,662.7999999999998,-0.11800000000000002,-0.9199999999999999,0.648,1.2959999999999998,-1.48,1.592,6.1,8.14,94.26000000000002,3.0,0.0,755.85
seq_267,VMLIFVKKKAAKPYRQVYRNIYRHIRPKWY,0.09000000000000004,-0.8566666666666668,0.6019999999999999,1.1563333333333332,0.09333333333333335,1.268,5.033333333333333,7.633333333333335,86.73999999999998,12.0,0.0,4042.640000000001,0.366,-1.6,0.664,1.356,1.9,1.386,4.3,6.0,88.8,1.0,0.0,662.7999999999998,0.06999999999999999,-1.1199999999999999,0.6599999999999999,1.468,0.0,1.302,5.9,7.24,92.9,2.0,0.0,717.84
seq_1377,VILIFVKKKAAKPLRQVMRNIYRHWRPKIQ,0.08600000000000002,-0.8500000000000001,0.5833333333333331,1.1463333333333332,-0.0966666666666667,1.268,4.95,7.69,86.63666666666664,12.0,0.0,4062.620000000001,0.292,-1.24,0.46799999999999997,0.976,1.06,1.386,3.3,6.82,75.66,1.0,0.0,606.7,0.11199999999999999,-0.86,0.508,1.3079999999999998,-0.10000000000000009,0.29,4.9,7.660000000000001,82.68000000000002,1.0,0.0,659.76
seq_969,VILIFVKKKAAKPYRQVYRNIYRHIRPKMK,0.06333333333333337,-0.7466666666666666,0.5766666666666664,1.0743333333333331,-0.12333333333333336,1.1476666666666666,4.85,7.876666666666668,84.30333333333331,12.0,0.0,3974.530000000001,0.292,-1.24,0.46799999999999997,0.976,1.06,1.386,3.3,6.82,75.66,1.0,0.0,606.7,-0.016000000000000004,-0.82,0.7040000000000001,1.3559999999999997,-0.46000000000000013,0.58,5.8,7.88,91.42,2.0,0.0,705.8299999999999
Sequence_481,FKKLKKIANIINSIFKK,-0.18588235294117647,-0.05882352941176469,0.5217647058823528,0.3552941176470587,-1.0647058823529412,0.9435294117647058,4.0588235294117645,9.088235294117647,73.7,11.0,2.0,2091.27,-0.08600000000000001,-0.86,0.7479999999999999,0.8400000000000001,-0.5200000000000001,0.8699999999999999,5.3,8.379999999999999,89.2,3.0,0.0,717.8,-0.17200000000000001,-0.33999999999999997,0.51,0.33399999999999996,-1.02,0.58,3.7,8.9,68.66,3.0,0.0,611.63
Sequence_479,RLVSYNGIIFFLK,0.019230769230769214,-0.5769230769230769,0.5915384615384616,0.7476923076923077,0.2692307692307693,1.023076923076923,4.423076923076923,7.700000000000001,80.68461538461537,7.0,1.0,1643.8900000000003,0.26199999999999996,-1.28,0.674,1.4419999999999997,1.08,1.386,5.2,6.74,90.2,2.0,0.0,672.78,0.11399999999999999,-0.86,0.592,0.66,1.18,0.29,3.6,7.12,73.35999999999999,1.0,0.0,603.6999999999999
Sequence_94,GLFGVLGSIAKHVLPHVVPVIAEK,0.013749999999999998,-0.7541666666666668,0.6612499999999998,0.9637500000000001,-0.4208333333333334,1.8266666666666664,4.916666666666667,8.033333333333333,90.42083333333335,17.0,-3.0,3443.8199999999997,-0.04799999999999997,-1.16,0.74,0.8880000000000001,-0.18,1.886,5.5,7.42,97.02000000000001,5.0,0.0,748.86,-0.06799999999999999,-0.27999999999999997,0.5359999999999999,0.542,-1.24,1.6759999999999997,3.7,9.18,76.92,3.0,-1.0,656.66
seq_505,VILIFVKKKAAKPMRQVLRNIYRHWRPKWR,0.05866666666666669,-0.8433333333333335,0.595333333333333,1.163,-0.2733333333333334,1.4366666666666668,5.133333333333334,7.69,87.95666666666664,13.0,0.0,4118.68,0.292,-1.24,0.46799999999999997,0.976,1.06,1.386,3.3,6.82,75.66,1.0,0.0,606.7,-0.052000000000000005,-0.82,0.58,1.408,-1.1600000000000001,1.302,6.0,7.659999999999999,90.6,2.0,0.0,715.82
Sequence_424,PAARKAFRWAWRMLKKAA,0.09388888888888888,-0.8333333333333334,0.6166666666666666,1.0733333333333335,0.361111111111111,0.8038888888888889,4.638888888888889,7.638888888888889,78.58333333333333,5.0,0.0,2240.4900000000007,0.05799999999999998,-0.5599999999999999,0.576,1.1159999999999999,0.13999999999999996,0.29,4.5,8.059999999999999,73.67999999999999,1.0,0.0,597.68,0.086,-0.76,0.692,0.9040000000000001,0.33999999999999997,0.58,4.5,8.440000000000001,78.20000000000002,2.0,0.0,619.6700000000001
Sequence_497,KWKLFKKIGIGAVLKVLTTG,-0.0435,-0.9349999999999999,0.6419999999999999,0.8564999999999999,-0.7,1.496,5.1,8.245,87.87500000000003,16.0,0.0,2796.0499999999997,-0.0020000000000000087,-1.22,0.748,1.032,-0.14000000000000004,1.592,5.5,7.540000000000001,94.06,3.0,0.0,743.8299999999999,0.010000000000000054,-1.1600000000000001,0.6799999999999999,1.0639999999999998,-0.25999999999999995,1.636,5.7,7.660000000000001,93.9,5.0,0.0,719.8
seq_595,VMLIFVKKKAAKPYRQVYRNWYRHWRPKWR,0.06033333333333336,-0.9600000000000002,0.6353333333333332,1.2530000000000003,-0.16,1.6053333333333337,5.483333333333333,7.516666666666667,91.68333333333331,14.0,0.0,4252.860000000001,0.366,-1.6,0.664,1.356,1.9,1.386,4.3,6.0,88.8,1.0,0.0,662.7999999999998,-0.052000000000000005,-0.82,0.58,1.408,-1.1600000000000001,1.302,6.0,7.659999999999999,90.6,2.0,0.0,715.82
seq_33,VMLIFVKKKAAKPLRQVYRNIYRHWRPKIW,0.07900000000000003,-0.8933333333333333,0.6086666666666665,1.1730000000000003,-0.08000000000000007,1.4366666666666668,5.116666666666666,7.62,88.33999999999997,13.0,0.0,4120.700000000001,0.366,-1.6,0.664,1.356,1.9,1.386,4.3,6.0,88.8,1.0,0.0,662.7999999999998,-0.006000000000000004,-0.82,0.508,1.168,-0.9200000000000002,1.302,5.0,7.860000000000001,83.14000000000001,2.0,0.0,675.76
Sequence_472,TCGTCCTGAGGAGAGAGAGC,-0.5924999999999998,0.495,0.6129999999999998,-0.2625,-1.9549999999999996,0.99,5.275,9.614999999999998,81.53,35.0,4.0,2668.8100000000004,-0.914,1.08,0.6080000000000001,-0.6759999999999999,-2.78,1.23,6.2,9.74,90.05999999999999,12.0,2.0,732.79,-0.5279999999999999,0.48,0.6160000000000001,-0.24,-1.58,0.99,4.9,9.540000000000001,78.74000000000001,8.0,1.0,644.6800000000001
seq_1105,VILIFVKKKAAKPYRQFLRNIYRHWRPKWK,0.03700000000000001,-0.77,0.5966666666666663,1.057,-0.2,1.254,5.0,7.8066666666666675,85.76666666666664,13.0,0.0,4061.600000000001,0.292,-1.24,0.46799999999999997,0.976,1.06,1.386,3.3,6.82,75.66,1.0,0.0,606.7,-0.11800000000000002,-0.9199999999999999,0.648,1.2959999999999998,-1.48,1.592,6.1,8.14,94.26000000000002,3.0,0.0,755.85
seq_1348,VMLIFVKKKAAKPLRQVLRNIYRNIRPKIK,0.060000000000000026,-0.7666666666666667,0.5939999999999998,1.1073333333333333,-0.11666666666666671,1.227666666666667,4.95,7.796666666666668,86.11,13.0,2.0,4001.630000000001,0.366,-1.6,0.664,1.356,1.9,1.386,4.3,6.0,88.8,1.0,0.0,662.7999999999998,-0.09000000000000001,-0.45999999999999996,0.508,0.9759999999999998,-1.3,0.58,4.8,8.7,78.28000000000002,2.0,0.0,649.73
seq_1269,VILIFVKKKAAKPLRQFYRNIYRHWRPRWW,0.062000000000000006,-0.8133333333333336,0.585333333333333,1.1076666666666666,-0.0833333333333333,1.326,5.016666666666667,7.586666666666667,85.96666666666663,12.0,0.0,4047.6000000000013,0.292,-1.24,0.46799999999999997,0.976,1.06,1.386,3.3,6.82,75.66,1.0,0.0,606.7,0.031999999999999994,-1.18,0.5800000000000001,1.6,-0.78,2.024,6.2,6.82,95.46000000000001,2.0,0.0,741.8500000000001
seq_1498,VILIFVKKKAAKPLRKVLRNIYRHWRPKIK,0.02533333333333333,-0.7166666666666668,0.5846666666666664,1.0356666666666667,-0.47333333333333344,1.364666666666667,4.916666666666667,8.046666666666667,85.17,14.0,0.0,4042.560000000001,0.292,-1.24,0.46799999999999997,0.976,1.06,1.386,3.3,6.82,75.66,1.0,0.0,606.7,-0.09000000000000001,-0.45999999999999996,0.508,0.9759999999999998,-1.3,0.58,4.8,8.7,78.28000000000002,2.0,0.0,649.73
Sequence_510,LTFEHYWAQLTS,0.08000000000000002,-0.4916666666666667,0.6925,0.7783333333333333,0.8166666666666668,0.5275,4.625,7.75,82.54166666666667,6.0,-2.0,1559.6699999999998,-0.14999999999999997,0.5599999999999999,0.7160000000000001,0.16799999999999998,-0.14000000000000004,0.254,4.2,8.919999999999998,78.91999999999999,3.0,-2.0,651.67,0.22999999999999998,-0.9800000000000001,0.6540000000000001,1.0799999999999996,1.52,0.0,4.5,7.26,78.91999999999999,2.0,0.0,609.66
Sequence_687,VNWKKVLGKIIKVAK,-0.09066666666666666,-0.9400000000000001,0.6133333333333334,0.9586666666666667,-1.4599999999999997,2.5346666666666664,5.333333333333333,8.500000000000002,93.59333333333333,13.0,1.0,2232.45,-0.30200000000000005,-0.74,0.6960000000000001,0.982,-2.5,3.7119999999999997,6.6,8.74,108.1,6.0,1.0,841.9399999999999,-0.0040000000000000036,-0.9800000000000001,0.524,0.9099999999999999,-1.1800000000000002,1.9659999999999997,4.4,8.66,81.62,3.0,0.0,678.72
seq_1665,VIIMFVKKKAAKPLRQVLRNIYRHWRPKWW,0.061666666666666696,-0.9200000000000002,0.6066666666666664,1.1763333333333332,-0.26333333333333336,1.6053333333333335,5.183333333333334,7.629999999999999,89.37666666666662,14.0,0.0,4184.740000000001,0.25200000000000006,-1.24,0.45999999999999996,0.976,0.9199999999999999,1.386,3.3,6.76,75.66,1.0,0.0,606.6999999999999,-0.03400000000000001,-1.2799999999999998,0.648,1.488,-1.1,2.314,6.3,7.3,99.12,3.0,0.0,781.8800000000001
Sequence_144,FLPVIAGVAANFLPKLFCAISKKC,-0.07833333333333335,-0.4916666666666667,0.6379166666666665,0.6858333333333334,0.10833333333333321,1.1679166666666665,4.645833333333333,7.829166666666667,83.4875,18.0,3.0,3181.67,0.31199999999999994,-1.5,0.624,1.456,1.52,1.386,4.4,6.159999999999999,87.94,1.0,0.0,680.8399999999999,-0.532,0.45999999999999996,0.522,-0.162,-2.4200000000000004,1.0699999999999998,4.6,9.9,76.82000000000001,7.0,1.0,664.6800000000001
seq_1560,VILIFVKKKAAKPLRQVLRNWYRHWRPKMR,0.07766666666666669,-0.9033333333333335,0.6293333333333332,1.2263333333333335,-0.11000000000000007,1.436666666666667,5.3,7.5633333333333335,90.14666666666663,13.0,0.0,4174.780000000001,0.292,-1.24,0.46799999999999997,0.976,1.06,1.386,3.3,6.82,75.66,1.0,0.0,606.7,0.05,-0.72,0.636,1.4679999999999997,-0.14000000000000012,0.29,5.7,7.4,87.76000000000002,1.0,0.0,665.8
seq_1358,VMLIFVKKKAAKPLRKVMRNIYRHWRPKWR,0.03733333333333336,-0.8366666666666667,0.6279999999999999,1.171,-0.33333333333333337,1.485,5.283333333333333,7.7266666666666675,89.41333333333331,14.0,0.0,4164.75,0.366,-1.6,0.664,1.356,1.9,1.386,4.3,6.0,88.8,1.0,0.0,662.7999999999998,-0.052000000000000005,-0.82,0.58,1.408,-1.1600000000000001,1.302,6.0,7.659999999999999,90.6,2.0,0.0,715.82
Sequence_338,VNWKKILGKIIKVVK,-0.09666666666666668,-0.9066666666666666,0.5786666666666667,0.914,-1.6066666666666665,2.5346666666666664,5.2,8.560000000000002,92.50666666666667,13.0,1.0,2218.4300000000003,-0.30200000000000005,-0.74,0.6960000000000001,0.982,-2.5,3.7119999999999997,6.6,8.74,108.1,6.0,1.0,841.9399999999999,0.019999999999999997,-1.56,0.5599999999999999,1.2959999999999998,-1.7200000000000002,3.3519999999999994,5.3,8.12,98.17999999999999,4.0,0.0,793.87
seq_721,VMLIFVKKKAAKPLRQVYRNIYRQWRPKWW,0.11533333333333334,-1.153333333333333,0.6326666666666665,1.3283333333333336,0.09999999999999991,1.5630000000000002,5.383333333333334,7.289999999999998,91.97666666666663,13.0,1.0,4244.880000000001,0.366,-1.6,0.664,1.356,1.9,1.386,4.3,6.0,88.8,1.0,0.0,662.7999999999998,-0.03400000000000001,-1.2799999999999998,0.648,1.488,-1.1,2.314,6.3,7.3,99.12,3.0,0.0,781.8800000000001
seq_118,VILIFVKKKAAKPLRQVYRNIYRHWRPKMR,0.07600000000000003,-0.8166666666666668,0.5973333333333332,1.1596666666666668,-0.09000000000000002,1.268,5.066666666666666,7.6800000000000015,86.91999999999997,12.0,0.0,4054.640000000001,0.292,-1.24,0.46799999999999997,0.976,1.06,1.386,3.3,6.82,75.66,1.0,0.0,606.7,0.05,-0.72,0.636,1.4679999999999997,-0.14000000000000012,0.29,5.7,7.4,87.76000000000002,1.0,0.0,665.8
seq_691,VILIFVKKKAAKPLRQFLRNVYRHWRPKWR,0.061333333333333365,-0.8766666666666668,0.6173333333333331,1.1756666666666669,-0.15333333333333335,1.4366666666666668,5.216666666666667,7.583333333333333,89.0233333333333,13.0,0.0,4164.76,0.292,-1.24,0.46799999999999997,0.976,1.06,1.386,3.3,6.82,75.66,1.0,0.0,606.7,-0.052000000000000005,-0.82,0.58,1.408,-1.1600000000000001,1.302,6.0,7.659999999999999,90.6,2.0,0.0,715.82
seq_1036,VMLIFVKKKAAKPLRQVYRNIYRHWRPRWW,0.08533333333333336,-0.9533333333333334,0.6206666666666665,1.2450000000000003,-0.05666666666666673,1.557,5.316666666666666,7.446666666666666,90.39333333333329,13.0,0.0,4186.790000000001,0.366,-1.6,0.664,1.356,1.9,1.386,4.3,6.0,88.8,1.0,0.0,662.7999999999998,0.031999999999999994,-1.18,0.5800000000000001,1.6,-0.78,2.024,6.2,6.82,95.46000000000001,2.0,0.0,741.8500000000001
Sequence_590,KKKKKEGKKQ,-0.36,-0.27999999999999997,0.704,0.5359999999999999,-2.6599999999999997,1.14,5.7,10.150000000000002,91.53,10.0,-1.0,1530.5600000000002,-0.4,-0.5,0.7,0.64,-3.2,1.45,6.0,10.4,91.9,5.0,0.0,775.8,-0.32,-0.05999999999999996,0.708,0.43200000000000005,-2.1199999999999997,0.8300000000000001,5.4,9.9,91.16000000000001,5.0,-1.0,754.76
Sequence_570,ESEFDRQEYEECKRQCMQLETSGQMRRCVSQCDKRFEEDIDWSKYDNQD,-0.28653061224489806,0.17551020408163262,0.6648979591836736,0.276530612244898,-1.146938775510204,0.6338775510204081,4.928571428571429,9.053061224489795,84.71836734693878,50.0,-3.0,6749.019999999998,-0.45999999999999996,1.1,0.6859999999999999,-0.522,-1.7600000000000002,0.0,3.2,10.46,67.14,5.0,-2.0,624.56,-0.24600000000000005,-0.12000000000000002,0.732,0.40599999999999997,-0.78,0.734,5.7,9.120000000000001,91.1,6.0,1.0,692.7700000000001
seq_1643,VILIFVKKKAAKPYRQVMRNIYRHWRPKWR,0.052333333333333364,-0.8333333333333334,0.5866666666666664,1.1496666666666668,-0.2833333333333334,1.4366666666666668,5.116666666666666,7.713333333333334,87.39333333333329,13.0,0.0,4104.660000000001,0.292,-1.24,0.46799999999999997,0.976,1.06,1.386,3.3,6.82,75.66,1.0,0.0,606.7,-0.052000000000000005,-0.82,0.58,1.408,-1.1600000000000001,1.302,6.0,7.659999999999999,90.6,2.0,0.0,715.82
Sequence_109,GGLRSLGRKILRAWKKYGPIIVPIIRIG,-0.012142857142857146,-0.567857142857143,0.5274999999999997,0.8035714285714286,-0.5571428571428572,0.8067857142857141,4.5,8.267857142857142,77.92857142857143,16.0,0.0,3495.8600000000015,-0.196,-0.21999999999999997,0.6539999999999999,0.534,-0.9799999999999999,0.5,5.2,8.680000000000001,81.97999999999999,5.0,0.0,643.69,-0.05599999999999998,0.04,0.20800000000000002,0.196,-1.2600000000000002,0.25,2.6,9.1,54.44,2.0,0.0,486.49
seq_581,VMLIFVKKKAAKPLRQFLRNIYRHWRPKMW,0.08666666666666667,-0.8833333333333334,0.6473333333333332,1.1756666666666666,0.18333333333333338,1.2056666666666664,5.166666666666667,7.463333333333334,88.85666666666663,12.0,0.0,4107.7300000000005,0.366,-1.6,0.664,1.356,1.9,1.386,4.3,6.0,88.8,1.0,0.0,662.7999999999998,0.068,-1.1800000000000002,0.7040000000000001,1.5479999999999996,-0.08000000000000011,1.302,6.0,7.040000000000001,96.28,2.0,0.0,731.8599999999999
Sequence_132,FALALKALKK,0.17800000000000002,-0.9400000000000001,0.734,1.001,1.1800000000000004,0.43499999999999994,4.5,7.660000000000001,80.78,3.0,0.0,1247.41,0.4,-1.1199999999999999,0.74,1.1039999999999999,3.0200000000000005,0.0,3.8,6.42,75.5,0.0,0.0,561.67,-0.04400000000000002,-0.76,0.7280000000000001,0.898,-0.6600000000000001,0.8699999999999999,5.2,8.9,86.05999999999999,3.0,0.0,685.7399999999999
Sequence_178,GLLGPLLKIAAKVGSNLL,0.07999999999999999,-0.7555555555555556,0.7383333333333332,0.9888888888888889,0.5333333333333333,0.9583333333333334,5.083333333333333,7.794444444444443,88.86111111111111,12.0,1.0,2393.77,0.06800000000000002,-0.9,0.8360000000000001,1.152,0.78,0.5,5.8,7.42,96.22,4.0,0.0,703.85,-0.11799999999999997,-0.020000000000000018,0.786,0.604,0.16000000000000014,0.984,5.4,8.280000000000001,90.74,5.0,1.0,659.77
seq_1648,VILIFVKKKAAKPLRKVYRNIYRHWRPKYK,0.03166666666666667,-0.7566666666666667,0.6013333333333332,1.0723333333333334,-0.33000000000000007,1.364666666666667,5.05,7.966666666666668,86.23333333333332,14.0,0.0,4070.620000000001,0.292,-1.24,0.46799999999999997,0.976,1.06,1.386,3.3,6.82,75.66,1.0,0.0,606.7,-0.014000000000000002,-0.76,0.6599999999999999,1.2759999999999998,-0.38000000000000006,0.58,5.7,8.08,88.04,2.0,0.0,691.81
Sequence_363,RGDLLRHVVKILEKYL,0.04687500000000001,-0.6312500000000001,0.7024999999999999,0.9500000000000002,-0.2250000000000001,1.2049999999999998,5.1875,8.168750000000003,90.60625,10.0,-2.0,2224.46,0.01200000000000001,-0.64,0.768,0.836,0.08000000000000007,0.25,5.5,8.100000000000001,88.6,4.0,0.0,655.7399999999999,0.176,-0.52,0.852,0.9480000000000001,1.3,0.29,4.9,7.94,89.88,2.0,-1.0,667.7499999999999
Sequence_220,EGGGPQWAVGHFM,-0.15538461538461534,-0.4615384615384614,0.7046153846153846,0.693076923076923,-0.8000000000000002,1.4046153846153844,5.3076923076923075,8.330769230769231,92.15384615384616,12.0,-2.0,1906.0700000000002,-0.5059999999999999,0.46000000000000013,0.716,0.10800000000000001,-2.42,0.75,5.3,10.040000000000001,87.03999999999999,7.0,-1.0,720.76,-0.07399999999999998,-0.6,0.732,0.78,-0.3200000000000001,1.89,5.3,7.720000000000001,96.02000000000001,4.0,-1.0,749.8399999999999
Sequence_632,GASCGETCFTGICFTAGCSCNPWPTCTRN,-0.5672413793103448,0.6379310344827587,0.599310344827586,-0.12068965517241381,-1.6655172413793105,1.106896551724138,5.258620689655173,9.09655172413793,83.4862068965517,45.0,7.0,3951.35,-0.63,0.64,0.6180000000000001,-0.372,-2.1,0.99,5.0,9.76,79.2,9.0,1.0,660.68,-0.658,1.04,0.544,-0.08600000000000001,-2.2800000000000002,1.224,6.0,9.4,86.04,8.0,2.0,673.76
Sequence_432,KTKLFKKFAKKLAKKLKKLAKKL,-0.02173913043478262,-0.8217391304347827,0.7304347826086953,0.8900000000000001,-0.26956521739130446,0.7565217391304345,5.130434782608695,8.465217391304348,86.01739130434784,13.0,0.0,3146.4599999999996,-0.04200000000000002,-0.8400000000000001,0.708,0.8160000000000001,-0.020000000000000108,0.58,5.1,8.02,85.06,3.0,0.0,681.7599999999999,0.182,-1.02,0.792,1.15,0.8799999999999999,0.58,5.1,7.860000000000001,88.08,2.0,0.0,661.7499999999999
Sequence_373,FAKKLAKKLAKLL,0.13153846153846155,-0.9384615384615386,0.7507692307692307,1.0146153846153847,0.7615384615384614,0.5576923076923077,4.8076923076923075,7.892307692307693,84.12307692307692,5.0,0.0,1688.9,0.044,-0.86,0.712,0.8460000000000001,0.47999999999999987,0.58,4.6,7.92,81.34,2.0,0.0,651.7299999999999,0.40800000000000003,-1.2799999999999998,0.8560000000000001,1.402,2.42,0.29,5.0,6.82,90.1,1.0,0.0,637.7599999999999
seq_139,VILIFVKKKAAKPLRQFMRNIYRHWRPKIW,0.055333333333333345,-0.7633333333333335,0.5806666666666664,1.049,-0.12000000000000005,1.2056666666666664,4.833333333333333,7.7266666666666675,84.47666666666665,12.0,0.0,3995.530000000001,0.292,-1.24,0.46799999999999997,0.976,1.06,1.386,3.3,6.82,75.66,1.0,0.0,606.7,-0.006000000000000004,-0.82,0.508,1.168,-0.9200000000000002,1.302,5.0,7.860000000000001,83.14000000000001,2.0,0.0,675.76
Sequence_302,FCTMIPIPRCY,-0.16545454545454544,-0.11818181818181817,0.5581818181818182,0.5545454545454546,0.19999999999999998,0.4454545454545455,4.7272727272727275,7.572727272727274,80.58181818181819,9.0,2.0,1400.68,-0.242,-0.039999999999999994,0.556,0.13999999999999996,0.13999999999999993,0.49000000000000005,4.3,7.7,77.38,5.0,1.0,620.71,-0.174,0.039999999999999994,0.516,0.5999999999999999,-0.07999999999999989,0.49000000000000005,4.9,7.82,80.35999999999999,4.0,1.0,630.7599999999999
seq_24,VMLIFVKKKAAKPLRQVLRNIYRHWRPKWR,0.07766666666666669,-0.9033333333333334,0.6293333333333332,1.2263333333333335,-0.11000000000000006,1.4366666666666668,5.3,7.5633333333333335,90.14666666666663,13.0,0.0,4174.780000000001,0.366,-1.6,0.664,1.356,1.9,1.386,4.3,6.0,88.8,1.0,0.0,662.7999999999998,-0.052000000000000005,-0.82,0.58,1.408,-1.1600000000000001,1.302,6.0,7.659999999999999,90.6,2.0,0.0,715.82
seq_235,VILIFVKKKAAKPLRQFLRNIYRHWRPKWW,0.057333333333333354,-0.8400000000000002,0.6053333333333331,1.1023333333333334,-0.12666666666666668,1.3743333333333332,5.05,7.643333333333333,87.13999999999996,13.0,0.0,4101.650000000001,0.292,-1.24,0.46799999999999997,0.976,1.06,1.386,3.3,6.82,75.66,1.0,0.0,606.7,-0.03400000000000001,-1.2799999999999998,0.648,1.488,-1.1,2.314,6.3,7.3,99.12,3.0,0.0,781.8800000000001
seq_1333,VMLIFVKKKAAKPLRKVLRNIYRKWRPKMW,0.07133333333333333,-1.0133333333333334,0.6506666666666665,1.241,-0.12000000000000005,1.491,5.316666666666666,7.569999999999999,90.59999999999997,14.0,1.0,4188.82,0.366,-1.6,0.664,1.356,1.9,1.386,4.3,6.0,88.8,1.0,0.0,662.7999999999998,0.068,-1.1800000000000002,0.7040000000000001,1.5479999999999996,-0.08000000000000011,1.302,6.0,7.040000000000001,96.28,2.0,0.0,731.8599999999999
Sequence_404,GLLQTIKEKLESLESLAKGIVSGIQA,-0.00653846153846154,-0.37692307692307697,0.6442307692307689,0.6249999999999999,-0.15769230769230774,0.5780769230769232,4.288461538461538,8.573076923076922,79.73846153846155,17.0,-3.0,3331.480000000001,0.24,-1.2600000000000002,0.784,1.28,1.52,0.25,5.7,6.9399999999999995,95.76,3.0,0.0,692.8000000000001,0.014000000000000012,-0.5,0.48599999999999993,0.5519999999999999,-0.020000000000000063,0.25,3.7,8.4,69.47999999999999,3.0,0.0,580.59
seq_1232,VMLIFVKKKAAKPYRKVYRNIYRHWRPKMR,0.04833333333333333,-0.8000000000000002,0.6213333333333331,1.1543333333333334,-0.1600000000000001,1.3163333333333334,5.2,7.74,87.8133333333333,13.0,0.0,4086.690000000001,0.366,-1.6,0.664,1.356,1.9,1.386,4.3,6.0,88.8,1.0,0.0,662.7999999999998,0.05,-0.72,0.636,1.4679999999999997,-0.14000000000000012,0.29,5.7,7.4,87.76000000000002,1.0,0.0,665.8
Sequence_571,GIPCGESCVFIPCISSVIGCSCSSKVCYRN,-0.45433333333333326,0.35333333333333333,0.5613333333333331,0.04499999999999996,-1.6099999999999994,1.4786666666666666,4.833333333333333,8.913333333333334,83.07666666666665,43.0,6.0,4113.49,-0.5439999999999999,0.42000000000000004,0.5640000000000001,-0.028000000000000073,-2.0,0.99,5.2,9.24,84.49999999999999,8.0,1.0,690.78,-0.4040000000000001,0.22000000000000003,0.6359999999999999,0.526,-1.34,2.61,6.4,8.22,101.66000000000001,7.0,2.0,756.9100000000001
seq_951,VILIFVKKKAAKPLRQVMRNIYRHWRPKIK,0.05233333333333334,-0.7833333333333334,0.5833333333333331,1.091,-0.29666666666666675,1.3163333333333334,4.933333333333334,7.863333333333334,85.90333333333332,13.0,0.0,4052.5900000000006,0.292,-1.24,0.46799999999999997,0.976,1.06,1.386,3.3,6.82,75.66,1.0,0.0,606.7,-0.09000000000000001,-0.45999999999999996,0.508,0.9759999999999998,-1.3,0.58,4.8,8.7,78.28000000000002,2.0,0.0,649.73
seq_902,VILIFVKKKAAKPLRQVLRNIYRHIRPKMR,0.08700000000000002,-0.7500000000000001,0.5826666666666664,1.1196666666666668,-0.050000000000000044,1.0993333333333333,4.866666666666666,7.750000000000001,84.81999999999998,11.0,0.0,3962.540000000001,0.292,-1.24,0.46799999999999997,0.976,1.06,1.386,3.3,6.82,75.66,1.0,0.0,606.7,0.05,-0.72,0.636,1.4679999999999997,-0.14000000000000012,0.29,5.7,7.4,87.76000000000002,1.0,0.0,665.8
seq_910,VILIFVKKKAAKPLRQVLRNIYRHWHPKWK,0.03600000000000002,-0.7600000000000001,0.6186666666666664,1.079,-0.36666666666666675,1.5273333333333337,5.133333333333334,7.923333333333334,88.93666666666664,15.0,-1.0,4190.710000000001,0.292,-1.24,0.46799999999999997,0.976,1.06,1.386,3.3,6.82,75.66,1.0,0.0,606.7,-0.22800000000000004,-0.31999999999999995,0.7120000000000001,0.9039999999999999,-1.86,1.8459999999999996,6.0,9.0,96.47999999999999,4.0,-1.0,787.85
Sequence_524,FAFGKGIGKIGKKGL,-0.24466666666666664,-0.3533333333333333,0.5986666666666667,0.31933333333333336,-1.32,0.8033333333333332,4.6,9.093333333333334,78.66,14.0,0.0,1964.0900000000001,-0.152,-0.5599999999999999,0.6280000000000001,0.37,0.019999999999999928,0.54,4.1,8.0,74.16,3.0,0.0,632.6999999999999,-0.2899999999999999,-0.4800000000000001,0.756,0.548,-1.78,1.08,5.9,9.4,93.03999999999999,6.0,0.0,733.79
Sequence_3,GLFDIVKKIAGHIAGSI,-0.1241176470588235,-0.24117647058823527,0.5170588235294117,0.32294117647058823,-0.976470588235294,0.8735294117647058,3.8529411764705883,9.041176470588235,72.01764705882353,13.0,-1.0,2068.1299999999997,-0.07999999999999999,-0.48,0.616,0.292,-0.08,0.25,4.0,8.36,74.4,4.0,0.0,605.6600000000001,-0.07599999999999998,0.0,0.34600000000000003,0.09200000000000001,-0.66,0.25,2.5,9.16,53.96,3.0,0.0,490.46999999999997
seq_131,VIIIFVKKKAAKPLRQVLRNIYRHWRPKMK,0.05233333333333334,-0.7833333333333334,0.5833333333333331,1.091,-0.2966666666666667,1.3163333333333334,4.933333333333334,7.863333333333333,85.90333333333332,13.0,0.0,4052.590000000001,0.17800000000000002,-0.8800000000000001,0.26399999999999996,0.596,0.07999999999999999,1.386,2.3,7.58,62.52,1.0,0.0,550.6,-0.016000000000000004,-0.82,0.7040000000000001,1.3559999999999997,-0.46000000000000013,0.58,5.8,7.88,91.42,2.0,0.0,705.8299999999999
Sequence_504,KWKLFKKIPLKKF,-0.032307692307692315,-0.9384615384615386,0.6892307692307692,0.953846153846154,-0.38461538461538475,1.0584615384615383,5.115384615384615,8.053846153846155,87.86153846153846,7.0,0.0,1841.0700000000002,-0.0020000000000000087,-1.22,0.748,1.032,-0.14000000000000004,1.592,5.5,7.540000000000001,94.06,3.0,0.0,743.8299999999999,0.04599999999999999,-1.02,0.764,1.1919999999999997,0.5,0.58,5.3,7.44,90.36,2.0,0.0,711.8499999999999
Sequence_148,KWKLFKKIGIGKFLHLAKKF,-0.095,-0.5650000000000001,0.6539999999999998,0.6195000000000002,-0.61,0.9489999999999998,4.75,8.525,82.985,13.0,-1.0,2702.9300000000003,-0.0020000000000000087,-1.22,0.748,1.032,-0.14000000000000004,1.592,5.5,7.540000000000001,94.06,3.0,0.0,743.8299999999999,0.04399999999999999,-0.86,0.7120000000000001,0.8460000000000001,0.47999999999999987,0.58,4.6,7.92,81.34,2.0,0.0,651.7299999999999
Sequence_556,KILRGVAKKILRTFLRRISKDILTGKK,-0.040740740740740744,-0.5555555555555557,0.5633333333333331,0.7370370370370372,-0.6851851851851852,0.6714814814814813,4.611111111111111,8.488888888888889,78.06296296296296,16.0,0.0,3398.6700000000005,-0.05399999999999999,-0.41999999999999993,0.552,0.704,-0.8400000000000001,0.54,4.7,8.62,78.69999999999999,3.0,0.0,622.68,-0.188,-0.6,0.7200000000000001,0.696,-1.2200000000000002,0.8300000000000001,5.7,9.02,89.33999999999999,5.0,0.0,706.76
seq_1281,VMLIFVKKKAAKPYRQVYRNIYRNWRPKWW,0.05200000000000002,-0.9600000000000002,0.6233333333333331,1.2193333333333336,-0.1333333333333333,1.6853333333333336,5.383333333333334,7.516666666666667,91.11999999999996,15.0,2.0,4211.860000000001,0.366,-1.6,0.664,1.356,1.9,1.386,4.3,6.0,88.8,1.0,0.0,662.7999999999998,-0.03400000000000001,-1.2799999999999998,0.648,1.488,-1.1,2.314,6.3,7.3,99.12,3.0,0.0,781.8800000000001
seq_1620,VILIFVKKKAAKPLRKVLRNIYRHWRPKWR,0.031666666666666655,-0.7766666666666668,0.5966666666666663,1.1076666666666668,-0.45000000000000007,1.485,5.116666666666666,7.873333333333333,87.22333333333331,14.0,0.0,4108.650000000001,0.292,-1.24,0.46799999999999997,0.976,1.06,1.386,3.3,6.82,75.66,1.0,0.0,606.7,-0.052000000000000005,-0.82,0.58,1.408,-1.1600000000000001,1.302,6.0,7.659999999999999,90.6,2.0,0.0,715.82
seq_1468,VMLIFVKKKAAKPLRQVLRNIYRHIRPKWW,0.08533333333333336,-0.9033333333333334,0.6173333333333331,1.1863333333333332,-0.07000000000000005,1.4366666666666668,5.133333333333334,7.596666666666667,88.90333333333332,13.0,0.0,4134.720000000001,0.366,-1.6,0.664,1.356,1.9,1.386,4.3,6.0,88.8,1.0,0.0,662.7999999999998,-0.03400000000000001,-1.2799999999999998,0.648,1.488,-1.1,2.314,6.3,7.3,99.12,3.0,0.0,781.8800000000001
Sequence_46,FLSLIPHIVSGVAALAKHL,0.11473684210526314,-0.605263157894737,0.6442105263157893,0.8689473684210526,0.5210526315789473,1.0052631578947366,4.2894736842105265,7.842105263157895,80.84210526315789,9.0,-2.0,2426.68,0.27999999999999997,-0.86,0.638,0.8379999999999999,2.0599999999999996,0.0,3.5,6.8199999999999985,72.70000000000002,1.0,0.0,563.6499999999999,0.13799999999999998,-0.31999999999999995,0.788,0.8699999999999999,0.82,0.5439999999999999,4.9,8.24,86.64,2.0,-1.0,653.7199999999999
Sequence_266,ALWKTLLKNVGKAAGKAALNAVTDMVNQ,-0.021071428571428578,-0.7214285714285715,0.7014285714285712,0.9310714285714285,-0.17857142857142863,1.6128571428571428,5.321428571428571,8.114285714285714,90.79642857142856,22.0,3.0,3871.3600000000006,0.08399999999999999,-1.1,0.6880000000000001,1.066,0.21999999999999997,1.302,5.2,7.7,86.78,3.0,0.0,675.73,-0.04600000000000002,-0.9,0.764,1.126,-0.34,2.12,6.2,7.6800000000000015,106.42,5.0,1.0,778.9100000000001
Sequence_177,VAKLLAKLAKKLL,0.24384615384615385,-1.2230769230769232,0.7815384615384615,1.2823076923076924,1.0923076923076924,0.979230769230769,5.076923076923077,7.484615384615386,90.06153846153846,5.0,0.0,1748.0000000000002,0.33599999999999997,-1.6,0.792,1.5420000000000003,1.3399999999999999,1.6759999999999997,5.3,6.859999999999999,96.78,2.0,0.0,710.8299999999999,0.182,-1.02,0.792,1.15,0.8799999999999999,0.58,5.1,7.860000000000001,88.08,2.0,0.0,661.7499999999999
Sequence_77,LVRGCWTKSYPPKPCFVR,-0.1522222222222222,-0.6777777777777778,0.6683333333333332,0.9761111111111112,-0.5444444444444445,1.5538888888888887,5.805555555555555,7.600000000000002,94.47222222222223,17.0,2.0,2666.1099999999997,-0.284,-0.4,0.6880000000000001,0.676,-1.2,2.126,6.3,7.92,101.96,7.0,1.0,770.8899999999999,-0.23199999999999998,-0.54,0.628,0.8959999999999999,-0.52,1.876,5.8,7.0200000000000005,96.82000000000001,5.0,1.0,763.93
Sequence_293,AKIPIKAIKTVGKAVGKGLRAINIASTANDVFNFLKPKKRKA,-0.11071428571428574,-0.4071428571428572,0.5707142857142856,0.6688095238095239,-0.8142857142857142,1.1571428571428573,4.571428571428571,8.659523809523806,79.13333333333334,29.0,3.0,5393.93,0.08600000000000001,-0.45999999999999996,0.4,0.742,-0.060000000000000074,0.29,3.1,8.440000000000001,62.96,1.0,0.0,543.5999999999999,-0.20400000000000001,-0.4,0.596,0.758,-1.8799999999999997,0.8699999999999999,5.2,9.46,80.38,3.0,0.0,669.7
Sequence_276,KAYARIGNSYFK,-0.09500000000000001,-0.20833333333333334,0.5691666666666667,0.535,-0.17500000000000004,0.6516666666666667,4.333333333333333,8.525,73.925,7.0,1.0,1431.5800000000002,0.11400000000000002,-0.6,0.572,0.9359999999999999,0.5999999999999999,0.29,4.3,8.1,71.16,1.0,0.0,565.62,-0.23600000000000004,0.05999999999999996,0.658,0.392,-0.24000000000000005,1.024,4.8,8.459999999999999,81.05999999999999,4.0,1.0,644.74
Sequence_361,ACYCRIPACIAGERRYGTCIYQGRLWAFCC,-0.30166666666666664,0.19333333333333333,0.5666666666666665,0.2206666666666667,-0.6366666666666666,0.7836666666666666,4.9,8.433333333333332,81.01333333333332,33.0,5.0,3877.32,-0.5599999999999999,0.8,0.6,-0.16600000000000006,-0.9199999999999999,0.9800000000000001,5.6,8.6,85.9,8.0,2.0,669.7699999999999,-0.642,0.44000000000000006,0.64,-0.31000000000000005,-1.2,1.9920000000000002,5.5,8.16,91.06000000000002,9.0,2.0,739.8299999999999
seq_414,VILIFVKKKAAKPMRQVYRNIYRHYRPKMW,0.0896666666666667,-0.8666666666666668,0.6093333333333332,1.1696666666666669,0.07999999999999995,1.268,5.05,7.6000000000000005,87.3033333333333,12.0,0.0,4056.6600000000008,0.292,-1.24,0.46799999999999997,0.976,1.06,1.386,3.3,6.82,75.66,1.0,0.0,606.7,0.068,-1.1800000000000002,0.7040000000000001,1.5479999999999996,-0.08000000000000011,1.302,6.0,7.040000000000001,96.28,2.0,0.0,731.8599999999999
Sequence_162,SPLGYGFAVRNSG,-0.12076923076923075,-0.40769230769230763,0.6569230769230769,0.7261538461538459,-0.27692307692307694,1.103846153846154,5.038461538461538,8.076923076923077,84.51538461538462,11.0,1.0,1721.9600000000003,0.11600000000000002,-0.82,0.7540000000000001,1.1179999999999999,1.26,0.25,5.1,7.3,85.88,3.0,0.0,648.77,-0.35,0.020000000000000018,0.5900000000000001,0.6039999999999999,-2.1399999999999997,2.37,5.7,8.88,91.74,6.0,1.0,716.8
seq_213,VILIFVKKKAAKPLRQVMRNIYRHWRPKWR,0.05866666666666668,-0.8433333333333335,0.595333333333333,1.163,-0.2733333333333334,1.4366666666666668,5.133333333333334,7.69,87.95666666666664,13.0,0.0,4118.68,0.292,-1.24,0.46799999999999997,0.976,1.06,1.386,3.3,6.82,75.66,1.0,0.0,606.7,-0.052000000000000005,-0.82,0.58,1.408,-1.1600000000000001,1.302,6.0,7.659999999999999,90.6,2.0,0.0,715.82
seq_607,VILIFVKKKAAKPLRQFLRNIYRNWRPKWK,0.027333333333333355,-0.7800000000000001,0.6053333333333331,1.0766666666666667,-0.20333333333333334,1.3340000000000003,5.083333333333333,7.75,87.00999999999998,14.0,2.0,4074.6800000000007,0.292,-1.24,0.46799999999999997,0.976,1.06,1.386,3.3,6.82,75.66,1.0,0.0,606.7,-0.11800000000000002,-0.9199999999999999,0.648,1.2959999999999998,-1.48,1.592,6.1,8.14,94.26000000000002,3.0,0.0,755.85
Sequence_222,MRKWFHNVLSSGQLLADKWPAWDYNRK,-0.057407407407407414,-0.5962962962962964,0.6985185185185183,0.8866666666666667,-0.32222222222222224,1.3451851851851853,5.388888888888889,8.044444444444444,90.03333333333333,20.0,1.0,3759.19,0.024,-1.1199999999999999,0.672,1.144,0.039999999999999855,1.302,5.4,7.0,90.4,2.0,0.0,703.8,-0.3340000000000001,0.24,0.6519999999999999,0.434,-1.6,1.024,5.7,9.44,86.28,5.0,1.0,665.75
Sequence_455,GKWMSLLKHWLK,-0.0008333333333333248,-0.8166666666666665,0.7858333333333332,0.9791666666666669,-0.225,1.4158333333333333,5.666666666666667,8.008333333333335,95.45,9.0,-1.0,1750.91,-0.15999999999999998,-0.82,0.718,0.7859999999999999,-1.0,1.552,5.5,8.24,90.94,5.0,0.0,718.76,-0.134,-0.41999999999999993,0.76,0.8039999999999999,-1.34,1.8459999999999996,5.9,8.9,97.34,4.0,-1.0,769.81
Sequence_247,SWLSKTAKKLENSAKKRISEGIAIAIQGGPR,-0.1283870967741935,-0.12258064516129032,0.5606451612903224,0.4938709677419354,-0.8548387096774193,0.6364516129032257,4.209677419354839,8.970967741935484,74.06129032258063,21.0,-1.0,3810.9500000000016,-0.03400000000000001,-0.8,0.6960000000000001,0.8319999999999999,-0.32000000000000006,1.302,4.9,8.04,83.97999999999999,4.0,0.0,677.6999999999999,-0.11599999999999996,-0.6799999999999999,0.6399999999999999,1.092,-0.78,0.5,6.0,7.9799999999999995,92.92,4.0,0.0,721.83
Sequence_469,FAKLLAKLAKAKL,0.18153846153846154,-0.9384615384615386,0.7369230769230769,1.016923076923077,1.1461538461538463,0.4461538461538461,4.538461538461538,7.715384615384616,81.10000000000001,4.0,0.0,1622.83,0.26999999999999996,-1.1199999999999999,0.776,1.098,2.02,0.29,4.5,6.88,83.36,1.0,0.0,627.7399999999999,0.086,-0.76,0.692,0.9039999999999999,0.33999999999999997,0.58,4.5,8.440000000000001,78.2,2.0,0.0,619.67
seq_1174,VILIFVKKKAAKPLRKVMRNIYRHWRPKWR,0.02500000000000001,-0.7766666666666668,0.595333333333333,1.1076666666666668,-0.4733333333333334,1.485,5.116666666666666,7.863333333333333,87.22333333333331,14.0,0.0,4108.650000000001,0.292,-1.24,0.46799999999999997,0.976,1.06,1.386,3.3,6.82,75.66,1.0,0.0,606.7,-0.052000000000000005,-0.82,0.58,1.408,-1.1600000000000001,1.302,6.0,7.659999999999999,90.6,2.0,0.0,715.82
Sequence_245,FLGALAKIISGIF,0.036923076923076927,-0.4923076923076923,0.5315384615384616,0.46999999999999986,0.4153846153846156,0.3038461538461539,3.423076923076923,8.092307692307692,67.76153846153845,6.0,0.0,1460.58,0.21200000000000002,-0.9799999999999999,0.772,0.9259999999999998,1.9600000000000002,0.25,4.5,6.9,82.92,2.0,0.0,618.73,-0.11799999999999997,-0.1,0.366,0.034,-0.5200000000000001,0.25,2.6,8.64,57.1,3.0,0.0,522.53
Sequence_216,GSIPCGESCVFIPCISSVIGCACKSKVCYKN,-0.44677419354838704,0.28387096774193543,0.5764516129032257,0.06741935483870967,-1.6290322580645162,1.5245161290322582,4.870967741935484,9.003225806451612,83.87741935483871,44.0,6.0,4292.679999999999,-0.458,0.44000000000000006,0.534,0.01799999999999997,-1.4600000000000002,0.74,4.6,8.98,77.53999999999999,7.0,1.0,649.72,-0.47000000000000003,0.12000000000000002,0.704,0.41400000000000003,-1.6600000000000001,2.8999999999999995,6.5,8.7,105.32000000000001,8.0,2.0,796.94
seq_1634,VIIIFVKKKAAKPYRQVLRNIYRKIRPKWY,0.07233333333333333,-0.8633333333333334,0.5446666666666665,1.0896666666666666,-0.19000000000000006,1.274,4.75,7.8100000000000005,83.16333333333331,12.0,1.0,3952.4900000000007,0.17800000000000002,-0.8800000000000001,0.26399999999999996,0.596,0.07999999999999999,1.386,2.3,7.58,62.52,1.0,0.0,550.6,0.06999999999999999,-1.1199999999999999,0.6599999999999999,1.468,0.0,1.302,5.9,7.24,92.9,2.0,0.0,717.84
Sequence_503,DFKLFAVYIKYR,0.09666666666666666,-0.9583333333333334,0.6266666666666667,0.9008333333333333,0.5750000000000001,0.8191666666666665,4.5,7.575,80.51666666666667,5.0,0.0,1533.7400000000002,-0.046,-0.82,0.744,0.5399999999999999,0.5599999999999999,0.29,4.5,7.640000000000001,81.24,3.0,0.0,660.75,0.154,-0.7,0.5159999999999999,0.968,0.6400000000000001,0.29,4.4,7.840000000000001,74.4,1.0,0.0,579.66
seq_1238,VILIFVKKKAAKPLRKVLRNIYRHIRPKWK,0.025333333333333322,-0.7166666666666668,0.5846666666666664,1.0356666666666667,-0.47333333333333344,1.364666666666667,4.916666666666667,8.046666666666667,85.16999999999999,14.0,0.0,4042.560000000001,0.292,-1.24,0.46799999999999997,0.976,1.06,1.386,3.3,6.82,75.66,1.0,0.0,606.7,-0.11800000000000002,-0.9199999999999999,0.648,1.2959999999999998,-1.48,1.592,6.1,8.14,94.26000000000002,3.0,0.0,755.85
Sequence_676,FLPLIAGLIGKLF,0.15769230769230771,-0.8538461538461538,0.6676923076923077,0.8946153846153847,1.2076923076923076,0.3038461538461539,4.269230769230769,7.307692307692308,79.9076923076923,5.0,0.0,1602.8800000000003,0.384,-1.18,0.688,1.316,2.6,0.0,4.1,6.119999999999999,81.26,0.0,0.0,607.77,-0.03199999999999999,-0.62,0.604,0.5399999999999999,-0.019999999999999928,0.54,4.2,8.120000000000001,77.64,3.0,0.0,628.6999999999999
seq_107,VILIFVRKKAAKPYRQVLRNIYRQWCPKMW,0.07466666666666669,-0.9600000000000001,0.6086666666666665,1.1836666666666666,0.08666666666666666,1.4276666666666669,5.216666666666667,7.386666666666667,89.88666666666663,15.0,2.0,4157.800000000001,0.292,-1.24,0.46799999999999997,0.976,1.06,1.386,3.3,6.82,75.66,1.0,0.0,606.7,-0.26999999999999996,-0.58,0.768,0.8879999999999999,-0.6600000000000001,1.7920000000000003,6.4,7.540000000000001,103.38000000000002,6.0,1.0,790.9299999999998
Sequence_396,GLFDVIKKVASVIKGL,-0.01874999999999999,-0.99375,0.626875,0.84625,-0.6937500000000001,1.7274999999999998,4.78125,8.200000000000001,86.8375,13.0,0.0,2230.43,-0.03799999999999999,-1.16,0.756,0.812,-0.18,1.636,5.3,7.639999999999999,94.22,5.0,0.0,734.83,0.03400000000000001,-1.1,0.62,0.984,-0.7,1.9259999999999997,5.0,8.1,91.06,4.0,0.0,711.79
seq_792,VILIFVKKKAAKPMRQVLRNIYRHWHPKWY,0.06066666666666669,-0.7933333333333334,0.6193333333333332,1.1076666666666668,-0.14333333333333334,1.479,5.1,7.7633333333333345,88.70999999999997,14.0,-1.0,4152.700000000001,0.292,-1.24,0.46799999999999997,0.976,1.06,1.386,3.3,6.82,75.66,1.0,0.0,606.7,-0.039999999999999994,-0.5199999999999999,0.724,1.076,-0.38000000000000006,1.5559999999999998,5.8,8.1,95.12,3.0,-1.0,749.84
seq_461,VMLIFVKKKAAKPLRQFLRNIYRKWRPRMW,0.10500000000000002,-0.9833333333333335,0.6366666666666665,1.241,0.24666666666666676,1.1633333333333333,5.183333333333334,7.319999999999999,88.48666666666664,11.0,1.0,4075.730000000001,0.366,-1.6,0.664,1.356,1.9,1.386,4.3,6.0,88.8,1.0,0.0,662.7999999999998,0.134,-1.08,0.6359999999999999,1.6599999999999997,0.2399999999999999,1.012,5.9,6.5600000000000005,92.61999999999999,1.0,0.0,691.8299999999999
Sequence_526,GKWMSFLKHILK,-0.046666666666666655,-0.5583333333333332,0.6941666666666667,0.7191666666666666,-0.3166666666666667,0.9941666666666665,4.916666666666667,8.266666666666667,85.98333333333333,8.0,-1.0,1634.77,-0.15999999999999998,-0.82,0.718,0.7859999999999999,-1.0,1.552,5.5,8.24,90.94,5.0,0.0,718.76,-0.10600000000000001,0.039999999999999994,0.6199999999999999,0.484,-1.1600000000000001,0.834,4.6,9.46,81.36000000000001,3.0,-1.0,663.6899999999999
Sequence_157,GIIKKIIIKKIIIKKIIIKKI,-0.09380952380952383,-0.18095238095238095,0.2990476190476191,0.23333333333333334,-1.6142857142857139,0.6119047619047618,2.857142857142857,9.604761904761906,60.023809523809526,10.0,0.0,2288.2699999999995,-0.23399999999999999,-0.16,0.41600000000000004,0.21200000000000002,-2.1399999999999997,0.8300000000000001,3.8,9.86,69.22,4.0,0.0,606.6099999999999,-0.06400000000000002,-0.2,0.27999999999999997,0.256,-1.52,0.58,2.7,9.559999999999999,58.54,2.0,0.0,535.53
seq_527,VILIFVKKKAAKPLRKVLRNIYRHWRPKMR,0.04866666666666666,-0.7600000000000001,0.6059999999999998,1.1176666666666668,-0.2800000000000001,1.3163333333333334,5.066666666666666,7.83,86.74999999999999,13.0,0.0,4058.630000000001,0.292,-1.24,0.46799999999999997,0.976,1.06,1.386,3.3,6.82,75.66,1.0,0.0,606.7,0.05,-0.72,0.636,1.4679999999999997,-0.14000000000000012,0.29,5.7,7.4,87.76000000000002,1.0,0.0,665.8
seq_387,VILIFVKKKAAKPLRKVLRNIYRNWRPKMK,0.02166666666666666,-0.7766666666666668,0.6173333333333331,1.1053333333333335,-0.3466666666666667,1.4446666666666668,5.15,7.876666666666667,88.03999999999998,15.0,2.0,4097.720000000001,0.292,-1.24,0.46799999999999997,0.976,1.06,1.386,3.3,6.82,75.66,1.0,0.0,606.7,-0.016000000000000004,-0.82,0.7040000000000001,1.3559999999999997,-0.46000000000000013,0.58,5.8,7.88,91.42,2.0,0.0,705.8299999999999
seq_399,VILIFVKKKAAKPLRQVMRNIYRNWRPKWK,0.03166666666666668,-0.8600000000000001,0.6066666666666664,1.1506666666666667,-0.34,1.5650000000000004,5.216666666666667,7.736666666666667,89.24666666666664,15.0,2.0,4157.77,0.292,-1.24,0.46799999999999997,0.976,1.06,1.386,3.3,6.82,75.66,1.0,0.0,606.7,-0.11800000000000002,-0.9199999999999999,0.648,1.2959999999999998,-1.48,1.592,6.1,8.14,94.26000000000002,3.0,0.0,755.85
seq_963,VMLIFVKKKAAKPYRQVLRNIYRKIRPKWK,0.07233333333333337,-0.9500000000000001,0.6093333333333332,1.1876666666666666,-0.13333333333333341,1.3223333333333334,5.116666666666666,7.696666666666667,87.76999999999998,13.0,1.0,4102.700000000001,0.366,-1.6,0.664,1.356,1.9,1.386,4.3,6.0,88.8,1.0,0.0,662.7999999999998,-0.11800000000000002,-0.9199999999999999,0.648,1.2959999999999998,-1.48,1.592,6.1,8.14,94.26000000000002,3.0,0.0,755.85
seq_1515,VILIFVKKKAAKPLRQVLRNIYRKWRPKWR,0.0726666666666667,-0.9600000000000002,0.597333333333333,1.209666666666667,-0.24000000000000005,1.4426666666666668,5.166666666666667,7.636666666666667,88.19666666666664,13.0,1.0,4126.71,0.292,-1.24,0.46799999999999997,0.976,1.06,1.386,3.3,6.82,75.66,1.0,0.0,606.7,-0.052000000000000005,-0.82,0.58,1.408,-1.1600000000000001,1.302,6.0,7.659999999999999,90.6,2.0,0.0,715.82
seq_973,VILIFVKKKAAKPLRQVYRNIFRHIRPKMK,0.05300000000000001,-0.7400000000000001,0.5806666666666663,1.0503333333333333,-0.17000000000000004,1.1476666666666666,4.8,7.840000000000002,84.30666666666666,12.0,0.0,3992.5500000000006,0.292,-1.24,0.46799999999999997,0.976,1.06,1.386,3.3,6.82,75.66,1.0,0.0,606.7,-0.016000000000000004,-0.82,0.7040000000000001,1.3559999999999997,-0.46000000000000013,0.58,5.8,7.88,91.42,2.0,0.0,705.8299999999999
Sequence_193,MPKWKVFKKIEKVGRNIRNGIVKAGPAIAVLGEAKALG,-0.10763157894736841,-0.4710526315789475,0.6105263157894735,0.7492105263157898,-0.9552631578947374,1.4873684210526317,4.815789473684211,8.589473684210526,84.78157894736839,28.0,0.0,5162.670000000001,0.0020000000000000018,-1.28,0.772,1.4359999999999997,-0.4000000000000002,1.592,6.1,7.5200000000000005,99.94000000000001,3.0,0.0,771.89,0.028000000000000004,-0.6199999999999999,0.688,0.732,0.2800000000000001,0.54,4.5,8.459999999999999,77.76,3.0,0.0,610.66
Sequence_423,FALALKLAKKAL,0.23,-0.975,0.7399999999999999,1.0483333333333333,1.5083333333333337,0.3625,4.416666666666667,7.491666666666667,80.2,3.0,0.0,1467.67,0.4,-1.1199999999999999,0.74,1.1039999999999999,3.0200000000000005,0.0,3.8,6.42,75.5,0.0,0.0,561.67,0.086,-0.76,0.692,0.9039999999999999,0.33999999999999986,0.58,4.5,8.440000000000001,78.2,2.0,0.0,619.67
Sequence_580,FLPPSPWKETFRTS,-0.032857142857142856,-0.55,0.6557142857142857,0.9400000000000001,0.1857142857142857,0.46499999999999997,4.75,7.607142857142856,81.0,7.0,-1.0,1854.1000000000001,0.20600000000000002,-1.02,0.7460000000000001,1.418,2.0,0.0,4.7,6.26,84.11999999999999,1.0,0.0,655.83,-0.13,-0.29999999999999993,0.502,0.526,-0.26,0.0,4.3,7.980000000000001,67.84,3.0,0.0,579.61
Sequence_426,GIIKKIIIKKI,-0.1209090909090909,-0.16363636363636364,0.3163636363636364,0.21272727272727276,-1.7,0.640909090909091,3.0,9.645454545454546,61.372727272727275,6.0,0.0,1217.2099999999996,-0.23399999999999999,-0.16,0.41600000000000004,0.21200000000000002,-2.1399999999999997,0.8300000000000001,3.8,9.86,69.22,4.0,0.0,606.6099999999999,-0.06400000000000002,-0.2,0.27999999999999997,0.256,-1.52,0.58,2.7,9.559999999999999,58.54,2.0,0.0,535.53
seq_820,VMLIFVKKKAAKPYRQVLRNIYRHWRPKIW,0.07900000000000003,-0.8933333333333334,0.6086666666666665,1.1730000000000003,-0.08000000000000007,1.4366666666666668,5.116666666666666,7.62,88.33999999999997,13.0,0.0,4120.700000000001,0.366,-1.6,0.664,1.356,1.9,1.386,4.3,6.0,88.8,1.0,0.0,662.7999999999998,-0.006000000000000004,-0.82,0.508,1.168,-0.9200000000000002,1.302,5.0,7.860000000000001,83.14000000000001,2.0,0.0,675.76
Sequence_634,FAKKLAKKLKKLAKKLAKLALAL,0.1326086956521739,-0.9173913043478261,0.7469565217391303,1.02,0.6956521739130433,0.5673913043478259,4.804347826086956,8.004347826086954,83.69565217391305,9.0,0.0,2970.3200000000006,0.044,-0.86,0.712,0.8460000000000001,0.47999999999999987,0.58,4.6,7.92,81.34,2.0,0.0,651.7299999999999,0.538,-1.2799999999999998,0.82,1.408,3.4200000000000004,0.0,4.3,6.36,82.24000000000001,0.0,0.0,571.6899999999999
Sequence_591,FALALKA,0.2642857142857143,-0.9428571428571428,0.7028571428571428,0.9757142857142856,1.9571428571428575,0.20714285714285713,3.9285714285714284,7.228571428571429,74.57142857142857,1.0,0.0,805.92,0.4,-1.1199999999999999,0.74,1.1039999999999999,3.0200000000000005,0.0,3.8,6.42,75.5,0.0,0.0,561.67,0.312,-1.02,0.756,1.156,1.8800000000000001,0.29,4.4,7.4,80.22,1.0,0.0,595.68
seq_452,VILIFVKKKAAKPYRQVYRNVYRHWRPKMW,0.0796666666666667,-0.9966666666666666,0.6233333333333331,1.2463333333333335,-0.1066666666666667,1.6676666666666669,5.316666666666666,7.523333333333334,91.07999999999997,14.0,0.0,4235.85,0.292,-1.24,0.46799999999999997,0.976,1.06,1.386,3.3,6.82,75.66,1.0,0.0,606.7,0.068,-1.1800000000000002,0.7040000000000001,1.5479999999999996,-0.08000000000000011,1.302,6.0,7.040000000000001,96.28,2.0,0.0,731.8599999999999
Sequence_561,KWKLFKKIPKFLHSAKKF,-0.07833333333333334,-0.6055555555555556,0.667222222222222,0.7411111111111113,-0.4555555555555556,0.9155555555555553,4.777777777777778,8.344444444444445,83.03333333333335,10.0,-1.0,2458.6899999999996,-0.0020000000000000087,-1.22,0.748,1.032,-0.14000000000000004,1.592,5.5,7.540000000000001,94.06,3.0,0.0,743.8299999999999,-0.154,-0.44000000000000006,0.6140000000000001,0.46799999999999997,-0.5800000000000001,0.58,4.1,8.719999999999999,71.92,3.0,0.0,625.65
seq_1612,VILIFVKKKAAKPLRQFYRNIYRHWRPKWW,0.05100000000000001,-0.8300000000000002,0.5966666666666663,1.089,-0.13666666666666666,1.3743333333333332,5.033333333333333,7.666666666666667,86.57666666666663,13.0,0.0,4087.630000000001,0.292,-1.24,0.46799999999999997,0.976,1.06,1.386,3.3,6.82,75.66,1.0,0.0,606.7,-0.03400000000000001,-1.2799999999999998,0.648,1.488,-1.1,2.314,6.3,7.3,99.12,3.0,0.0,781.8800000000001
Sequence_311,KWKLFKKIPHLAKKF,-0.05266666666666667,-0.6466666666666666,0.6773333333333331,0.8206666666666668,-0.4466666666666669,1.0019999999999998,4.933333333333334,8.34,85.30000000000001,8.0,-1.0,2077.29,-0.0020000000000000087,-1.22,0.748,1.032,-0.14000000000000004,1.592,5.5,7.540000000000001,94.06,3.0,0.0,743.8299999999999,0.04399999999999999,-0.86,0.7120000000000001,0.8460000000000001,0.47999999999999987,0.58,4.6,7.92,81.34,2.0,0.0,651.7299999999999
seq_991,VIIIFVKKKAAKPLRQVLRNIYRNWRPKMK,0.03633333333333334,-0.7833333333333334,0.5833333333333331,1.0973333333333335,-0.30999999999999994,1.3963333333333336,5.0,7.83,86.58333333333331,14.0,2.0,4051.650000000001,0.17800000000000002,-0.8800000000000001,0.26399999999999996,0.596,0.07999999999999999,1.386,2.3,7.58,62.52,1.0,0.0,550.6,-0.016000000000000004,-0.82,0.7040000000000001,1.3559999999999997,-0.46000000000000013,0.58,5.8,7.88,91.42,2.0,0.0,705.8299999999999
Sequence_320,GCASRCKAKCAGRRCKGWASASFRGRCYCKCFRC,-0.5220588235294119,0.4529411764705882,0.5885294117647057,-0.02000000000000003,-1.7029411764705884,1.0429411764705883,5.3088235294117645,9.023529411764704,82.54117647058823,48.0,8.0,4590.9800000000005,-0.506,0.6,0.554,-0.08800000000000008,-1.72,0.74,4.9,9.26,75.97999999999999,7.0,1.0,629.6600000000001,-0.79,0.9,0.608,-0.396,-2.2600000000000002,1.27,5.9,8.98,90.4,9.0,2.0,739.8399999999999
Sequence_480,GKWMSLWKHILK,-0.04833333333333332,-0.6666666666666666,0.7008333333333332,0.8208333333333334,-0.6333333333333334,1.4158333333333333,5.25,8.325000000000001,89.97500000000001,9.0,-1.0,1694.81,-0.15999999999999998,-0.82,0.718,0.7859999999999999,-1.0,1.552,5.5,8.24,90.94,5.0,0.0,718.76,-0.10600000000000001,0.039999999999999994,0.6199999999999999,0.484,-1.1600000000000001,0.834,4.6,9.46,81.36000000000001,3.0,-1.0,663.6899999999999
Sequence_303,FAKKLAKLAKKLAKLAL,0.14941176470588233,-0.911764705882353,0.736470588235294,1.0041176470588236,0.8705882352941176,0.5117647058823529,4.647058823529412,7.905882352941177,81.9235294117647,6.0,0.0,2153.41,0.044,-0.86,0.712,0.8460000000000001,0.47999999999999987,0.58,4.6,7.92,81.34,2.0,0.0,651.7299999999999,0.312,-1.02,0.756,1.156,1.8799999999999997,0.29,4.4,7.4,80.22,1.0,0.0,595.68
seq_983,VMLIFVKKKAAKPYRQFLRNIYRHWRPKWR,0.06033333333333336,-0.8133333333333336,0.6179999999999998,1.139,-0.006666666666666665,1.2056666666666664,5.15,7.59,87.34666666666662,12.0,0.0,4077.670000000001,0.366,-1.6,0.664,1.356,1.9,1.386,4.3,6.0,88.8,1.0,0.0,662.7999999999998,-0.052000000000000005,-0.82,0.58,1.408,-1.1600000000000001,1.302,6.0,7.659999999999999,90.6,2.0,0.0,715.82
Sequence_592,GCSRWIIGIHGQICRD,-0.37374999999999997,0.33125000000000004,0.468125,0.005624999999999956,-1.9124999999999999,0.93625,4.53125,9.3125,76.56875,19.0,1.0,2048.11,-0.5519999999999999,0.24000000000000005,0.5900000000000001,0.0979999999999999,-2.3400000000000003,1.752,5.8,8.88,88.7,8.0,1.0,721.76,-0.34,0.13999999999999999,0.5,0.15999999999999995,-1.44,0.49000000000000005,5.0,8.860000000000001,81.72,6.0,1.0,661.7099999999999
seq_600,VILIFVKKKAAKPMRQVLRNIYRKWRPKMW,0.08600000000000005,-1.0200000000000002,0.6166666666666665,1.233,-0.08333333333333336,1.4426666666666668,5.166666666666667,7.523333333333334,89.1433333333333,13.0,1.0,4142.75,0.292,-1.24,0.46799999999999997,0.976,1.06,1.386,3.3,6.82,75.66,1.0,0.0,606.7,0.068,-1.1800000000000002,0.7040000000000001,1.5479999999999996,-0.08000000000000011,1.302,6.0,7.040000000000001,96.28,2.0,0.0,731.8599999999999
Sequence_626,FLPIIGKLLSGLL,0.1715384615384615,-0.8538461538461538,0.6992307692307692,0.9607692307692308,1.1615384615384614,0.3038461538461539,4.5,7.36923076923077,82.67692307692309,6.0,0.0,1628.9,0.26999999999999996,-0.82,0.484,0.9359999999999999,1.6199999999999999,0.0,3.1,6.88,68.12,0.0,0.0,551.67,0.248,-0.9800000000000001,0.8539999999999999,1.098,1.8399999999999999,0.25,5.1,7.06,90.12,3.0,0.0,644.7499999999999
Sequence_242,GLLSVLGSVAKHVLPHVVPVIAEHL,0.08679999999999997,-0.82,0.7127999999999998,1.1192,-0.06799999999999998,1.9735999999999998,5.14,7.788,94.51600000000002,17.0,-4.0,3665.09,0.176,-1.3,0.79,1.238,0.76,1.636,5.4,7.1,96.8,4.0,0.0,717.82,-0.039999999999999994,0.74,0.596,0.12199999999999997,-0.21999999999999992,0.254,3.2,9.520000000000001,68.8,2.0,-2.0,575.56
Sequence_440,ALWKNMLKGIGKLAGQAALGAVKTLVGAE,0.005517241379310342,-0.7172413793103448,0.6944827586206894,0.8527586206896554,-0.06896551724137936,1.1944827586206896,4.982758620689655,8.19655172413793,87.08965517241379,21.0,0.0,3901.290000000001,-0.10000000000000002,-0.41999999999999993,0.7240000000000001,0.8479999999999999,-0.42000000000000004,2.036,5.6,8.24,93.56000000000002,4.0,1.0,702.8,-0.011999999999999966,-0.5,0.736,0.75,-0.31999999999999995,1.636,4.7,8.440000000000001,89.62,4.0,-1.0,703.75
seq_1284,VILIFVKKKAAKPLRQVLRNIYRNWRPKWW,0.05233333333333336,-0.9200000000000002,0.6079999999999998,1.1826666666666668,-0.25333333333333335,1.6853333333333336,5.25,7.6066666666666665,90.05666666666663,15.0,2.0,4183.8,0.292,-1.24,0.46799999999999997,0.976,1.06,1.386,3.3,6.82,75.66,1.0,0.0,606.7,-0.03400000000000001,-1.2799999999999998,0.648,1.488,-1.1,2.314,6.3,7.3,99.12,3.0,0.0,781.8800000000001
Sequence_47,SQETFSDLWKLLPEN,-0.07733333333333334,-0.2400000000000001,0.7386666666666666,0.666,-0.033333333333333305,0.6786666666666666,4.866666666666666,8.3,86.17333333333333,11.0,-1.0,2039.2200000000003,-0.10200000000000001,-0.12000000000000004,0.6220000000000001,0.40199999999999997,0.05999999999999996,0.0,4.0,8.3,75.34,3.0,-1.0,643.65,-0.020000000000000018,0.21999999999999992,0.852,0.8859999999999998,0.7000000000000001,0.734,5.3,8.080000000000002,95.04,3.0,0.0,690.8399999999999
seq_1084,VILIFVKKKAAKPLRQVYRNIYRHWRPKWH,0.04066666666666669,-0.7333333333333335,0.5986666666666665,1.0843333333333334,-0.3233333333333333,1.479,5.1,7.866666666666668,87.76333333333329,14.0,-1.0,4136.660000000001,0.292,-1.24,0.46799999999999997,0.976,1.06,1.386,3.3,6.82,75.66,1.0,0.0,606.7,-0.162,-0.21999999999999992,0.644,1.016,-1.54,1.5559999999999998,5.9,8.52,92.82000000000001,3.0,-1.0,747.82
seq_822,VMLIFVKKKAAKPLRQVLRNIYRHWRPRMW,0.10866666666666668,-0.9466666666666668,0.6386666666666666,1.2683333333333335,0.12333333333333328,1.3883333333333332,5.283333333333333,7.38,90.4833333333333,12.0,0.0,4150.790000000001,0.366,-1.6,0.664,1.356,1.9,1.386,4.3,6.0,88.8,1.0,0.0,662.7999999999998,0.134,-1.08,0.6359999999999999,1.6599999999999997,0.2399999999999999,1.012,5.9,6.5600000000000005,92.61999999999999,1.0,0.0,691.8299999999999
Sequence_71,FLPVIAGVAAKFLPKIFCAITKKC,-0.06958333333333332,-0.5916666666666667,0.5949999999999999,0.6783333333333333,-0.06250000000000007,1.0754166666666665,4.479166666666667,7.925000000000001,80.87916666666666,17.0,2.0,3148.5699999999997,0.31199999999999994,-1.5,0.624,1.456,1.52,1.386,4.4,6.159999999999999,87.94,1.0,0.0,680.8399999999999,-0.516,0.32,0.516,-0.05999999999999996,-2.4,1.0699999999999998,5.0,9.78,80.08,7.0,1.0,678.71
Sequence_244,FAKIIAKIAKKI,-0.014166666666666673,-0.375,0.41500000000000004,0.4124999999999999,-0.5416666666666667,0.48333333333333334,3.0416666666666665,8.950000000000001,61.574999999999996,4.0,0.0,1309.34,0.041999999999999996,-0.4,0.368,0.33799999999999997,0.05999999999999992,0.29,2.5,8.4,57.080000000000005,1.0,0.0,515.54,-0.046,-0.3,0.384,0.39,-1.08,0.58,3.1,9.379999999999999,61.80000000000001,2.0,0.0,549.55
seq_746,VILIFVKKKAAKPYRKVLRNIYRKWRPKMK,0.03866666666666667,-0.8833333333333334,0.6093333333333332,1.1323333333333336,-0.33333333333333337,1.370666666666667,5.1,7.870000000000001,87.03666666666665,14.0,1.0,4092.67,0.292,-1.24,0.46799999999999997,0.976,1.06,1.386,3.3,6.82,75.66,1.0,0.0,606.7,-0.016000000000000004,-0.82,0.7040000000000001,1.3559999999999997,-0.46000000000000013,0.58,5.8,7.88,91.42,2.0,0.0,705.8299999999999
seq_431,VMLIFVKKKAAKPLRKVLRNIYRHWRPKWK,0.033,-0.8533333333333334,0.6406666666666665,1.1523333333333334,-0.3633333333333334,1.5333333333333337,5.3,7.816666666666666,90.02333333333331,15.0,0.0,4204.780000000001,0.366,-1.6,0.664,1.356,1.9,1.386,4.3,6.0,88.8,1.0,0.0,662.7999999999998,-0.11800000000000002,-0.9199999999999999,0.648,1.2959999999999998,-1.48,1.592,6.1,8.14,94.26000000000002,3.0,0.0,755.85
Sequence_347,GKWSKILGHLIR,-0.11083333333333334,-0.2666666666666666,0.5891666666666666,0.5575,-1.0333333333333334,0.9774999999999999,4.708333333333333,8.825000000000001,80.76666666666668,9.0,-1.0,1563.6399999999999,-0.346,-0.5599999999999999,0.6620000000000001,0.534,-2.4,1.8419999999999999,5.6,9.34,88.92,6.0,0.0,742.75,-0.098,0.28,0.5479999999999999,0.42400000000000004,-0.9,0.504,4.5,9.0,77.25999999999999,3.0,-1.0,614.6499999999999
Sequence_243,FKVQNQHGQVVKIFHH,-0.07937500000000001,-0.53125,0.6399999999999999,0.854375,-0.8750000000000001,2.02625,5.4375,8.20625,97.09375000000001,12.0,-2.0,2469.7100000000005,-0.09600000000000004,-0.8800000000000001,0.6799999999999999,1.0699999999999998,-0.54,2.4099999999999997,5.9,7.56,102.92,4.0,1.0,791.9300000000001,-0.288,0.9,0.536,-0.1,-1.6199999999999999,0.7979999999999999,3.9,9.9,73.17999999999999,3.0,-2.0,645.64
Sequence_460,KKKFPWWWPFKKK,-0.13384615384615386,-1.1153846153846154,0.7,1.0923076923076924,-1.1,1.8369230769230767,5.769230769230769,7.953846153846157,94.7692307692308,9.0,0.0,2015.2500000000005,-0.18000000000000002,-0.76,0.7,0.9399999999999998,-1.0400000000000003,0.8699999999999999,5.4,8.48,88.34,3.0,0.0,735.84,-0.18,-0.76,0.7,0.9399999999999998,-1.04,0.8699999999999999,5.4,8.48,88.33999999999999,3.0,0.0,735.8399999999999
Sequence_319,KWKLAKKALALL,0.17416666666666666,-1.0833333333333335,0.7616666666666666,1.1475,0.7749999999999999,0.9049999999999999,5.041666666666667,7.741666666666667,87.46666666666665,5.0,0.0,1593.78,0.039999999999999994,-1.1199999999999999,0.728,1.09,-0.28,1.592,5.4,8.06,90.92,3.0,0.0,711.77,0.538,-1.2799999999999998,0.82,1.408,3.4200000000000004,0.0,4.3,6.359999999999999,82.24,0.0,0.0,571.6899999999999
seq_1603,VILIFVKKKAAKPLRKVYRNIYRHWRPKIW,0.033,-0.7666666666666668,0.5759999999999998,1.0543333333333333,-0.4200000000000001,1.485,4.933333333333334,7.930000000000001,85.41666666666666,14.0,0.0,4054.570000000001,0.292,-1.24,0.46799999999999997,0.976,1.06,1.386,3.3,6.82,75.66,1.0,0.0,606.7,-0.006000000000000004,-0.82,0.508,1.168,-0.9200000000000002,1.302,5.0,7.860000000000001,83.14000000000001,2.0,0.0,675.76
seq_876,VILIFVKKKAAKPYRKVLRNIYRNWRPKMW,0.029333333333333333,-0.8266666666666668,0.6086666666666665,1.124,-0.29333333333333333,1.5650000000000002,5.166666666666667,7.760000000000001,88.28666666666663,15.0,2.0,4109.7300000000005,0.292,-1.24,0.46799999999999997,0.976,1.06,1.386,3.3,6.82,75.66,1.0,0.0,606.7,0.068,-1.1800000000000002,0.7040000000000001,1.5479999999999996,-0.08000000000000011,1.302,6.0,7.040000000000001,96.28,2.0,0.0,731.8599999999999
Sequence_642,FAKKLAKLAKKLAKAL,0.11312499999999998,-0.8562500000000001,0.7187499999999999,0.9481250000000001,0.6437499999999998,0.54375,4.59375,8.075000000000001,80.66875,6.0,0.0,2022.24,0.044,-0.86,0.712,0.8460000000000001,0.47999999999999987,0.58,4.6,7.92,81.34,2.0,0.0,651.7299999999999,0.312,-1.02,0.756,1.156,1.8799999999999997,0.29,4.4,7.400000000000001,80.22,1.0,0.0,595.68
Sequence_99,KAAKKWAKAAKKAAKAWKKAA,-0.05047619047619048,-0.6714285714285715,0.6142857142857141,0.7457142857142858,-0.638095238095238,1.103333333333333,4.428571428571429,8.904761904761903,75.5,11.0,0.0,2649.72,-0.14,-0.5,0.6279999999999999,0.652,-1.2,0.8699999999999999,4.6,9.48,76.17999999999999,3.0,0.0,643.66,-0.05600000000000001,-0.86,0.6279999999999999,0.8440000000000001,-0.8200000000000001,1.592,4.8,8.64,81.04,3.0,0.0,669.69
seq_1242,VILIFVKKKAAKPMRQVLRNIYRKWRPKMR,0.08300000000000005,-0.9433333333333335,0.6053333333333331,1.2196666666666667,-0.09333333333333337,1.274,5.116666666666666,7.583333333333334,87.72333333333331,12.0,1.0,4076.6900000000005,0.292,-1.24,0.46799999999999997,0.976,1.06,1.386,3.3,6.82,75.66,1.0,0.0,606.7,0.05,-0.72,0.636,1.4679999999999997,-0.14000000000000012,0.29,5.7,7.4,87.76000000000002,1.0,0.0,665.8
Sequence_528,GETFDKLKEKLKTFYQKLVEKAEDLKGDLKAKLS,-0.11529411764705882,-0.3882352941176471,0.7373529411764705,0.5785294117647061,-0.6117647058823528,0.6611764705882353,4.897058823529412,8.902941176470586,85.0794117647059,27.0,-4.0,4654.910000000001,-0.438,0.4000000000000001,0.664,-0.22399999999999998,-1.7399999999999998,0.25,4.3,9.84,74.66,6.0,-1.0,651.64,-0.016000000000000014,-0.6,0.694,0.772,-0.1800000000000001,0.58,4.6,8.66,78.66,3.0,0.0,635.67
seq_918,VILIFVKKKAAKPYRQVLRNIYRKWRPKMK,0.07233333333333337,-0.95,0.6093333333333332,1.1876666666666666,-0.13333333333333333,1.3223333333333334,5.116666666666666,7.696666666666668,87.76999999999998,13.0,1.0,4102.700000000001,0.292,-1.24,0.46799999999999997,0.976,1.06,1.386,3.3,6.82,75.66,1.0,0.0,606.7,-0.016000000000000004,-0.82,0.7040000000000001,1.3559999999999997,-0.46000000000000013,0.58,5.8,7.88,91.42,2.0,0.0,705.8299999999999
Sequence_328,FLGALFKALSHLL,0.17384615384615387,-0.6923076923076922,0.7669230769230769,0.8669230769230769,1.5461538461538462,0.3053846153846154,4.5,7.353846153846154,82.53846153846153,5.0,-1.0,1629.8600000000001,0.21200000000000002,-0.9799999999999999,0.772,0.9259999999999998,1.9600000000000002,0.25,4.5,6.9,82.92,2.0,0.0,618.73,0.262,-0.42000000000000004,0.8539999999999999,0.9899999999999999,1.8399999999999999,0.254,4.9,7.42,89.12,2.0,-1.0,645.7299999999999
Sequence_34,FAKKLAKKLAKAAL,0.10571428571428572,-0.8142857142857143,0.6985714285714285,0.9021428571428572,0.6428571428571427,0.5178571428571429,4.428571428571429,8.114285714285714,78.34285714285716,5.0,0.0,1735.9099999999999,0.044,-0.86,0.712,0.8460000000000001,0.47999999999999987,0.58,4.6,7.92,81.34,2.0,0.0,651.7299999999999,0.21600000000000003,-0.76,0.6559999999999999,0.9099999999999999,1.34,0.29,3.8,7.980000000000001,70.34,1.0,0.0,553.6
Sequence_207,HSHRDFQPVLHLVALNSPLSGGMRG,-0.039200000000000006,-0.348,0.7075999999999998,0.8468000000000001,-0.12400000000000004,1.0035999999999998,5.22,8.063999999999998,89.07600000000001,18.0,-2.0,3441.860000000001,-0.442,1.3,0.602,-0.182,-2.58,0.508,4.7,10.68,74.72,5.0,-2.0,646.6,-0.32199999999999995,-0.24,0.6759999999999999,0.488,-1.6600000000000001,0.75,5.8,8.879999999999999,88.94,6.0,0.0,684.75
Sequence_543,GFKDLLKGAAKALVKTVLF,0.03631578947368422,-1.0157894736842106,0.7210526315789472,0.9268421052631577,0.13684210526315782,1.1663157894736842,5.026315789473684,7.878947368421054,87.74210526315791,13.0,0.0,2606.9100000000003,-0.192,-0.5800000000000001,0.756,0.42000000000000004,-0.64,0.54,5.1,8.64,85.52000000000001,5.0,0.0,685.75,0.11199999999999999,-1.42,0.708,1.208,0.43999999999999984,1.6759999999999997,5.3,7.019999999999999,93.76,3.0,0.0,730.8399999999999
seq_1569,VILIFVKKKAAKPLRQVYRNIYRKWRPKWR,0.06633333333333338,-0.9500000000000001,0.5886666666666664,1.1963333333333337,-0.25,1.4426666666666668,5.15,7.66,87.6333333333333,13.0,1.0,4112.6900000000005,0.292,-1.24,0.46799999999999997,0.976,1.06,1.386,3.3,6.82,75.66,1.0,0.0,606.7,-0.052000000000000005,-0.82,0.58,1.408,-1.1600000000000001,1.302,6.0,7.659999999999999,90.6,2.0,0.0,715.82
Sequence_171,FLPLILRKIVTAL,0.27,-1.1,0.6353846153846153,1.2315384615384615,1.3076923076923077,0.6446153846153846,4.461538461538462,6.961538461538461,82.4076923076923,3.0,0.0,1627.9199999999998,0.384,-1.18,0.688,1.316,2.6,0.0,4.1,6.119999999999999,81.26,0.0,0.0,607.77,0.266,-1.22,0.548,1.138,0.86,1.386,4.1,7.260000000000001,79.5,2.0,0.0,618.6899999999999
Sequence_537,GVIPCGESCVFIPCISSVLGCSCKNKVCYRD,-0.4261290322580644,0.14516129032258063,0.6116129032258064,0.18935483870967743,-1.5935483870967742,1.7012903225806455,5.225806451612903,8.793548387096775,88.74838709677418,45.0,6.0,4450.929999999999,-0.33199999999999996,-0.3,0.5680000000000001,0.5359999999999998,-1.48,2.126,5.4,8.219999999999999,93.64000000000001,7.0,1.0,748.8699999999999,-0.312,-0.33999999999999997,0.6519999999999999,0.52,-1.2600000000000002,1.876,6.0,8.28,95.78,7.0,1.0,742.84
Sequence_554,ARLKKCFNKVTGYCRKKCKVGERYEIGCLSGKLCCAN,-0.4243243243243244,0.27027027027027034,0.6575675675675673,0.1948648648648649,-1.5864864864864863,1.37972972972973,5.5,9.110810810810811,89.38918918918918,49.0,6.0,5254.789999999999,0.021999999999999974,-0.6599999999999999,0.6599999999999999,1.01,-0.34,0.58,5.1,8.42,82.4,2.0,0.0,645.7099999999999,-0.728,1.34,0.7160000000000001,-0.44000000000000006,-1.3199999999999998,1.714,6.0,9.12,95.58,10.0,3.0,714.8499999999999
seq_190,VILIFVKKKAAKPMRQVMRNIYRHWRPKMW,0.07200000000000005,-0.9033333333333335,0.6146666666666665,1.1863333333333332,-0.11666666666666672,1.4366666666666668,5.133333333333334,7.576666666666667,88.9033333333333,13.0,0.0,4134.72,0.292,-1.24,0.46799999999999997,0.976,1.06,1.386,3.3,6.82,75.66,1.0,0.0,606.7,0.068,-1.1800000000000002,0.7040000000000001,1.5479999999999996,-0.08000000000000011,1.302,6.0,7.040000000000001,96.28,2.0,0.0,731.8599999999999
seq_657,VILIFVKKKAAKPLRKVYRNIYRHWRPKWW,0.028333333333333332,-0.8433333333333335,0.5993333333333332,1.1076666666666668,-0.4500000000000001,1.6536666666666668,5.15,7.836666666666667,88.07999999999997,15.0,0.0,4160.6900000000005,0.292,-1.24,0.46799999999999997,0.976,1.06,1.386,3.3,6.82,75.66,1.0,0.0,606.7,-0.03400000000000001,-1.2799999999999998,0.648,1.488,-1.1,2.314,6.3,7.3,99.12,3.0,0.0,781.8800000000001
seq_209,VMLIFVKKKAAKPLRQVLRNIYRHWCPKMK,0.027333333333333338,-0.8033333333333333,0.6606666666666665,1.1076666666666666,-0.09000000000000005,1.3980000000000001,5.333333333333333,7.6833333333333345,91.46666666666665,17.0,1.0,4223.860000000001,0.366,-1.6,0.664,1.356,1.9,1.386,4.3,6.0,88.8,1.0,0.0,662.7999999999998,-0.354,-0.22000000000000003,0.768,0.696,-1.0400000000000003,1.07,6.2,8.379999999999999,98.52000000000001,6.0,1.0,764.8999999999999
Sequence_473,LFGMALKLLKKVL,0.22692307692307695,-1.3076923076923077,0.8230769230769229,1.2884615384615385,1.276923076923077,0.9638461538461539,5.346153846153846,7.046153846153848,94.9,6.0,0.0,1813.1300000000003,0.17200000000000001,-0.9799999999999999,0.764,0.9259999999999999,1.8199999999999998,0.25,4.5,6.840000000000001,82.92,2.0,0.0,618.73,0.20599999999999996,-1.5999999999999999,0.8280000000000001,1.536,0.33999999999999997,1.966,6.0,7.32,104.64000000000001,3.0,0.0,776.9
seq_1428,VMLIFVKKKAAKPLRQFLRNIYRKWYPKMY,0.13166666666666668,-1.0233333333333334,0.6633333333333333,1.2289999999999999,0.5700000000000001,1.043,5.116666666666666,7.320000000000001,88.44333333333331,11.0,1.0,4053.7400000000007,0.366,-1.6,0.664,1.356,1.9,1.386,4.3,6.0,88.8,1.0,0.0,662.7999999999998,0.29400000000000004,-1.3199999999999998,0.796,1.5879999999999999,2.1799999999999997,0.29,5.5,6.56,92.36000000000001,1.0,0.0,669.8399999999999
seq_307,VMLIFVKKKAAKPYRQVLRNIYRHIRPKMR,0.09300000000000001,-0.8000000000000002,0.6066666666666666,1.1696666666666669,0.07999999999999992,1.0993333333333333,5.016666666666667,7.636666666666668,86.44666666666666,11.0,0.0,4004.620000000001,0.366,-1.6,0.664,1.356,1.9,1.386,4.3,6.0,88.8,1.0,0.0,662.7999999999998,0.05,-0.72,0.636,1.4679999999999997,-0.14000000000000012,0.29,5.7,7.4,87.76000000000002,1.0,0.0,665.8
Sequence_563,GIPCGESCVFIPCITGAIGCSCKSKVCYRN,-0.47466666666666657,0.39666666666666667,0.5649999999999998,0.010999999999999977,-1.6866666666666663,1.3376666666666668,4.95,9.066666666666668,83.25333333333332,43.0,6.0,4103.5,-0.5439999999999999,0.42000000000000004,0.5640000000000001,-0.028000000000000073,-2.0,0.99,5.2,9.24,84.49999999999999,8.0,1.0,690.78,-0.4040000000000001,0.22000000000000003,0.6359999999999999,0.526,-1.34,2.61,6.4,8.22,101.66000000000001,7.0,2.0,756.9100000000001
Sequence_499,ELPKLPDDKVLIRSRSNCPKGKVWNGFDCKSPFAFS,-0.2333333333333334,-0.23611111111111105,0.67,0.5769444444444445,-0.9249999999999999,1.136388888888889,5.138888888888889,8.505555555555555,86.3111111111111,35.0,3.0,4996.589999999999,0.12,-0.4800000000000001,0.8559999999999999,1.128,0.8399999999999999,0.29,5.1,7.9,92.4,2.0,-1.0,699.81,0.06600000000000002,-0.7,0.6140000000000001,0.7679999999999999,1.5799999999999998,0.0,3.5,6.8,68.35999999999999,1.0,0.0,585.69
seq_1553,VILIFVKKKAAKPMRQFLRNIYRHWRPKWK,0.03666666666666669,-0.7800000000000001,0.6039999999999998,1.0703333333333334,-0.2133333333333334,1.254,5.016666666666667,7.773333333333334,86.32999999999997,13.0,0.0,4075.620000000001,0.292,-1.24,0.46799999999999997,0.976,1.06,1.386,3.3,6.82,75.66,1.0,0.0,606.7,-0.11800000000000002,-0.9199999999999999,0.648,1.2959999999999998,-1.48,1.592,6.1,8.14,94.26000000000002,3.0,0.0,755.85
Sequence_403,FFGTALKIAANILPTAICKILKKC,-0.12916666666666668,-0.17916666666666667,0.5699999999999997,0.4229166666666668,-0.19166666666666665,0.6508333333333333,4.270833333333333,8.429166666666665,75.7875,18.0,3.0,2941.2799999999993,-0.10800000000000001,-0.54,0.588,0.346,0.52,0.25,3.9,7.640000000000001,70.02000000000001,3.0,0.0,596.6600000000001,-0.33399999999999996,0.040000000000000036,0.62,0.21600000000000003,-1.36,1.0699999999999998,5.1,9.1,86.24000000000001,6.0,1.0,690.76
seq_1212,VILIFVKKKAAKPLRQVLRNIYRHIRPKWW,0.07300000000000002,-0.8433333333333335,0.5846666666666664,1.123,-0.21000000000000002,1.4366666666666668,4.966666666666667,7.733333333333333,86.71333333333331,13.0,0.0,4078.620000000001,0.292,-1.24,0.46799999999999997,0.976,1.06,1.386,3.3,6.82,75.66,1.0,0.0,606.7,-0.03400000000000001,-1.2799999999999998,0.648,1.488,-1.1,2.314,6.3,7.3,99.12,3.0,0.0,781.8800000000001
Sequence_173,KAAKKAWKWAKKAAKWAKKAA,-0.06142857142857143,-0.7571428571428571,0.6228571428571426,0.7900000000000001,-0.7857142857142854,1.3442857142857139,4.642857142857143,8.814285714285713,78.52857142857142,12.0,0.0,2741.82,-0.14,-0.5,0.6279999999999999,0.652,-1.2,0.8699999999999999,4.6,9.48,76.17999999999999,3.0,0.0,643.66,-0.010000000000000009,-0.5,0.592,0.658,-0.20000000000000012,0.58,3.9,9.02,68.32000000000001,2.0,0.0,577.59
seq_1531,VMLIFVKKKAAKPYRQVLRNIYRHWCPKWW,0.018000000000000013,-0.8700000000000002,0.6426666666666665,1.1163333333333334,-0.20666666666666672,1.6870000000000003,5.4,7.609999999999999,92.18666666666664,18.0,1.0,4285.889999999999,0.366,-1.6,0.664,1.356,1.9,1.386,4.3,6.0,88.8,1.0,0.0,662.7999999999998,-0.372,-0.6799999999999999,0.7120000000000001,0.8280000000000001,-1.6800000000000002,2.804,6.7,7.800000000000002,106.22,7.0,1.0,840.95
Sequence_59,FALAKALKKAL,0.18454545454545457,-0.9,0.7145454545454545,0.9709090909090908,1.2363636363636363,0.39545454545454545,4.318181818181818,7.7,78.21818181818182,3.0,0.0,1336.5,0.174,-0.86,0.6759999999999999,0.852,1.4800000000000002,0.29,3.9,7.459999999999999,73.47999999999999,1.0,0.0,585.66,0.182,-1.02,0.792,1.15,0.8799999999999999,0.58,5.1,7.860000000000001,88.08000000000001,2.0,0.0,661.75
Sequence_573,ATCDLLSGTGVKHSACAAHCLLRGNRGGYCNGRAICVCRN,-0.39574999999999994,0.3925,0.6339999999999998,0.16000000000000003,-1.3450000000000002,1.2765,5.375,9.0275,86.37249999999997,53.0,7.0,5421.98,-0.32,0.10000000000000005,0.696,0.07799999999999993,-0.4800000000000001,0.49000000000000005,5.1,8.8,82.12,7.0,1.0,645.6999999999999,-0.8640000000000001,1.1199999999999999,0.62,-0.194,-3.08,3.0999999999999996,6.9,9.14,106.46000000000001,11.0,3.0,813.96
seq_1408,VILIFVKKKAAKPLRQVMRNIFKNWRPKWR,0.015000000000000012,-0.8433333333333335,0.6019999999999998,1.1133333333333335,-0.39666666666666667,1.5650000000000002,5.15,7.723333333333334,88.68666666666665,15.0,2.0,4161.77,0.292,-1.24,0.46799999999999997,0.976,1.06,1.386,3.3,6.82,75.66,1.0,0.0,606.7,-0.052000000000000005,-0.82,0.58,1.408,-1.1600000000000001,1.302,6.0,7.659999999999999,90.6,2.0,0.0,715.82
Sequence_492,RRRRRWCMNW,-0.264,-0.039999999999999966,0.554,0.843,-1.52,1.6239999999999999,6.15,7.910000000000001,91.66,8.0,2.0,1389.5900000000001,-0.07,0.0,0.36,1.2,-1.6,0.0,5.5,8.0,73.6,0.0,0.0,575.65,-0.458,-0.07999999999999993,0.748,0.48600000000000004,-1.44,3.2479999999999998,6.8,7.820000000000002,109.72,8.0,2.0,813.94
seq_409,VILIFVKKKAAKPYRQVLRNIYRNWRPKWK,0.03200000000000002,-0.85,0.5993333333333332,1.1373333333333335,-0.3266666666666667,1.5650000000000004,5.2,7.7700000000000005,88.68333333333331,15.0,2.0,4143.750000000001,0.292,-1.24,0.46799999999999997,0.976,1.06,1.386,3.3,6.82,75.66,1.0,0.0,606.7,-0.11800000000000002,-0.9199999999999999,0.648,1.2959999999999998,-1.48,1.592,6.1,8.14,94.26000000000002,3.0,0.0,755.85
Sequence_63,FLKLLKKLAAKLF,0.20230769230769233,-1.0769230769230769,0.7830769230769229,1.0892307692307694,1.407692307692308,0.4461538461538461,4.8076923076923075,7.292307692307692,86.1076923076923,4.0,0.0,1696.97,0.366,-1.38,0.876,1.344,2.56,0.29,5.1,6.3,93.24000000000001,1.0,0.0,669.8199999999999,0.174,-0.86,0.6759999999999999,0.852,1.48,0.29,3.9,7.459999999999999,73.48,1.0,0.0,585.66
Sequence_659,ATAVDFGPHGLLPIRPIRIRPLCGKDKS,-0.09142857142857141,-0.36071428571428577,0.6060714285714284,0.7253571428571428,-0.4678571428571429,0.6178571428571428,4.785714285714286,8.307142857142857,80.7,20.0,0.0,3623.0700000000006,0.009999999999999986,-0.9199999999999999,0.6,0.772,-0.29999999999999993,1.386,4.4,8.36,77.5,4.0,0.0,633.6600000000001,-0.4779999999999999,-0.06,0.674,0.09400000000000001,-2.84,0.8300000000000001,5.2,10.419999999999998,80.82000000000001,7.0,0.0,693.6800000000001
seq_121,VILIFVKKKAAKPYRQFMRNIYRHWRPKMW,0.061333333333333365,-0.8133333333333334,0.6046666666666665,1.099,0.009999999999999986,1.2056666666666664,4.983333333333333,7.613333333333333,86.1033333333333,12.0,0.0,4037.610000000001,0.292,-1.24,0.46799999999999997,0.976,1.06,1.386,3.3,6.82,75.66,1.0,0.0,606.7,0.068,-1.1800000000000002,0.7040000000000001,1.5479999999999996,-0.08000000000000011,1.302,6.0,7.040000000000001,96.28,2.0,0.0,731.8599999999999
Sequence_546,GIIKKIIIKKIIIKKI,-0.10312500000000001,-0.175,0.30500000000000005,0.22625000000000003,-1.6437499999999996,0.621875,2.90625,9.61875,60.48749999999999,8.0,0.0,1752.7399999999996,-0.23399999999999999,-0.16,0.41600000000000004,0.21200000000000002,-2.1399999999999997,0.8300000000000001,3.8,9.86,69.22,4.0,0.0,606.6099999999999,-0.06400000000000002,-0.2,0.27999999999999997,0.256,-1.52,0.58,2.7,9.559999999999999,58.54,2.0,0.0,535.53
Sequence_369,VYINKLTPPCGTMYYACEAV,-0.09949999999999999,-0.38,0.6729999999999998,0.7565000000000001,0.08000000000000004,1.2565,5.2,7.9300000000000015,89.13499999999999,18.0,2.0,2741.1800000000003,-0.08600000000000001,-0.4800000000000001,0.568,0.834,-0.8399999999999999,2.4099999999999997,5.1,8.4,90.75999999999999,4.0,1.0,697.81,-0.32199999999999995,0.32,0.6360000000000001,0.12800000000000003,-1.06,1.876,4.4,9.02,83.62,6.0,0.0,689.72
seq_1653,VMLIFVKKKAAKPLRQVLRNIYRKWCPRWK,0.02866666666666668,-0.92,0.6406666666666665,1.163,-0.1966666666666667,1.5243333333333335,5.4,7.583333333333333,91.56999999999998,17.0,2.0,4241.880000000001,0.366,-1.6,0.664,1.356,1.9,1.386,4.3,6.0,88.8,1.0,0.0,662.7999999999998,-0.39,-0.21999999999999997,0.6439999999999999,0.748,-1.7399999999999998,1.7919999999999998,6.4,8.16,97.7,6.0,1.0,774.89
seq_1676,VILIFVKKKAAKPLRQVLRNIYRHWRQKWW,0.08000000000000003,-0.9600000000000002,0.6053333333333331,1.1730000000000003,-0.21000000000000002,1.6053333333333335,5.2,7.623333333333333,89.91666666666664,14.0,0.0,4200.72,0.292,-1.24,0.46799999999999997,0.976,1.06,1.386,3.3,6.82,75.66,1.0,0.0,606.7,0.036,-1.52,0.632,1.468,-0.9200000000000002,2.314,6.4,7.2,102.35999999999999,3.0,0.0,797.8600000000001
seq_954,VILIFVKKKAAKPYRQVMRNIYRHWRPKIR,0.05700000000000003,-0.7566666666666666,0.5633333333333331,1.0963333333333334,-0.25333333333333335,1.268,4.9,7.8066666666666675,84.72999999999998,12.0,0.0,3998.5400000000013,0.292,-1.24,0.46799999999999997,0.976,1.06,1.386,3.3,6.82,75.66,1.0,0.0,606.7,-0.024000000000000004,-0.36,0.44000000000000006,1.0879999999999999,-0.9800000000000001,0.29,4.7,8.22,74.62,1.0,0.0,609.7
Sequence_419,DFKLFAVTIKYR,0.03666666666666667,-0.8666666666666667,0.6050000000000001,0.8191666666666665,0.16666666666666666,0.8191666666666665,4.5,7.800000000000002,79.35833333333333,6.0,0.0,1535.71,-0.046,-0.82,0.744,0.5399999999999999,0.5599999999999999,0.29,4.5,7.640000000000001,81.24,3.0,0.0,660.75,0.009999999999999998,-0.48,0.46399999999999997,0.772,-0.34000000000000014,0.29,4.4,8.379999999999999,71.62,2.0,0.0,581.63
seq_1353,VMLIFVKKKAAKPYRKVYRNIYRHWRPKIR,0.036000000000000004,-0.7400000000000001,0.5886666666666664,1.0910000000000002,-0.30000000000000004,1.3163333333333334,5.033333333333333,7.876666666666667,85.6233333333333,13.0,0.0,4030.590000000001,0.366,-1.6,0.664,1.356,1.9,1.386,4.3,6.0,88.8,1.0,0.0,662.7999999999998,-0.024000000000000004,-0.36,0.44000000000000006,1.0879999999999999,-0.9800000000000001,0.29,4.7,8.22,74.62,1.0,0.0,609.7
seq_1298,VILIFVKKKAAKPYRKVYRNIYRHWRPKWR,0.019000000000000003,-0.7566666666666667,0.579333333333333,1.0810000000000002,-0.4700000000000001,1.485,5.083333333333333,7.920000000000001,86.09666666666664,14.0,0.0,4080.6100000000006,0.292,-1.24,0.46799999999999997,0.976,1.06,1.386,3.3,6.82,75.66,1.0,0.0,606.7,-0.052000000000000005,-0.82,0.58,1.408,-1.1600000000000001,1.302,6.0,7.659999999999999,90.6,2.0,0.0,715.82
Sequence_294,NYQWVPYQGRVPYPRGGLLKLLKKLLKKLLKL,0.16375,-1.1906249999999998,0.7793749999999997,1.4128124999999996,0.7656250000000002,1.0950000000000002,5.890625,7.19375,98.56250000000001,17.0,1.0,4645.52,0.088,-1.3399999999999999,0.708,1.486,0.18,3.132,6.5,6.8,111.14000000000001,4.0,1.0,813.96,0.278,-1.2799999999999998,0.8920000000000001,1.3959999999999997,1.42,0.58,5.7,7.280000000000001,97.96,2.0,0.0,703.8299999999999
Sequence_384,KWKSFLKTFKSAKKTVLHTALKAISS,-0.055000000000000014,-0.5807692307692307,0.6330769230769229,0.6919230769230771,-0.3807692307692308,0.9003846153846152,4.5576923076923075,8.430769230769231,78.8269230769231,17.0,-1.0,3374.5500000000006,-0.2,-0.8,0.65,0.654,-1.2,1.592,5.0,8.34,84.64,4.0,0.0,717.75,-0.10200000000000001,-0.07999999999999999,0.45600000000000007,0.266,-0.68,0.29,3.0,9.180000000000001,58.120000000000005,3.0,0.0,529.5
seq_1111,VILIFVKKKAAKPLRQVLRNIYRHIRPKMQ,0.10966666666666668,-0.8333333333333335,0.5939999999999998,1.1563333333333332,0.09666666666666662,1.0993333333333333,4.9,7.656666666666667,86.16333333333333,11.0,0.0,4012.600000000001,0.292,-1.24,0.46799999999999997,0.976,1.06,1.386,3.3,6.82,75.66,1.0,0.0,606.7,0.186,-1.22,0.7040000000000001,1.6879999999999995,0.7399999999999999,0.29,5.9,6.840000000000001,95.82000000000001,1.0,0.0,715.8599999999999
Sequence_267,GFGMALKLLKKVL,0.11769230769230768,-1.153846153846154,0.7969230769230768,1.1253846153846154,0.6615384615384614,1.06,5.384615384615385,7.453846153846156,93.95384615384616,8.0,0.0,1828.1100000000004,-0.11199999999999996,-0.5800000000000001,0.696,0.502,0.21999999999999997,0.5,4.6,7.9,80.46000000000001,4.0,0.0,633.71,0.20599999999999996,-1.5999999999999999,0.8280000000000001,1.536,0.33999999999999997,1.966,6.0,7.32,104.64000000000001,3.0,0.0,776.9
seq_1555,VMLIFVKKKAAKPLRQVLRNIYRKWCPKMR,0.045666666666666675,-0.9033333333333334,0.6499999999999999,1.1729999999999998,-0.02666666666666672,1.3556666666666668,5.35,7.540000000000001,91.09666666666665,16.0,2.0,4191.860000000001,0.366,-1.6,0.664,1.356,1.9,1.386,4.3,6.0,88.8,1.0,0.0,662.7999999999998,-0.288,-0.12000000000000002,0.7,0.808,-0.7200000000000002,0.78,6.1,7.9,94.86000000000001,5.0,1.0,724.8699999999999
seq_1725,VILIFVKKKAAKPLRQVLRNIYRHWCGKWW,-0.019666666666666645,-0.7700000000000001,0.6153333333333332,0.9790000000000002,-0.5166666666666668,1.7286666666666668,5.25,7.883333333333334,90.2933333333333,20.0,1.0,4240.75,0.292,-1.24,0.46799999999999997,0.976,1.06,1.386,3.3,6.82,75.66,1.0,0.0,606.7,-0.562,-0.3799999999999999,0.692,0.304,-2.7600000000000002,3.054,6.7,8.760000000000002,104.62,9.0,1.0,837.8900000000001
seq_1646,VMLIFVKKKAAKPYRQVLRNIYRHWHPKWK,0.04200000000000001,-0.8100000000000002,0.6426666666666665,1.129,-0.23666666666666675,1.5273333333333337,5.283333333333333,7.8100000000000005,90.5633333333333,15.0,-1.0,4232.790000000001,0.366,-1.6,0.664,1.356,1.9,1.386,4.3,6.0,88.8,1.0,0.0,662.7999999999998,-0.22800000000000004,-0.31999999999999995,0.7120000000000001,0.9039999999999999,-1.86,1.8459999999999996,6.0,9.0,96.47999999999999,4.0,-1.0,787.85
seq_640,VMLIFVKKKAAKPLRKVYRNIYRKWRPKWW,0.048000000000000015,-1.02,0.6326666666666665,1.217666666666667,-0.30000000000000004,1.6596666666666668,5.35,7.636666666666667,90.50999999999996,15.0,1.0,4224.82,0.366,-1.6,0.664,1.356,1.9,1.386,4.3,6.0,88.8,1.0,0.0,662.7999999999998,-0.03400000000000001,-1.2799999999999998,0.648,1.488,-1.1,2.314,6.3,7.3,99.12,3.0,0.0,781.8800000000001
Sequence_180,RFRLPFRRPPIRIHPPPFYPPFRRFL,0.1342307692307692,-0.6730769230769231,0.5899999999999997,1.309230769230769,0.9769230769230768,0.048846153846153845,4.75,6.757692307692306,80.18076923076923,1.0,-1.0,3282.1000000000004,0.178,-0.82,0.6279999999999999,1.416,1.14,0.0,5.1,6.4799999999999995,83.03999999999999,0.0,0.0,631.79,0.13399999999999998,-0.76,0.596,1.012,1.26,0.0,4.5,6.44,77.16,0.0,0.0,603.7299999999999
seq_1367,VILIFVKKKAAKPLRQVLRNIYRHIRPKWY,0.09033333333333336,-0.8166666666666668,0.5866666666666664,1.1196666666666666,-0.02666666666666669,1.268,4.9,7.723333333333334,85.67666666666665,12.0,0.0,4014.580000000001,0.292,-1.24,0.46799999999999997,0.976,1.06,1.386,3.3,6.82,75.66,1.0,0.0,606.7,0.06999999999999999,-1.1199999999999999,0.6599999999999999,1.468,0.0,1.302,5.9,7.24,92.9,2.0,0.0,717.84
seq_1633,VILIFVKKKAAKPLRQVLRNIYRNWRPKWY,0.0696666666666667,-0.8933333333333334,0.6099999999999998,1.1793333333333333,-0.07000000000000002,1.5166666666666668,5.183333333333334,7.596666666666667,89.01999999999997,14.0,2.0,4119.76,0.292,-1.24,0.46799999999999997,0.976,1.06,1.386,3.3,6.82,75.66,1.0,0.0,606.7,0.06999999999999999,-1.1199999999999999,0.6599999999999999,1.468,0.0,1.302,5.9,7.24,92.9,2.0,0.0,717.84
seq_223,VIIIFVKKKAAKPLRQVYRNIYRHWRPKIR,0.04466666666666666,-0.6966666666666668,0.5306666666666664,1.033,-0.39333333333333337,1.268,4.733333333333333,7.943333333333333,82.53999999999998,12.0,0.0,3942.4400000000014,0.17800000000000002,-0.8800000000000001,0.26399999999999996,0.596,0.07999999999999999,1.386,2.3,7.58,62.52,1.0,0.0,550.6,-0.024000000000000004,-0.36,0.44000000000000006,1.0879999999999999,-0.9800000000000001,0.29,4.7,8.22,74.62,1.0,0.0,609.7
Sequence_67,VNWKKVLGKVVKVVK,-0.05466666666666666,-1.5866666666666664,0.7186666666666667,1.4340000000000002,-1.7066666666666663,3.920666666666667,6.5,7.840000000000003,112.3266666666667,16.0,1.0,2605.9399999999996,-0.30200000000000005,-0.74,0.6960000000000001,0.982,-2.5,3.7119999999999997,6.6,8.74,108.1,6.0,1.0,841.9399999999999,0.061999999999999986,-2.2399999999999998,0.7,1.816,-1.8200000000000003,4.7379999999999995,6.6,7.4,118.0,5.0,0.0,923.04
seq_74,VIIIFVKKKAAKPLRQVLRNIYRHWRPKWR,0.046333333333333344,-0.7833333333333334,0.5626666666666664,1.0996666666666668,-0.41333333333333333,1.4366666666666668,4.966666666666667,7.826666666666666,85.76666666666664,13.0,0.0,4062.5800000000013,0.17800000000000002,-0.8800000000000001,0.26399999999999996,0.596,0.07999999999999999,1.386,2.3,7.58,62.52,1.0,0.0,550.6,-0.052000000000000005,-0.82,0.58,1.408,-1.1600000000000001,1.302,6.0,7.659999999999999,90.6,2.0,0.0,715.82
Sequence_323,DWTAWSALVAAACSVELL,0.022222222222222216,-0.7166666666666667,0.6788888888888888,0.7827777777777778,0.23888888888888887,1.468333333333333,4.611111111111111,7.855555555555554,83.68888888888891,14.0,0.0,2378.54,-0.10600000000000001,-1.0599999999999998,0.6359999999999999,0.758,-1.0,2.024,5.3,8.14,86.38000000000001,5.0,0.0,702.71,0.16999999999999998,-0.74,0.8059999999999998,1.0419999999999998,0.76,1.386,4.7,7.600000000000001,92.54,3.0,-1.0,704.77
seq_588,VMLIFVKKKAAKPYRQVYRNIYRKIRPRMW,0.10800000000000003,-0.9666666666666668,0.5986666666666665,1.235,0.14333333333333337,1.2256666666666665,5.066666666666666,7.456666666666667,86.93333333333331,11.0,1.0,4024.6600000000008,0.366,-1.6,0.664,1.356,1.9,1.386,4.3,6.0,88.8,1.0,0.0,662.7999999999998,0.134,-1.08,0.6359999999999999,1.6599999999999997,0.2399999999999999,1.012,5.9,6.5600000000000005,92.61999999999999,1.0,0.0,691.8299999999999
seq_1693,VMLIFVKKKAAKPYRQVYRNIYRHIRPKWR,0.06966666666666671,-0.8066666666666668,0.5886666666666664,1.1463333333333334,-0.09999999999999996,1.268,5.05,7.703333333333334,86.35666666666664,12.0,0.0,4040.620000000001,0.366,-1.6,0.664,1.356,1.9,1.386,4.3,6.0,88.8,1.0,0.0,662.7999999999998,-0.052000000000000005,-0.82,0.58,1.408,-1.1600000000000001,1.302,6.0,7.659999999999999,90.6,2.0,0.0,715.82
seq_605,VMLIFVKKKAAKPLRQVLRNIYRHIRPKWQ,0.10500000000000002,-0.91,0.6173333333333331,1.2096666666666664,0.06666666666666661,1.268,5.116666666666666,7.5633333333333335,88.82666666666665,12.0,0.0,4118.720000000001,0.366,-1.6,0.664,1.356,1.9,1.386,4.3,6.0,88.8,1.0,0.0,662.7999999999998,0.08399999999999999,-1.3199999999999998,0.648,1.6280000000000001,-0.2800000000000001,1.302,6.2,7.1,98.66000000000001,2.0,0.0,765.8800000000001
Sequence_65,VAKFLAKFLKKAL,0.1376923076923077,-1.1,0.72,1.0484615384615386,0.7846153846153846,0.979230769230769,4.6923076923076925,7.5307692307692315,84.87692307692308,5.0,0.0,1727.9600000000003,0.198,-1.44,0.712,1.238,0.9399999999999998,1.6759999999999997,4.8,6.92,90.03999999999999,2.0,0.0,700.81,0.182,-1.02,0.792,1.15,0.8799999999999999,0.58,5.1,7.860000000000001,88.08000000000001,2.0,0.0,661.75
Sequence_508,FALALKKALKALKKAL,0.18375000000000002,-0.9375000000000001,0.7387499999999999,1.026875,1.1250000000000004,0.453125,4.5625,7.750000000000001,81.3,5.0,0.0,1998.2500000000002,0.4,-1.1199999999999999,0.74,1.1039999999999999,3.0200000000000005,0.0,3.8,6.42,75.5,0.0,0.0,561.67,0.182,-1.02,0.792,1.15,0.8799999999999999,0.58,5.1,7.860000000000001,88.08000000000001,2.0,0.0,661.75
Sequence_498,GLFSVLGAVAKHVLPHVVPVIAEK,0.06166666666666667,-0.9249999999999999,0.6837499999999999,1.1091666666666669,-0.22083333333333333,2.063333333333333,5.041666666666667,7.783333333333334,93.0041666666667,16.0,-3.0,3515.9299999999994,0.038000000000000006,-1.1400000000000001,0.7100000000000002,0.9339999999999999,0.36000000000000004,1.636,4.9,7.159999999999999,90.05999999999999,4.0,0.0,707.8000000000001,-0.06799999999999999,-0.27999999999999997,0.5359999999999999,0.542,-1.24,1.6759999999999997,3.7,9.18,76.92,3.0,-1.0,656.66
seq_1674,VILIFVKKKAAKPLRQVMRNIYRHWRPRWR,0.0696666666666667,-0.8266666666666668,0.5839999999999997,1.1816666666666669,-0.22,1.3883333333333332,5.116666666666666,7.61,87.34666666666662,12.0,0.0,4078.650000000001,0.292,-1.24,0.46799999999999997,0.976,1.06,1.386,3.3,6.82,75.66,1.0,0.0,606.7,0.013999999999999995,-0.72,0.512,1.52,-0.8400000000000002,1.012,5.9,7.18,86.94000000000001,1.0,0.0,675.7900000000001
Sequence_533,FVLPLVMCKILRKC,-0.03357142857142857,-0.8071428571428573,0.7114285714285714,0.9900000000000001,0.17857142857142838,1.547142857142857,5.571428571428571,7.235714285714286,96.90714285714284,12.0,2.0,2052.44,0.426,-1.86,0.8280000000000001,1.8359999999999999,2.5,1.386,5.4,5.4,101.08,1.0,0.0,736.9399999999999,-0.26799999999999996,0.14000000000000004,0.552,0.32799999999999996,-1.0400000000000003,0.78,5.0,8.620000000000001,82.58,5.0,1.0,650.73
Sequence_520,FAKALKALLKALKAL,0.22266666666666665,-0.9666666666666668,0.7413333333333332,1.0526666666666666,1.4133333333333336,0.38666666666666666,4.466666666666667,7.573333333333334,80.59333333333333,4.0,0.0,1843.0900000000001,0.174,-0.86,0.676,0.852,1.48,0.29,3.9,7.460000000000001,73.48,1.0,0.0,585.66,0.312,-1.02,0.756,1.156,1.8799999999999997,0.29,4.4,7.400000000000001,80.22,1.0,0.0,595.68
seq_1599,VILIFVKKKAAKPLRQVYRNIYRKWRPKYR,0.08366666666666672,-0.9233333333333335,0.5906666666666666,1.1930000000000003,-0.06666666666666665,1.274,5.083333333333333,7.650000000000001,86.59666666666664,12.0,1.0,4048.6500000000005,0.292,-1.24,0.46799999999999997,0.976,1.06,1.386,3.3,6.82,75.66,1.0,0.0,606.7,0.052000000000000005,-0.6599999999999999,0.592,1.388,-0.06000000000000005,0.29,5.6,7.6,84.38000000000002,1.0,0.0,651.78
seq_155,VILIFVKKKAAKPMRQFLRNIYRHWRPKWW,0.05066666666666668,-0.8400000000000002,0.6039999999999998,1.1023333333333334,-0.15000000000000005,1.3743333333333332,5.05,7.633333333333334,87.13999999999996,13.0,0.0,4101.650000000001,0.292,-1.24,0.46799999999999997,0.976,1.06,1.386,3.3,6.82,75.66,1.0,0.0,606.7,-0.03400000000000001,-1.2799999999999998,0.648,1.488,-1.1,2.314,6.3,7.3,99.12,3.0,0.0,781.8800000000001
seq_1277,VILIFVKKKAAKPYRQVYRNIYRHWRPKMR,0.06966666666666671,-0.8066666666666666,0.5886666666666664,1.1463333333333336,-0.10000000000000005,1.268,5.05,7.703333333333334,86.35666666666664,12.0,0.0,4040.6200000000013,0.292,-1.24,0.46799999999999997,0.976,1.06,1.386,3.3,6.82,75.66,1.0,0.0,606.7,0.05,-0.72,0.636,1.4679999999999997,-0.14000000000000012,0.29,5.7,7.4,87.76000000000002,1.0,0.0,665.8
seq_1095,VILIFVKKKAAKPLRQVLRNIYRHWRPKMQ,0.10500000000000002,-0.9100000000000001,0.6173333333333331,1.2096666666666664,0.06666666666666661,1.268,5.116666666666666,7.5633333333333335,88.82666666666664,12.0,0.0,4118.72,0.292,-1.24,0.46799999999999997,0.976,1.06,1.386,3.3,6.82,75.66,1.0,0.0,606.7,0.186,-1.22,0.7040000000000001,1.6879999999999995,0.7399999999999999,0.29,5.9,6.840000000000001,95.82000000000001,1.0,0.0,715.8599999999999
seq_1137,VILIFVKKKAAKPLRQFMRNIYRHWRPRWW,0.061666666666666675,-0.8233333333333336,0.5926666666666665,1.1209999999999998,-0.0966666666666667,1.326,5.033333333333333,7.553333333333333,86.52999999999996,12.0,0.0,4061.6200000000013,0.292,-1.24,0.46799999999999997,0.976,1.06,1.386,3.3,6.82,75.66,1.0,0.0,606.7,0.031999999999999994,-1.18,0.5800000000000001,1.6,-0.78,2.024,6.2,6.82,95.46000000000001,2.0,0.0,741.8500000000001
seq_815,VMLIFVKKKAAKPMRQVYRNIYRHWRPKWK,0.05366666666666669,-0.91,0.6306666666666665,1.1943333333333335,-0.19666666666666674,1.485,5.3,7.656666666666667,90.19333333333331,14.0,0.0,4200.790000000001,0.366,-1.6,0.664,1.356,1.9,1.386,4.3,6.0,88.8,1.0,0.0,662.7999999999998,-0.11800000000000002,-0.9199999999999999,0.648,1.2959999999999998,-1.48,1.592,6.1,8.14,94.26000000000002,3.0,0.0,755.85
seq_1420,VMLIFVKKKAAKPMRQFLRNIYRHWRPKIW,0.0676666666666667,-0.8233333333333335,0.6133333333333332,1.1123333333333332,0.019999999999999938,1.2056666666666664,5.0,7.59,86.66666666666664,12.0,0.0,4051.630000000001,0.366,-1.6,0.664,1.356,1.9,1.386,4.3,6.0,88.8,1.0,0.0,662.7999999999998,-0.006000000000000004,-0.82,0.508,1.168,-0.9200000000000002,1.302,5.0,7.860000000000001,83.14000000000001,2.0,0.0,675.76
Sequence_545,FLGGILNTITGLL,-0.019230769230769232,-0.41538461538461535,0.6476923076923077,0.5992307692307691,0.30000000000000004,0.5707692307692308,4.6923076923076925,8.023076923076923,81.96153846153847,10.0,1.0,1618.8500000000004,-0.08999999999999997,-0.47999999999999987,0.6000000000000001,0.36799999999999994,-0.08,0.5,4.2,8.14,77.2,4.0,0.0,619.69,0.15,-0.76,0.644,0.82,0.8800000000000001,0.25,4.5,7.700000000000001,80.24,3.0,0.0,602.68
seq_370,VMLIFVKKKAAKPLRQVLRNIYRHWRPKMK,0.08366666666666668,-0.9033333333333334,0.6499999999999999,1.2176666666666667,0.006666666666666613,1.3163333333333334,5.266666666666667,7.6000000000000005,90.28333333333332,13.0,0.0,4164.790000000001,0.366,-1.6,0.664,1.356,1.9,1.386,4.3,6.0,88.8,1.0,0.0,662.7999999999998,-0.016000000000000004,-0.82,0.7040000000000001,1.3559999999999997,-0.46000000000000013,0.58,5.8,7.88,91.42,2.0,0.0,705.8299999999999
seq_522,VILIFVKKKAAKPLRQVLRNIYRHWCPKWY,0.029333333333333357,-0.7933333333333334,0.6206666666666665,1.063,-0.15333333333333335,1.5183333333333335,5.183333333333334,7.713333333333334,89.5233333333333,17.0,1.0,4179.77,0.292,-1.24,0.46799999999999997,0.976,1.06,1.386,3.3,6.82,75.66,1.0,0.0,606.7,-0.26799999999999996,-0.5199999999999999,0.724,0.808,-0.5800000000000001,1.7920000000000003,6.3,7.74,100.0,6.0,1.0,776.91
seq_1136,VMLIFVKKKAAKPLRQVYRNIYRHWRPRMR,0.09933333333333336,-0.86,0.6186666666666665,1.241666666666667,0.10333333333333325,1.2196666666666665,5.216666666666667,7.463333333333334,88.49999999999997,11.0,0.0,4070.7100000000014,0.366,-1.6,0.664,1.356,1.9,1.386,4.3,6.0,88.8,1.0,0.0,662.7999999999998,0.11600000000000002,-0.62,0.568,1.5799999999999998,0.17999999999999988,0.0,5.6,6.92,84.1,0.0,0.0,625.77
seq_469,VILIFVKKKAAKPLRQFLRNIYRHWRPKIW,0.06200000000000002,-0.7633333333333335,0.5819999999999997,1.049,-0.09666666666666668,1.2056666666666664,4.833333333333333,7.736666666666666,84.47666666666665,12.0,0.0,3995.530000000001,0.292,-1.24,0.46799999999999997,0.976,1.06,1.386,3.3,6.82,75.66,1.0,0.0,606.7,-0.006000000000000004,-0.82,0.508,1.168,-0.9200000000000002,1.302,5.0,7.860000000000001,83.14000000000001,2.0,0.0,675.76
Sequence_235,KTCENLADTFRGPCFATSNC,-0.4615,0.5449999999999999,0.6384999999999998,0.01749999999999998,-1.2249999999999999,0.8695,5.1,9.035,82.34,26.0,4.0,2659.9500000000003,-0.8320000000000001,1.6199999999999999,0.6639999999999999,-0.5419999999999999,-3.16,1.514,5.6,10.76,89.14000000000001,9.0,1.0,727.77,-0.61,1.08,0.5820000000000001,-0.29400000000000004,-1.6199999999999999,1.224,5.0,9.540000000000001,78.58,8.0,2.0,633.69
Sequence_197,VNWKKILKKIIKVVK,-0.07733333333333335,-0.9533333333333334,0.58,0.9713333333333334,-1.5866666666666664,2.548,5.2,8.553333333333336,92.65333333333335,12.0,1.0,2227.44,-0.30200000000000005,-0.74,0.6960000000000001,0.982,-2.5,3.7119999999999997,6.6,8.74,108.1,6.0,1.0,841.9399999999999,0.019999999999999997,-1.56,0.5599999999999999,1.2959999999999998,-1.7200000000000002,3.3519999999999994,5.3,8.12,98.17999999999999,4.0,0.0,793.87
seq_15,VMLIFVKKKAAKPLRQVLRNIYRKWRPKMW,0.10500000000000002,-1.0799999999999998,0.6506666666666665,1.2963333333333333,0.07999999999999995,1.4426666666666668,5.333333333333333,7.3966666666666665,91.33333333333331,13.0,1.0,4198.85,0.366,-1.6,0.664,1.356,1.9,1.386,4.3,6.0,88.8,1.0,0.0,662.7999999999998,0.068,-1.1800000000000002,0.7040000000000001,1.5479999999999996,-0.08000000000000011,1.302,6.0,7.040000000000001,96.28,2.0,0.0,731.8599999999999
seq_988,VIIIFVKKKAAKPLRQVYRNIYRHWRPRWQ,0.07366666666666667,-0.8400000000000001,0.5539999999999998,1.1416666666666666,-0.2233333333333334,1.3883333333333332,4.966666666666667,7.676666666666666,85.93666666666664,12.0,0.0,4058.5900000000015,0.17800000000000002,-0.8800000000000001,0.26399999999999996,0.596,0.07999999999999999,1.386,2.3,7.58,62.52,1.0,0.0,550.6,0.15,-1.22,0.5800000000000001,1.7399999999999998,0.039999999999999855,1.012,6.1,6.62,95.0,1.0,0.0,725.8500000000001
seq_247,VILIFVKKKAAKPLRQVLRNIYRKWRPKMW,0.09266666666666669,-1.0200000000000002,0.6179999999999998,1.233,-0.06000000000000003,1.4426666666666668,5.166666666666667,7.533333333333333,89.1433333333333,13.0,1.0,4142.75,0.292,-1.24,0.46799999999999997,0.976,1.06,1.386,3.3,6.82,75.66,1.0,0.0,606.7,0.068,-1.1800000000000002,0.7040000000000001,1.5479999999999996,-0.08000000000000011,1.302,6.0,7.040000000000001,96.28,2.0,0.0,731.8599999999999
Sequence_257,FLPIVGRLISGLL,0.16923076923076924,-0.9384615384615386,0.6484615384615384,1.0576923076923077,0.8692307692307693,0.7253846153846154,4.576923076923077,7.200000000000001,83.83846153846154,6.0,0.0,1661.94,0.312,-1.5,0.624,1.456,1.52,1.386,4.4,6.159999999999999,87.94000000000001,1.0,0.0,680.8399999999999,0.134,-0.62,0.65,0.718,0.86,0.25,4.1,7.82,76.97999999999999,3.0,0.0,588.65
seq_1511,VILIFVKKKAAKPLRQVLRNIYRHIRPRIK,0.0746666666666667,-0.6900000000000001,0.5499999999999997,1.0563333333333333,-0.19000000000000003,1.0993333333333333,4.7,7.886666666666668,82.62999999999998,11.0,0.0,3906.440000000001,0.292,-1.24,0.46799999999999997,0.976,1.06,1.386,3.3,6.82,75.66,1.0,0.0,606.7,-0.024,-0.36,0.44000000000000006,1.0879999999999999,-0.9800000000000001,0.29,4.7,8.22,74.62,1.0,0.0,609.7
Sequence_668,KWKLFKKILKFLHLAKKF,0.002777777777777766,-0.7500000000000001,0.7077777777777776,0.8183333333333336,-0.016666666666666757,0.9155555555555553,4.888888888888889,8.094444444444445,85.88888888888889,9.0,-1.0,2466.73,-0.0020000000000000087,-1.22,0.748,1.032,-0.14000000000000004,1.592,5.5,7.540000000000001,94.06,3.0,0.0,743.8299999999999,0.04399999999999999,-0.86,0.7120000000000001,0.8460000000000001,0.47999999999999987,0.58,4.6,7.92,81.34,2.0,0.0,651.7299999999999
seq_143,VMLIFVKKKAAKPLRQVYRNIYRHIRPKWW,0.07900000000000001,-0.8933333333333333,0.6086666666666665,1.1729999999999998,-0.08000000000000007,1.4366666666666668,5.116666666666666,7.62,88.33999999999997,13.0,0.0,4120.700000000001,0.366,-1.6,0.664,1.356,1.9,1.386,4.3,6.0,88.8,1.0,0.0,662.7999999999998,-0.03400000000000001,-1.2799999999999998,0.648,1.488,-1.1,2.314,6.3,7.3,99.12,3.0,0.0,781.8800000000001
seq_1675,VILIFVKKKAAKPLRQVLRNIYRHIRPKMY,0.10733333333333335,-0.8000000000000002,0.5959999999999999,1.1296666666666666,0.14333333333333328,1.0993333333333333,4.85,7.6800000000000015,85.20333333333332,11.0,0.0,3964.560000000001,0.292,-1.24,0.46799999999999997,0.976,1.06,1.386,3.3,6.82,75.66,1.0,0.0,606.7,0.17200000000000001,-1.02,0.716,1.5279999999999998,1.02,0.29,5.6,6.9799999999999995,90.06000000000002,1.0,0.0,667.8199999999999
seq_987,VMLIFVKKKAAKPMRQFYRNIYRHWRPKIW,0.06133333333333335,-0.8133333333333334,0.6046666666666665,1.099,0.010000000000000031,1.2056666666666664,4.983333333333333,7.613333333333333,86.1033333333333,12.0,0.0,4037.610000000001,0.366,-1.6,0.664,1.356,1.9,1.386,4.3,6.0,88.8,1.0,0.0,662.7999999999998,-0.006000000000000004,-0.82,0.508,1.168,-0.9200000000000002,1.302,5.0,7.860000000000001,83.14000000000001,2.0,0.0,675.76
Sequence_351,FAKLLAKLAKKGL,0.10923076923076923,-0.8846153846153848,0.7492307692307693,0.9484615384615385,0.7384615384615386,0.5423076923076923,4.8076923076923075,7.900000000000001,83.95384615384616,6.0,0.0,1679.89,0.26999999999999996,-1.1199999999999999,0.776,1.098,2.02,0.29,4.5,6.88,83.36,1.0,0.0,627.7399999999999,-0.10200000000000001,-0.62,0.724,0.726,-0.7200000000000003,0.8300000000000001,5.2,8.92,85.62,4.0,0.0,676.7299999999999
seq_343,VILIFVKKKAAKPLRKVLRNIYRHIRPKWR,0.03633333333333332,-0.7000000000000001,0.573333333333333,1.0543333333333333,-0.4200000000000001,1.3163333333333334,4.9,7.966666666666667,84.55999999999997,13.0,0.0,4002.530000000001,0.292,-1.24,0.46799999999999997,0.976,1.06,1.386,3.3,6.82,75.66,1.0,0.0,606.7,-0.052000000000000005,-0.82,0.58,1.408,-1.1600000000000001,1.302,6.0,7.659999999999999,90.6,2.0,0.0,715.82
Sequence_565,PRFWEAWLRLME,0.08333333333333333,-0.5666666666666665,0.715,1.0291666666666668,0.5166666666666666,0.8433333333333333,4.833333333333333,7.416666666666668,86.75000000000001,4.0,-2.0,1611.8000000000002,-0.094,-0.31999999999999995,0.6439999999999999,0.876,-0.4,1.012,4.8,7.68,84.84,2.0,-1.0,699.7800000000001,0.24,-0.4800000000000001,0.828,1.1400000000000001,1.5399999999999998,0.0,4.9,7.26,89.6,1.0,-1.0,641.74
seq_628,VILIFVKKKAAKPLRQVYRNIYRHIRPKIW,0.07133333333333339,-0.7566666666666667,0.5526666666666665,1.0563333333333333,-0.19,1.268,4.733333333333333,7.8500000000000005,83.48666666666665,12.0,0.0,3958.480000000001,0.292,-1.24,0.46799999999999997,0.976,1.06,1.386,3.3,6.82,75.66,1.0,0.0,606.7,-0.006000000000000004,-0.82,0.508,1.168,-0.9200000000000002,1.302,5.0,7.860000000000001,83.14000000000001,2.0,0.0,675.76
seq_1365,VILIFVKKKAAKPLRQVMRNIYRHWCPKWR,0.0023333333333333474,-0.7433333333333335,0.6059999999999998,1.053,-0.37,1.5183333333333335,5.2,7.773333333333334,89.13999999999996,17.0,1.0,4177.75,0.292,-1.24,0.46799999999999997,0.976,1.06,1.386,3.3,6.82,75.66,1.0,0.0,606.7,-0.39,-0.21999999999999997,0.644,0.748,-1.7400000000000002,1.7920000000000003,6.4,8.16,97.7,6.0,1.0,774.89
seq_1004,VILIFVKKKAAKPYRQFMRNIFRHWRPKMW,0.044666666666666674,-0.7966666666666667,0.5999999999999998,1.0616666666666665,-0.046666666666666703,1.2056666666666664,4.916666666666667,7.6,85.54333333333331,12.0,0.0,4041.610000000001,0.292,-1.24,0.46799999999999997,0.976,1.06,1.386,3.3,6.82,75.66,1.0,0.0,606.7,0.068,-1.1800000000000002,0.7040000000000001,1.5479999999999996,-0.08000000000000011,1.302,6.0,7.040000000000001,96.28,2.0,0.0,731.8599999999999
Sequence_682,MWKWFHNVLSSWQLLADKRPARDYNRK,-0.034444444444444465,-0.6037037037037037,0.6866666666666665,0.9392592592592592,-0.2518518518518519,1.298888888888889,5.37037037037037,7.951851851851852,89.43703703703703,18.0,1.0,3728.1700000000005,0.042,-1.5799999999999998,0.74,1.224,0.1,2.314,5.7,6.640000000000001,98.92,3.0,0.0,769.86,-0.3340000000000001,0.24,0.6519999999999999,0.434,-1.6,1.024,5.7,9.44,86.28,5.0,1.0,665.75
seq_1023,VILIFVKKKAAKPLRQVYRNIYRHWRPKWR,0.059000000000000025,-0.8333333333333335,0.5879999999999997,1.1496666666666668,-0.26,1.4366666666666668,5.116666666666666,7.723333333333334,87.39333333333329,13.0,0.0,4104.660000000001,0.292,-1.24,0.46799999999999997,0.976,1.06,1.386,3.3,6.82,75.66,1.0,0.0,606.7,-0.052000000000000005,-0.82,0.58,1.408,-1.1600000000000001,1.302,6.0,7.659999999999999,90.6,2.0,0.0,715.82
Sequence_643,GCWSTVLGGLKKFAKGGLEAIVNPK,-0.2064,-0.3960000000000001,0.6779999999999998,0.5896,-1.0279999999999998,1.4835999999999998,5.24,8.628,89.012,26.0,1.0,3535.8800000000006,-0.5740000000000001,0.1600000000000001,0.618,-0.038000000000000034,-2.16,1.752,5.7,9.0,88.22,9.0,1.0,725.75,-0.14200000000000002,-0.44000000000000006,0.5720000000000001,1.0139999999999998,-1.3,2.4099999999999997,5.3,8.360000000000001,93.28,4.0,1.0,729.87
Sequence_616,GNFRYLAPP,0.024444444444444442,-0.4666666666666667,0.6888888888888888,1.0733333333333333,0.8666666666666667,0.5466666666666666,5.166666666666667,7.322222222222223,85.75555555555557,4.0,1.0,1164.45,-0.256,0.14000000000000004,0.6199999999999999,0.458,-0.45999999999999996,0.984,5.3,8.239999999999998,84.36000000000001,4.0,1.0,645.77,0.40800000000000003,-1.2799999999999998,0.772,1.7740000000000002,2.8600000000000003,0.0,5.0,6.12,87.02,0.0,0.0,635.83
seq_262,VILIFVKKKAAKPYRQVLRNIYRNWRPKWQ,0.06566666666666669,-0.9166666666666666,0.5993333333333332,1.1926666666666668,-0.12666666666666665,1.5166666666666668,5.216666666666667,7.596666666666667,89.41666666666664,14.0,2.0,4153.780000000001,0.292,-1.24,0.46799999999999997,0.976,1.06,1.386,3.3,6.82,75.66,1.0,0.0,606.7,0.08399999999999999,-1.3199999999999998,0.648,1.6280000000000001,-0.2800000000000001,1.302,6.2,7.1,98.66000000000001,2.0,0.0,765.8800000000001
Sequence_352,FDIVKKIAGHIVSSI,-0.10666666666666669,-0.3533333333333334,0.4746666666666667,0.398,-1.1733333333333333,1.2853333333333332,3.7,8.933333333333334,72.03999999999999,11.0,-1.0,1864.8999999999999,-0.094,-0.9400000000000001,0.556,0.604,-1.1,1.6759999999999997,4.3,8.379999999999999,81.52000000000001,4.0,0.0,687.74,0.034,-0.56,0.352,0.5239999999999999,-0.66,1.386,2.8,8.36,63.56,3.0,0.0,564.56
seq_1295,VILIFVKKKAAKPLRQVYRNIYRHWRPKYR,0.07633333333333336,-0.8066666666666668,0.5899999999999999,1.1463333333333334,-0.07666666666666667,1.268,5.05,7.713333333333335,86.35666666666663,12.0,0.0,4040.620000000001,0.292,-1.24,0.46799999999999997,0.976,1.06,1.386,3.3,6.82,75.66,1.0,0.0,606.7,0.052000000000000005,-0.6599999999999999,0.592,1.388,-0.06000000000000005,0.29,5.6,7.6,84.38000000000002,1.0,0.0,651.78
seq_1127,VMLIFVKKKAAKPYRQVYRNIYRKWRPKIW,0.08000000000000004,-1.0000000000000002,0.6006666666666665,1.2063333333333335,-0.07999999999999999,1.4426666666666668,5.133333333333334,7.58,88.01666666666664,13.0,1.0,4114.71,0.366,-1.6,0.664,1.356,1.9,1.386,4.3,6.0,88.8,1.0,0.0,662.7999999999998,-0.006000000000000004,-0.82,0.508,1.168,-0.9200000000000002,1.302,5.0,7.860000000000001,83.14000000000001,2.0,0.0,675.76
Sequence_435,KLKNFAKGVAQSLLNKASCKLSGQC,-0.1832,-0.29200000000000004,0.7011999999999997,0.5855999999999999,-0.4640000000000001,1.1567999999999998,5.3,8.424,89.17200000000001,25.0,4.0,3471.87,-0.22600000000000003,-0.15999999999999998,0.744,0.5980000000000001,-0.6600000000000001,1.314,5.5,8.559999999999999,91.84,4.0,1.0,708.83,-0.274,-0.15999999999999998,0.722,0.37799999999999995,-0.3,0.74,5.7,8.12,93.92,7.0,1.0,721.8
Sequence_210,FAFAKIIAKIAKKII,0.018666666666666665,-0.4,0.4080000000000001,0.39999999999999997,-0.17333333333333342,0.38666666666666666,2.8333333333333335,8.666666666666666,59.739999999999995,4.0,0.0,1594.6499999999999,0.03599999999999999,-0.7,0.5960000000000001,0.548,1.0799999999999998,0.29,3.4,7.5200000000000005,66.74,1.0,0.0,575.64,-0.046,-0.3,0.384,0.39,-1.0800000000000003,0.58,3.1,9.379999999999999,61.8,2.0,0.0,549.55
Sequence_402,GSIPCGESCVFIPCISAVIGCSCSNKVCYKN,-0.4693548387096773,0.39677419354838706,0.575806451612903,0.028387096774193557,-1.6516129032258062,1.5961290322580648,4.903225806451613,9.03225806451613,84.30322580645161,45.0,7.0,4283.71,-0.458,0.44000000000000006,0.534,0.01799999999999997,-1.4600000000000002,0.74,4.6,8.98,77.53999999999999,7.0,1.0,649.72,-0.47000000000000003,0.12000000000000002,0.704,0.41400000000000003,-1.6600000000000001,2.8999999999999995,6.5,8.7,105.32000000000001,8.0,2.0,796.94
Sequence_194,GIGKFLKKAKKFGKAFVKILKK,-0.13181818181818175,-0.6772727272727272,0.6354545454545453,0.6354545454545456,-0.95,1.0786363636363634,4.7727272727272725,8.70909090909091,82.65,16.0,0.0,2993.2400000000002,-0.31599999999999995,-0.22000000000000003,0.536,0.11600000000000002,-1.6200000000000003,0.79,4.3,9.18,75.18,5.0,0.0,643.68,-0.06200000000000001,-0.6599999999999999,0.624,0.764,-1.1,0.8699999999999999,4.8,9.08,82.8,3.0,0.0,671.7199999999999
seq_46,VILIFVKKKAAKPLRQVLRNIYRHWRPKIK,0.059000000000000045,-0.7833333333333334,0.5846666666666664,1.091,-0.27333333333333343,1.3163333333333334,4.933333333333334,7.873333333333334,85.90333333333332,13.0,0.0,4052.5900000000006,0.292,-1.24,0.46799999999999997,0.976,1.06,1.386,3.3,6.82,75.66,1.0,0.0,606.7,-0.09000000000000001,-0.45999999999999996,0.508,0.9759999999999998,-1.3,0.58,4.8,8.7,78.28000000000002,2.0,0.0,649.73
Sequence_156,LGGIVSAVKKIVDFLG,-0.03687499999999999,-0.9500000000000002,0.625625,0.7925,-0.7125000000000001,1.7149999999999999,4.78125,8.20625,86.7,14.0,0.0,2221.4200000000005,-0.023999999999999976,-0.96,0.616,0.812,-0.76,1.886,5.0,8.120000000000001,90.62,5.0,0.0,702.78,-0.03799999999999999,-1.1599999999999997,0.756,0.8119999999999999,-0.18000000000000008,1.636,5.3,7.640000000000001,94.22,5.0,0.0,734.8299999999999
Sequence_399,RYPAGLPFL,0.22777777777777775,-1.0,0.7266666666666668,1.347777777777778,1.7999999999999998,0.1388888888888889,5.0,6.644444444444446,85.4111111111111,2.0,0.0,1149.43,0.05800000000000001,-0.6199999999999999,0.62,1.1099999999999999,0.5599999999999999,0.25,5.0,7.640000000000001,79.74,2.0,0.0,616.73,0.21400000000000002,-1.1400000000000001,0.8240000000000002,1.2719999999999998,1.98,0.25,5.2,6.42,91.94,2.0,0.0,678.8499999999999
Sequence_645,FLPLLASLFSRLL,0.336923076923077,-1.0769230769230769,0.7753846153846153,1.2653846153846153,2.5,0.0,4.538461538461538,6.338461538461539,83.25384615384615,2.0,0.0,1592.9299999999998,0.49800000000000005,-1.5399999999999998,0.892,1.6960000000000002,3.5799999999999996,0.0,5.1,5.359999999999999,94.4,0.0,0.0,663.8699999999999,0.23399999999999999,-0.86,0.71,1.0779999999999998,1.8199999999999998,0.0,4.5,6.62,80.16,1.0,0.0,603.7099999999999
seq_1373,VILIFVKKKAAKPLRQFYRNIYRHWRPKIQ,0.07533333333333334,-0.7600000000000001,0.573333333333333,1.059,0.030000000000000013,1.037,4.8,7.7266666666666675,83.83666666666664,11.0,0.0,3965.510000000001,0.292,-1.24,0.46799999999999997,0.976,1.06,1.386,3.3,6.82,75.66,1.0,0.0,606.7,0.11199999999999999,-0.86,0.508,1.3079999999999998,-0.10000000000000009,0.29,4.9,7.660000000000001,82.68000000000002,1.0,0.0,659.76
Sequence_505,FALLKALLKKAL,0.27,-1.0833333333333333,0.7816666666666666,1.1508333333333334,1.7333333333333336,0.3625,4.666666666666667,7.25,84.31666666666666,3.0,0.0,1509.75,0.27,-1.1199999999999999,0.776,1.0979999999999999,2.0200000000000005,0.29,4.5,6.88,83.35999999999999,1.0,0.0,627.7399999999999,0.182,-1.02,0.792,1.15,0.8799999999999999,0.58,5.1,7.860000000000001,88.08000000000001,2.0,0.0,661.75
seq_1104,VILIFVKKKAAKPLRQVYRNVYRHWRPKWW,0.06900000000000002,-1.0233333333333334,0.6226666666666664,1.249666666666667,-0.26666666666666666,1.8363333333333336,5.383333333333334,7.543333333333334,92.11666666666663,15.0,0.0,4299.889999999999,0.292,-1.24,0.46799999999999997,0.976,1.06,1.386,3.3,6.82,75.66,1.0,0.0,606.7,-0.03400000000000001,-1.2799999999999998,0.648,1.488,-1.1,2.314,6.3,7.3,99.12,3.0,0.0,781.8800000000001
seq_982,VMLIFVKKKAAKPLRQVLRNVYRHWRPKWW,0.08766666666666668,-1.0933333333333333,0.6639999999999998,1.3263333333333336,-0.1166666666666667,1.8363333333333336,5.566666666666666,7.383333333333334,94.86999999999996,15.0,0.0,4370.01,0.366,-1.6,0.664,1.356,1.9,1.386,4.3,6.0,88.8,1.0,0.0,662.7999999999998,-0.03400000000000001,-1.2799999999999998,0.648,1.488,-1.1,2.314,6.3,7.3,99.12,3.0,0.0,781.8800000000001
seq_1628,VMLIFVKKKAAKPYRQVYRNIYRHWRPKMK,0.07100000000000001,-0.8833333333333334,0.6326666666666665,1.191,-0.013333333333333315,1.3163333333333334,5.233333333333333,7.646666666666667,89.15666666666665,13.0,0.0,4136.750000000001,0.366,-1.6,0.664,1.356,1.9,1.386,4.3,6.0,88.8,1.0,0.0,662.7999999999998,-0.016000000000000004,-0.82,0.7040000000000001,1.3559999999999997,-0.46000000000000013,0.58,5.8,7.88,91.42,2.0,0.0,705.8299999999999
Sequence_579,KLCGETCFKFKCYTPGCSCSYPFCK,-0.5075999999999999,0.35200000000000004,0.6807999999999998,0.008799999999999968,-1.1640000000000001,0.9199999999999998,5.44,8.764,87.788,37.0,5.0,3567.0000000000005,-0.568,0.78,0.768,-0.196,-2.04,1.03,5.5,9.92,92.22,8.0,0.0,739.78,-0.26399999999999996,-0.25999999999999995,0.708,0.5640000000000001,0.17999999999999988,0.78,5.5,7.6,90.42,5.0,1.0,716.87
seq_84,VMLIFVKKKAAKPYRQVLRNIYRHWRPKWK,0.060333333333333364,-0.9100000000000001,0.6319999999999998,1.1943333333333335,-0.1733333333333334,1.485,5.3,7.666666666666667,90.19333333333331,14.0,0.0,4200.790000000001,0.366,-1.6,0.664,1.356,1.9,1.386,4.3,6.0,88.8,1.0,0.0,662.7999999999998,-0.11800000000000002,-0.9199999999999999,0.648,1.2959999999999998,-1.48,1.592,6.1,8.14,94.26000000000002,3.0,0.0,755.85
seq_662,VILIFVKKKAAKPYRQVMRNIYRHWRPKWW,0.055333333333333366,-0.91,0.5979999999999998,1.163,-0.2733333333333334,1.6053333333333335,5.166666666666667,7.653333333333333,88.81333333333329,14.0,0.0,4170.720000000001,0.292,-1.24,0.46799999999999997,0.976,1.06,1.386,3.3,6.82,75.66,1.0,0.0,606.7,-0.03400000000000001,-1.2799999999999998,0.648,1.488,-1.1,2.314,6.3,7.3,99.12,3.0,0.0,781.8800000000001
seq_1573,VILIFVKKKAAKPLRKVYRNVYRKWRPKMW,0.05966666666666667,-1.0566666666666669,0.6326666666666665,1.2510000000000003,-0.28666666666666674,1.7220000000000002,5.35,7.61,91.14999999999996,15.0,1.0,4247.87,0.292,-1.24,0.46799999999999997,0.976,1.06,1.386,3.3,6.82,75.66,1.0,0.0,606.7,0.068,-1.1800000000000002,0.7040000000000001,1.5479999999999996,-0.08000000000000011,1.302,6.0,7.040000000000001,96.28,2.0,0.0,731.8599999999999
seq_547,VILIFVKKKAAKPMRQVLRNIYRHWRPRWW,0.0726666666666667,-0.9033333333333335,0.595333333333333,1.195,-0.21,1.557,5.166666666666667,7.55,88.76666666666662,13.0,0.0,4144.710000000001,0.292,-1.24,0.46799999999999997,0.976,1.06,1.386,3.3,6.82,75.66,1.0,0.0,606.7,0.031999999999999994,-1.18,0.5800000000000001,1.6,-0.78,2.024,6.2,6.82,95.46000000000001,2.0,0.0,741.8500000000001
seq_911,VMIMFVKKKAAKPYRQVYRNIYRKWRPKWR,0.06566666666666669,-1.0000000000000002,0.6113333333333331,1.2463333333333335,-0.14333333333333328,1.4426666666666668,5.3,7.536666666666666,89.25999999999996,13.0,1.0,4154.77,0.326,-1.6,0.656,1.356,1.7600000000000002,1.386,4.3,5.94,88.8,1.0,0.0,662.8,-0.052000000000000005,-0.82,0.58,1.408,-1.1600000000000001,1.302,6.0,7.659999999999999,90.6,2.0,0.0,715.82
seq_200,VILIFVKKKAAKPYRQVYRNIYRHWRPKMW,0.0726666666666667,-0.8833333333333333,0.5999999999999998,1.1596666666666668,-0.09000000000000004,1.4366666666666668,5.1,7.6433333333333335,87.77666666666664,13.0,0.0,4106.680000000001,0.292,-1.24,0.46799999999999997,0.976,1.06,1.386,3.3,6.82,75.66,1.0,0.0,606.7,0.068,-1.1800000000000002,0.7040000000000001,1.5479999999999996,-0.08000000000000011,1.302,6.0,7.040000000000001,96.28,2.0,0.0,731.8599999999999
Sequence_161,KILRGVCKKIMRTFLRRISKDILTGKK,-0.12259259259259257,-0.425925925925926,0.5677777777777776,0.6344444444444444,-0.9444444444444442,0.762222222222222,4.796296296296297,8.566666666666666,80.15555555555555,20.0,1.0,3483.78,-0.05399999999999999,-0.41999999999999993,0.552,0.704,-0.8400000000000001,0.54,4.7,8.62,78.69999999999999,3.0,0.0,622.68,-0.188,-0.6,0.7200000000000001,0.696,-1.2200000000000002,0.8300000000000001,5.7,9.02,89.33999999999999,5.0,0.0,706.76
seq_1692,VIIIFVKKKAAKPYRQVYRNIYRHWRPKWR,0.033666666666666664,-0.7633333333333334,0.5453333333333332,1.073,-0.4333333333333334,1.4366666666666668,4.933333333333334,7.873333333333334,84.63999999999996,13.0,0.0,4034.540000000001,0.17800000000000002,-0.8800000000000001,0.26399999999999996,0.596,0.07999999999999999,1.386,2.3,7.58,62.52,1.0,0.0,550.6,-0.052000000000000005,-0.82,0.58,1.408,-1.1600000000000001,1.302,6.0,7.659999999999999,90.6,2.0,0.0,715.82
seq_380,VILIFVKKKAAKPYRKVLRNIYRHWRPKIK,0.019,-0.7066666666666668,0.5759999999999998,1.0223333333333333,-0.48333333333333345,1.364666666666667,4.9,8.07,84.60666666666665,14.0,0.0,4028.5400000000004,0.292,-1.24,0.46799999999999997,0.976,1.06,1.386,3.3,6.82,75.66,1.0,0.0,606.7,-0.09000000000000001,-0.45999999999999996,0.508,0.9759999999999998,-1.3,0.58,4.8,8.7,78.28000000000002,2.0,0.0,649.73
Sequence_30,FAKLLAKLAKKSL,0.1423076923076923,-0.8769230769230769,0.7376923076923076,0.9661538461538461,0.9461538461538462,0.4461538461538461,4.576923076923077,7.800000000000002,81.27692307692307,5.0,0.0,1638.83,0.26999999999999996,-1.1199999999999999,0.776,1.098,2.02,0.29,4.5,6.88,83.36,1.0,0.0,627.7399999999999,-0.016000000000000014,-0.6,0.6940000000000001,0.772,-0.18000000000000008,0.58,4.6,8.66,78.66,3.0,0.0,635.67
seq_1249,VMLIFVKKKAAKPYRQVLRNIYRHWRPKWY,0.0916666666666667,-0.9433333333333335,0.6339999999999999,1.223,0.07333333333333328,1.4366666666666668,5.266666666666667,7.516666666666667,89.96666666666664,13.0,0.0,4162.780000000001,0.366,-1.6,0.664,1.356,1.9,1.386,4.3,6.0,88.8,1.0,0.0,662.7999999999998,0.06999999999999999,-1.1199999999999999,0.6599999999999999,1.468,0.0,1.302,5.9,7.24,92.9,2.0,0.0,717.84
Sequence_286,ALWKDILKNAGKAALNEINQLVNQ,-0.07500000000000002,-0.24999999999999992,0.6658333333333332,0.6958333333333333,-0.3291666666666668,1.3445833333333335,4.979166666666667,8.529166666666667,87.51249999999999,18.0,3.0,3208.6000000000004,-0.008000000000000007,-0.9799999999999999,0.74,0.842,-0.34,1.302,5.2,8.3,87.68,4.0,0.0,688.73,0.24399999999999994,-1.44,0.76,1.7059999999999995,1.0599999999999998,2.12,6.5,6.460000000000001,114.05999999999999,3.0,1.0,811.98
seq_1455,VILIFVKKKAAKPLRQVYRHIYRHWRPKWK,0.06400000000000004,-0.8500000000000001,0.5993333333333332,1.1246666666666667,-0.3,1.4050000000000002,5.066666666666666,7.836666666666668,87.32333333333331,13.0,-2.0,4145.630000000001,0.292,-1.24,0.46799999999999997,0.976,1.06,1.386,3.3,6.82,75.66,1.0,0.0,606.7,-0.11800000000000002,-0.9199999999999999,0.648,1.2959999999999998,-1.48,1.592,6.1,8.14,94.26000000000002,3.0,0.0,755.85
seq_1375,VMLIFVKKKAAKPLRQVYRNIYRKWRPKYR,0.09600000000000003,-0.9833333333333333,0.6233333333333332,1.2563333333333335,0.07333333333333326,1.274,5.25,7.513333333333334,88.78666666666663,12.0,1.0,4104.750000000001,0.366,-1.6,0.664,1.356,1.9,1.386,4.3,6.0,88.8,1.0,0.0,662.7999999999998,0.052000000000000005,-0.6599999999999999,0.592,1.388,-0.06000000000000005,0.29,5.6,7.6,84.38000000000002,1.0,0.0,651.78
Sequence_43,FLGALFKALSKLL,0.19076923076923077,-0.9615384615384616,0.7684615384615385,0.9746153846153847,1.5692307692307694,0.31923076923076926,4.576923076923077,7.207692307692309,83.0923076923077,5.0,0.0,1637.89,0.21200000000000002,-0.9799999999999999,0.772,0.9259999999999998,1.9600000000000002,0.25,4.5,6.9,82.92,2.0,0.0,618.73,0.30599999999999994,-1.1199999999999999,0.858,1.27,1.9,0.29,5.1,7.039999999999999,90.56,2.0,0.0,653.7599999999999
seq_1029,VILIFVKKKAAKPLRQFLRNIYRHIRPKWK,0.04800000000000003,-0.7033333333333335,0.5819999999999997,1.017,-0.16000000000000003,1.0853333333333333,4.8,7.876666666666667,83.66666666666666,12.0,0.0,3969.500000000001,0.292,-1.24,0.46799999999999997,0.976,1.06,1.386,3.3,6.82,75.66,1.0,0.0,606.7,-0.11800000000000002,-0.9199999999999999,0.648,1.2959999999999998,-1.48,1.592,6.1,8.14,94.26000000000002,3.0,0.0,755.85
Sequence_415,FAKLLAKLAKKL,0.1758333333333333,-0.9750000000000001,0.755,1.0458333333333334,1.0916666666666668,0.48333333333333334,4.708333333333333,7.6833333333333345,83.47500000000001,4.0,0.0,1533.74,0.26999999999999996,-1.1199999999999999,0.776,1.098,2.02,0.29,4.5,6.88,83.36,1.0,0.0,627.7399999999999,0.182,-1.02,0.792,1.15,0.8799999999999999,0.58,5.1,7.860000000000001,88.08,2.0,0.0,661.7499999999999
seq_1624,VMLIFVKKKAAKPLRQVLRNIYRKWRPKIR,0.08966666666666671,-0.9433333333333334,0.6066666666666666,1.2196666666666667,-0.07000000000000005,1.274,5.116666666666666,7.593333333333334,87.72333333333333,12.0,1.0,4076.690000000001,0.366,-1.6,0.664,1.356,1.9,1.386,4.3,6.0,88.8,1.0,0.0,662.7999999999998,-0.024000000000000004,-0.36,0.44000000000000006,1.0879999999999999,-0.9800000000000001,0.29,4.7,8.22,74.62,1.0,0.0,609.7
Sequence_360,KLLLKLLKKLLKLLKKK,0.19823529411764707,-1.1882352941176473,0.8694117647058821,1.3070588235294116,0.8764705882352944,0.6823529411764705,5.735294117647059,7.647058823529413,97.24705882352943,8.0,0.0,2421.81,0.278,-1.2799999999999998,0.892,1.396,1.4200000000000002,0.58,5.7,7.279999999999999,97.96,2.0,0.0,703.8299999999999,0.052000000000000005,-1.02,0.8280000000000001,1.1439999999999997,-0.1200000000000001,0.8699999999999999,5.8,8.32,95.93999999999998,3.0,0.0,727.8199999999999
seq_145,VILIFVKKKAAKPYRQVYRNIYRHWRPKWW,0.05566666666666669,-0.9,0.5906666666666663,1.1496666666666668,-0.26,1.6053333333333335,5.15,7.6866666666666665,88.24999999999997,14.0,0.0,4156.700000000001,0.292,-1.24,0.46799999999999997,0.976,1.06,1.386,3.3,6.82,75.66,1.0,0.0,606.7,-0.03400000000000001,-1.2799999999999998,0.648,1.488,-1.1,2.314,6.3,7.3,99.12,3.0,0.0,781.8800000000001
Sequence_430,FFGSVLKLIPKIL,0.11307692307692307,-0.9692307692307693,0.6453846153846154,0.9638461538461539,0.6153846153846154,0.8523076923076922,4.423076923076923,7.400000000000001,82.82307692307691,6.0,0.0,1700.96,-0.1,-0.9800000000000001,0.6300000000000001,0.6300000000000001,-0.040000000000000015,1.636,4.4,7.220000000000001,83.32000000000001,4.0,0.0,697.7800000000001,0.182,-0.72,0.5,0.9879999999999999,0.48,0.29,3.7,7.860000000000001,72.84,1.0,0.0,585.68
Sequence_646,GFGCPLDQMQCHRHCQTITGRSGGYCSGPLKLTCTCYR,-0.3178947368421051,0.06842105263157898,0.6568421052631578,0.34157894736842104,-0.8131578947368422,0.6892105263157894,5.565789473684211,8.505263157894735,88.55526315789471,47.0,4.0,5284.88,-0.568,0.21999999999999997,0.6880000000000001,0.04799999999999995,-1.42,0.99,5.7,8.540000000000001,90.89999999999999,8.0,1.0,736.8600000000001,-0.646,0.82,0.596,-0.19600000000000004,-1.42,0.9800000000000001,6.1,8.7,89.62,9.0,2.0,699.8
seq_1631,VMLIFVKKKAAKPLRQVLRNIYRHWRPRIW,0.09633333333333335,-0.8866666666666667,0.6059999999999999,1.2050000000000003,-0.016666666666666708,1.3883333333333332,5.116666666666666,7.516666666666667,88.29333333333331,12.0,0.0,4094.6900000000014,0.366,-1.6,0.664,1.356,1.9,1.386,4.3,6.0,88.8,1.0,0.0,662.7999999999998,0.06000000000000001,-0.72,0.44000000000000006,1.28,-0.6,1.012,4.9,7.38,79.47999999999999,1.0,0.0,635.73
Sequence_655,FALAKLAKKAKAKLKKALKAL,0.1066666666666667,-0.8333333333333334,0.7123809523809521,0.9376190476190477,0.5714285714285715,0.5523809523809523,4.571428571428571,8.161904761904761,80.08095238095238,8.0,0.0,2641.9100000000003,0.174,-0.86,0.6759999999999999,0.852,1.4800000000000002,0.29,3.9,7.459999999999999,73.47999999999999,1.0,0.0,585.66,0.312,-1.02,0.756,1.156,1.8799999999999997,0.29,4.4,7.400000000000001,80.22,1.0,0.0,595.68
seq_488,VILIFVKKKAAKPMRQVLRNIYRHWRPKMR,0.0756666666666667,-0.8266666666666668,0.6046666666666665,1.1729999999999998,-0.10333333333333336,1.268,5.083333333333333,7.646666666666667,87.4833333333333,12.0,0.0,4068.6600000000008,0.292,-1.24,0.46799999999999997,0.976,1.06,1.386,3.3,6.82,75.66,1.0,0.0,606.7,0.05,-0.72,0.636,1.4679999999999997,-0.14000000000000012,0.29,5.7,7.4,87.76000000000002,1.0,0.0,665.8
seq_1721,VILIFVKKKAAKPLRQFYRNIYRHWRPKMW,0.06800000000000002,-0.8133333333333336,0.6059999999999998,1.099,0.033333333333333354,1.2056666666666664,4.983333333333333,7.623333333333334,86.1033333333333,12.0,0.0,4037.610000000001,0.292,-1.24,0.46799999999999997,0.976,1.06,1.386,3.3,6.82,75.66,1.0,0.0,606.7,0.068,-1.1800000000000002,0.7040000000000001,1.5479999999999996,-0.08000000000000011,1.302,6.0,7.040000000000001,96.28,2.0,0.0,731.8599999999999
seq_1261,VILIFVKKKAAKPMRQVYRNIYRHWRPKWK,0.04133333333333337,-0.8500000000000001,0.5979999999999998,1.131,-0.3366666666666667,1.485,5.133333333333334,7.793333333333334,88.0033333333333,14.0,0.0,4144.6900000000005,0.292,-1.24,0.46799999999999997,0.976,1.06,1.386,3.3,6.82,75.66,1.0,0.0,606.7,-0.11800000000000002,-0.9199999999999999,0.648,1.2959999999999998,-1.48,1.592,6.1,8.14,94.26000000000002,3.0,0.0,755.85
Sequence_160,KNWKKILKKIIKVVK,-0.12866666666666662,-0.76,0.58,0.8406666666666667,-1.7399999999999995,2.1826666666666665,5.133333333333334,8.886666666666668,89.75333333333333,12.0,1.0,2178.36,-0.45599999999999996,-0.15999999999999998,0.6960000000000001,0.5900000000000001,-2.96,2.6159999999999997,6.4,9.74,99.4,6.0,1.0,792.86,0.019999999999999997,-1.56,0.5599999999999999,1.2959999999999998,-1.7200000000000002,3.3519999999999994,5.3,8.12,98.17999999999999,4.0,0.0,793.87
seq_706,VILIFVKKKAAKPMRQVMRNIYRHWRPKWW,0.05500000000000004,-0.9200000000000002,0.6053333333333331,1.1763333333333332,-0.28666666666666674,1.6053333333333335,5.183333333333334,7.62,89.37666666666662,14.0,0.0,4184.740000000001,0.292,-1.24,0.46799999999999997,0.976,1.06,1.386,3.3,6.82,75.66,1.0,0.0,606.7,-0.03400000000000001,-1.2799999999999998,0.648,1.488,-1.1,2.314,6.3,7.3,99.12,3.0,0.0,781.8800000000001
Sequence_198,GAIKDALKGAAKTVAVELLKKAQCKLEKTC,-0.14033333333333334,-0.37333333333333335,0.6733333333333332,0.5666666666666667,-0.6966666666666667,1.047,4.9,8.8,84.68,27.0,0.0,4071.339999999999,-0.26399999999999996,-0.12000000000000002,0.532,0.09800000000000002,-1.7600000000000002,0.54,4.0,9.92,69.24,5.0,0.0,597.59,-0.466,0.6599999999999999,0.732,-0.04800000000000004,-1.48,0.78,5.3,9.540000000000001,88.52000000000001,7.0,0.0,712.75
seq_1309,VILIFVKKKAAKPYRQVLRHIYRHWRPKWW,0.07800000000000004,-0.91,0.5993333333333332,1.1566666666666667,-0.23666666666666666,1.5253333333333334,5.1,7.696666666666667,88.1333333333333,13.0,-2.0,4171.660000000001,0.292,-1.24,0.46799999999999997,0.976,1.06,1.386,3.3,6.82,75.66,1.0,0.0,606.7,-0.03400000000000001,-1.2799999999999998,0.648,1.488,-1.1,2.314,6.3,7.3,99.12,3.0,0.0,781.8800000000001
seq_362,VILIFVKKKAAKPLRQVLRNIYRHWRPKYR,0.08266666666666671,-0.8166666666666668,0.5986666666666665,1.1596666666666666,-0.06666666666666671,1.268,5.066666666666666,7.69,86.91999999999997,12.0,0.0,4054.640000000001,0.292,-1.24,0.46799999999999997,0.976,1.06,1.386,3.3,6.82,75.66,1.0,0.0,606.7,0.052000000000000005,-0.6599999999999999,0.592,1.388,-0.06000000000000005,0.29,5.6,7.6,84.38000000000002,1.0,0.0,651.78
Sequence_649,FAKKLAKLAKKALAL,0.14733333333333334,-0.8800000000000001,0.72,0.9686666666666668,0.8999999999999999,0.48333333333333334,4.5,7.920000000000001,79.92,5.0,0.0,1867.08,0.044,-0.86,0.712,0.8460000000000001,0.47999999999999987,0.58,4.6,7.92,81.34,2.0,0.0,651.7299999999999,0.312,-1.02,0.756,1.156,1.8799999999999997,0.29,4.4,7.4,80.22,1.0,0.0,595.68
Sequence_145,GFLDTFKNLALNAAKSAGVSVLNSLSCKLFKTC,-0.1696969696969697,-0.2606060606060606,0.6939393939393936,0.5184848484848484,-0.2636363636363636,1.1536363636363638,5.0,8.303030303030301,85.34242424242426,32.0,5.0,4405.94,-0.148,-0.5599999999999999,0.716,0.396,-0.13999999999999999,0.25,4.9,8.28,81.38,5.0,0.0,649.71,-0.314,-0.13999999999999996,0.704,0.26799999999999996,-0.2800000000000001,0.78,5.4,8.040000000000001,88.5,6.0,1.0,700.8
Sequence_237,GIPCGESCVFIPCITAAIGCSCKSKVCYRN,-0.4433333333333333,0.37333333333333324,0.5596666666666665,0.04066666666666663,-1.5099999999999996,1.296,4.833333333333333,8.986666666666668,82.01666666666665,41.0,6.0,4046.4400000000005,-0.5439999999999999,0.42000000000000004,0.5640000000000001,-0.028000000000000073,-2.0,0.99,5.2,9.24,84.49999999999999,8.0,1.0,690.78,-0.4040000000000001,0.22000000000000003,0.6359999999999999,0.526,-1.34,2.61,6.4,8.22,101.66000000000001,7.0,2.0,756.9100000000001
Sequence_598,FDIVKKVVGTIAGL,-0.03928571428571427,-1.0214285714285716,0.5914285714285714,0.822142857142857,-0.8785714285714283,1.8707142857142856,4.785714285714286,8.214285714285714,86.55714285714285,12.0,0.0,1958.13,-0.094,-0.9400000000000001,0.556,0.604,-1.1,1.6759999999999997,4.3,8.379999999999999,81.52000000000001,4.0,0.0,687.74,0.054000000000000006,-0.5,0.544,0.5740000000000001,0.34,0.25,3.9,8.280000000000001,70.36,3.0,0.0,560.5999999999999
seq_1590,VILIFVKKKAAKPYRKVLRNIYRHWRPRWK,0.02533333333333333,-0.7666666666666668,0.5879999999999997,1.0943333333333334,-0.46,1.485,5.1,7.8966666666666665,86.65999999999998,14.0,0.0,4094.6300000000006,0.292,-1.24,0.46799999999999997,0.976,1.06,1.386,3.3,6.82,75.66,1.0,0.0,606.7,-0.052000000000000005,-0.82,0.5800000000000001,1.408,-1.1600000000000001,1.302,6.0,7.659999999999999,90.6,2.0,0.0,715.82
seq_72,VILIFVKKKAAKPLRQVMRNIYRHWHPKWW,0.04333333333333334,-0.8200000000000002,0.6173333333333331,1.111,-0.3266666666666667,1.6476666666666668,5.166666666666667,7.773333333333334,89.74666666666663,15.0,-1.0,4216.740000000001,0.292,-1.24,0.46799999999999997,0.976,1.06,1.386,3.3,6.82,75.66,1.0,0.0,606.7,-0.144,-0.6799999999999999,0.7120000000000001,1.096,-1.48,2.568,6.2,8.16,101.34,4.0,-1.0,813.8800000000001
Sequence_522,KSCCRNTWARNCYNVCRLPGTISREICAKKCDCKIISGTTCPSDYPK,-0.44000000000000006,0.39361702127659576,0.5851063829787235,0.13638297872340424,-1.6,1.113829787234043,5.191489361702128,9.110638297872338,83.2531914893617,62.0,10.0,6331.959999999998,-0.85,1.16,0.5900000000000001,-0.4700000000000001,-2.92,1.27,5.9,9.72,87.72,10.0,2.0,723.78,-0.1,-0.5599999999999999,0.7060000000000001,0.79,-0.27999999999999997,0.29,5.0,8.559999999999999,81.05999999999999,4.0,0.0,658.73
seq_2,VILIFVKKKAAKPLRQVLRNIYRHWRPKWW,0.06833333333333337,-0.9200000000000002,0.6079999999999998,1.1763333333333332,-0.24000000000000005,1.6053333333333335,5.183333333333334,7.64,89.37666666666662,14.0,0.0,4184.740000000001,0.292,-1.24,0.46799999999999997,0.976,1.06,1.386,3.3,6.82,75.66,1.0,0.0,606.7,-0.03400000000000001,-1.2799999999999998,0.648,1.488,-1.1,2.314,6.3,7.3,99.12,3.0,0.0,781.8800000000001
seq_1293,VILIFVKKKAAKPYRKVYRNVYRHWRPKWW,0.029,-0.9466666666666668,0.6139999999999997,1.1810000000000003,-0.4766666666666668,1.884666666666667,5.35,7.74,90.81999999999996,16.0,0.0,4275.84,0.292,-1.24,0.46799999999999997,0.976,1.06,1.386,3.3,6.82,75.66,1.0,0.0,606.7,-0.03400000000000001,-1.2799999999999998,0.648,1.488,-1.1,2.314,6.3,7.3,99.12,3.0,0.0,781.8800000000001
Sequence_656,KSCCPSTTARNIYNTCRLTGASRSVCASLSGCKIISGSTCDSGWNH,-0.3967391304347826,0.3717391304347826,0.5776086956521739,0.10717391304347826,-1.402173913043478,1.0189130434782612,4.9021739130434785,9.093478260869563,79.32391304347826,59.0,8.0,5951.349999999999,-0.784,0.9,0.674,-0.23000000000000007,-2.2199999999999998,1.27,6.0,9.260000000000002,92.53999999999999,10.0,2.0,757.86,-0.53,0.8400000000000001,0.654,0.012000000000000033,-2.6,2.25,5.6,9.9,90.11999999999999,7.0,0.0,725.75
seq_1427,VMLIFVKKKAAKPYRQVLRNVYRHWRPKWY,0.0986666666666667,-1.0566666666666669,0.6573333333333332,1.309666666666667,0.05666666666666666,1.6676666666666669,5.483333333333333,7.3966666666666665,93.26999999999997,14.0,0.0,4291.95,0.366,-1.6,0.664,1.356,1.9,1.386,4.3,6.0,88.8,1.0,0.0,662.7999999999998,0.06999999999999999,-1.1199999999999999,0.6599999999999999,1.468,0.0,1.302,5.9,7.24,92.9,2.0,0.0,717.84
Sequence_248,FIGTALGIASAIPAIVKLFK,0.05950000000000002,-0.65,0.5315000000000001,0.6805000000000001,0.2849999999999999,0.6164999999999999,3.7,8.025,70.93,9.0,0.0,2341.56,-0.08399999999999999,-0.34,0.4640000000000001,0.27,-0.05999999999999992,0.25,3.4,8.34,63.620000000000005,3.0,0.0,550.58,0.06799999999999999,-1.44,0.748,1.232,-0.060000000000000143,1.9659999999999997,5.5,7.38,97.9,3.0,0.0,766.8799999999999
seq_439,VILIFVKKKAAKPYRQVYRHIYRKIRPKWW,0.08366666666666671,-0.94,0.5679999999999997,1.1366666666666667,-0.2066666666666667,1.3626666666666665,4.9,7.75,85.14666666666663,12.0,-1.0,4059.550000000001,0.292,-1.24,0.46799999999999997,0.976,1.06,1.386,3.3,6.82,75.66,1.0,0.0,606.7,-0.03400000000000001,-1.2799999999999998,0.648,1.488,-1.1,2.314,6.3,7.3,99.12,3.0,0.0,781.8800000000001
seq_781,VILIFVKKKAAKPYRQVMRNIYRHWRPKMR,0.06933333333333339,-0.8166666666666667,0.5959999999999999,1.1596666666666668,-0.11333333333333338,1.268,5.066666666666666,7.670000000000001,86.91999999999997,12.0,0.0,4054.6400000000012,0.292,-1.24,0.46799999999999997,0.976,1.06,1.386,3.3,6.82,75.66,1.0,0.0,606.7,0.05,-0.72,0.636,1.4679999999999997,-0.14000000000000012,0.29,5.7,7.4,87.76000000000002,1.0,0.0,665.8
seq_1181,VILIFVKKKAAKPLRQVYRNIYRHWRPRMW,0.09000000000000002,-0.8766666666666668,0.5973333333333332,1.1916666666666667,-0.02666666666666667,1.3883333333333332,5.1,7.540000000000001,87.72999999999996,12.0,0.0,4080.670000000001,0.292,-1.24,0.46799999999999997,0.976,1.06,1.386,3.3,6.82,75.66,1.0,0.0,606.7,0.134,-1.08,0.6359999999999999,1.6599999999999997,0.2399999999999999,1.012,5.9,6.5600000000000005,92.61999999999999,1.0,0.0,691.8299999999999
Sequence_518,GFGSKPLDSFGLNFF,-0.18999999999999997,-0.3333333333333333,0.7026666666666664,0.4366666666666666,-0.11999999999999993,0.5913333333333334,4.733333333333333,8.086666666666668,81.76666666666667,13.0,1.0,1978.2500000000005,-0.4,-0.16,0.642,0.118,-1.7,0.79,4.8,9.22,78.9,6.0,0.0,673.7,-0.196,-0.12000000000000002,0.7240000000000001,0.37399999999999994,0.42000000000000004,0.984,4.9,7.6,86.67999999999999,4.0,1.0,665.81
Sequence_270,GFCRCLCRRGVCRCICTR,-0.6205555555555556,0.6555555555555556,0.56,-0.09111111111111116,-2.0555555555555554,1.3405555555555555,5.861111111111111,8.761111111111113,89.73333333333332,30.0,6.0,2563.9,-0.8480000000000001,1.04,0.604,-0.5680000000000001,-2.32,1.23,5.9,9.0,89.96000000000001,10.0,2.0,730.8299999999999,-0.7220000000000001,1.1199999999999999,0.44400000000000006,-0.4960000000000001,-2.34,0.9800000000000001,5.2,9.32,79.85999999999999,9.0,2.0,657.7199999999999
seq_18,VMLIFVKKKAAKPLRQVLRNIYRHWRPKWW,0.08066666666666668,-0.9800000000000001,0.6406666666666665,1.239666666666667,-0.10000000000000005,1.6053333333333335,5.35,7.503333333333333,91.56666666666663,14.0,0.0,4240.840000000001,0.366,-1.6,0.664,1.356,1.9,1.386,4.3,6.0,88.8,1.0,0.0,662.7999999999998,-0.03400000000000001,-1.2799999999999998,0.648,1.488,-1.1,2.314,6.3,7.3,99.12,3.0,0.0,781.8800000000001
seq_1378,VILIFVKKKAAKPLRQVLRNIYRHWHPKWW,0.05000000000000002,-0.8200000000000002,0.6186666666666664,1.111,-0.3033333333333334,1.6476666666666668,5.166666666666667,7.783333333333333,89.74666666666663,15.0,-1.0,4216.740000000001,0.292,-1.24,0.46799999999999997,0.976,1.06,1.386,3.3,6.82,75.66,1.0,0.0,606.7,-0.144,-0.6799999999999999,0.7120000000000001,1.096,-1.48,2.568,6.2,8.16,101.34,4.0,-1.0,813.8800000000001
Sequence_531,ADTLACRQSHQSCSFVACRAPSVDIGTCRGGKLKCCKWAPSS,-0.29642857142857143,-0.054761904761904776,0.6190476190476188,0.3602380952380952,-1.004761904761905,1.0235714285714288,5.083333333333333,8.614285714285712,83.5690476190476,49.0,5.0,5697.15,0.08199999999999999,-0.6,0.6639999999999999,0.632,0.78,0.0,4.1,8.32,70.82000000000001,3.0,0.0,560.59,0.0020000000000000018,-0.7,0.6120000000000001,0.938,0.15999999999999998,1.012,4.3,7.68,75.25999999999999,3.0,0.0,629.6700000000001
Sequence_322,KFKKLAKKW,-0.10666666666666669,-0.8999999999999999,0.7066666666666667,0.8611111111111112,-0.9444444444444446,1.3677777777777775,5.333333333333333,8.555555555555557,88.73333333333333,6.0,0.0,1298.4,-0.08600000000000003,-0.86,0.748,0.8400000000000001,-0.5200000000000001,0.8699999999999999,5.3,8.38,89.2,3.0,0.0,717.8,0.03999999999999999,-1.1199999999999999,0.7280000000000001,1.09,-0.28000000000000014,1.5919999999999999,5.4,8.06,90.91999999999999,3.0,0.0,711.77
seq_1350,VMLIFVKKKAAKPLRQVLRNIYRHWRPKWY,0.09800000000000002,-0.9533333333333334,0.6426666666666666,1.2363333333333335,0.0833333333333333,1.4366666666666668,5.283333333333333,7.493333333333334,90.52999999999997,13.0,0.0,4176.800000000001,0.366,-1.6,0.664,1.356,1.9,1.386,4.3,6.0,88.8,1.0,0.0,662.7999999999998,0.06999999999999999,-1.1199999999999999,0.6599999999999999,1.468,0.0,1.302,5.9,7.24,92.9,2.0,0.0,717.84
seq_525,VILIFVKKKAAKPLRQVLRHIYRHWRPKMK,0.08733333333333335,-0.8433333333333335,0.6173333333333331,1.148,-0.12000000000000005,1.2363333333333335,5.033333333333333,7.7700000000000005,87.41333333333333,12.0,-2.0,4109.630000000001,0.292,-1.24,0.46799999999999997,0.976,1.06,1.386,3.3,6.82,75.66,1.0,0.0,606.7,-0.016000000000000004,-0.82,0.7040000000000001,1.3559999999999997,-0.46000000000000013,0.58,5.8,7.88,91.42,2.0,0.0,705.8299999999999
Sequence_428,FALALKALKKL,0.2281818181818182,-1.0181818181818183,0.7599999999999999,1.0827272727272728,1.4818181818181821,0.39545454545454545,4.590909090909091,7.436363636363637,82.7090909090909,3.0,0.0,1378.5800000000002,0.4,-1.1199999999999999,0.74,1.1039999999999999,3.0200000000000005,0.0,3.8,6.42,75.5,0.0,0.0,561.67,0.182,-1.02,0.792,1.15,0.8799999999999999,0.58,5.1,7.860000000000001,88.08,2.0,0.0,661.7499999999999
Sequence_449,FALALKLAKKL,0.2281818181818182,-1.018181818181818,0.7599999999999999,1.0827272727272728,1.4818181818181821,0.39545454545454545,4.590909090909091,7.436363636363637,82.7090909090909,3.0,0.0,1378.5800000000002,0.4,-1.1199999999999999,0.74,1.1039999999999999,3.0200000000000005,0.0,3.8,6.42,75.5,0.0,0.0,561.67,0.182,-1.02,0.792,1.15,0.8799999999999999,0.58,5.1,7.860000000000001,88.08,2.0,0.0,661.7499999999999
seq_268,VMLIFVKKKAAKPMRQFYRNIYRHWRPKWR,0.05366666666666668,-0.8133333333333334,0.6166666666666665,1.139,-0.029999999999999975,1.2056666666666664,5.15,7.58,87.34666666666662,12.0,0.0,4077.670000000001,0.366,-1.6,0.664,1.356,1.9,1.386,4.3,6.0,88.8,1.0,0.0,662.7999999999998,-0.052000000000000005,-0.82,0.58,1.408,-1.1600000000000001,1.302,6.0,7.659999999999999,90.6,2.0,0.0,715.82
seq_325,VILIFVKKKAAKPMRQVYRNIYRHWRPKWW,0.055333333333333366,-0.9100000000000001,0.5979999999999998,1.163,-0.2733333333333334,1.6053333333333335,5.166666666666667,7.653333333333333,88.81333333333329,14.0,0.0,4170.72,0.292,-1.24,0.46799999999999997,0.976,1.06,1.386,3.3,6.82,75.66,1.0,0.0,606.7,-0.03400000000000001,-1.2799999999999998,0.648,1.488,-1.1,2.314,6.3,7.3,99.12,3.0,0.0,781.8800000000001
seq_1694,VILIFVKKKAAKPLRKVLRNIYRHWRPKWK,0.02066666666666666,-0.7933333333333334,0.6079999999999998,1.089,-0.5033333333333334,1.5333333333333337,5.133333333333334,7.953333333333333,87.83333333333331,15.0,0.0,4148.680000000001,0.292,-1.24,0.46799999999999997,0.976,1.06,1.386,3.3,6.82,75.66,1.0,0.0,606.7,-0.11800000000000002,-0.9199999999999999,0.648,1.2959999999999998,-1.48,1.592,6.1,8.14,94.26000000000002,3.0,0.0,755.85
Sequence_236,FISAIASFLGKFL,0.06076923076923076,-0.5615384615384615,0.5676923076923076,0.5169230769230768,0.8461538461538461,0.2076923076923077,3.3846153846153846,7.723076923076923,67.54615384615384,5.0,0.0,1465.6000000000001,0.06999999999999999,-0.24,0.33399999999999996,0.21200000000000002,0.54,0.0,1.9,8.16,49.67999999999999,1.0,0.0,465.46999999999997,0.08199999999999999,-0.9800000000000001,0.8080000000000002,0.9199999999999999,0.96,0.54,5.2,7.360000000000001,90.78,3.0,0.0,684.8
Sequence_201,GSIPCGESCVFIPCISAIIGCSCSSKVCYKN,-0.4490322580645161,0.4193548387096775,0.5483870967741934,-0.03677419354838711,-1.5354838709677419,1.254193548387097,4.564516129032258,9.08064516129032,79.48709677419353,43.0,6.0,4113.4400000000005,-0.458,0.44000000000000006,0.534,0.01799999999999997,-1.4600000000000002,0.74,4.6,8.98,77.53999999999999,7.0,1.0,649.72,-0.47000000000000003,0.12000000000000002,0.704,0.41400000000000003,-1.6600000000000001,2.8999999999999995,6.5,8.7,105.32000000000001,8.0,2.0,796.94
seq_418,VILIFVKKKAAKPYRQVLRNIYRHWYPKWR,0.07933333333333338,-0.8833333333333333,0.601333333333333,1.1596666666666668,-0.0666666666666667,1.4366666666666668,5.1,7.653333333333334,87.77666666666663,13.0,0.0,4106.680000000001,0.292,-1.24,0.46799999999999997,0.976,1.06,1.386,3.3,6.82,75.66,1.0,0.0,606.7,0.07,-1.1199999999999999,0.66,1.4680000000000002,-1.3322676295501878e-16,1.302,5.9,7.24,92.9,2.0,0.0,717.84
seq_1575,VILIFVKKKAAKPYRKVLRHIYRHWRPKIK,0.034999999999999996,-0.7066666666666668,0.5759999999999998,1.016,-0.47000000000000014,1.2846666666666666,4.833333333333333,8.103333333333333,83.92666666666666,13.0,-2.0,4029.4800000000005,0.292,-1.24,0.46799999999999997,0.976,1.06,1.386,3.3,6.82,75.66,1.0,0.0,606.7,-0.09000000000000001,-0.45999999999999996,0.508,0.9759999999999998,-1.3,0.58,4.8,8.7,78.28000000000002,2.0,0.0,649.73
seq_546,VIIIFVKKKAAKPLRQVLRNIYRHWRPKWY,0.06666666666666668,-0.8333333333333335,0.5759999999999998,1.1096666666666666,-0.22000000000000003,1.4366666666666668,4.95,7.756666666666666,86.14999999999996,13.0,0.0,4064.6000000000013,0.17800000000000002,-0.8800000000000001,0.26399999999999996,0.596,0.07999999999999999,1.386,2.3,7.58,62.52,1.0,0.0,550.6,0.06999999999999999,-1.1199999999999999,0.6599999999999999,1.468,0.0,1.302,5.9,7.24,92.9,2.0,0.0,717.84
Sequence_138,GIGTKILGGVKTALKGALKELASTYAN,-0.09333333333333335,-0.37037037037037046,0.6403703703703703,0.5792592592592593,-0.47777777777777763,0.8388888888888888,4.685185185185185,8.737037037037036,80.35555555555555,22.0,0.0,3445.7000000000007,-0.36,-0.1,0.512,0.144,-2.2600000000000002,0.79,4.7,9.8,75.75999999999999,6.0,0.0,641.65,-0.15,0.18,0.5980000000000001,0.42600000000000005,0.12000000000000002,0.734,4.5,8.62,73.78,4.0,1.0,576.6400000000001
Sequence_374,TTGGTCCTTCAAGAGCTG,-0.6011111111111109,0.5055555555555555,0.5933333333333333,-0.24277777777777787,-1.9055555555555554,0.8916666666666667,5.416666666666667,9.466666666666665,81.66111111111111,32.0,4.0,2409.5399999999995,-0.38399999999999995,-0.16,0.5720000000000001,0.22400000000000003,-1.8199999999999998,0.5,5.4,9.360000000000001,78.6,7.0,0.0,649.66,-0.6140000000000001,0.5000000000000001,0.6120000000000001,-0.26999999999999996,-2.08,0.99,5.4,9.64,82.46000000000001,9.0,1.0,674.7099999999999
seq_789,VILIFVKKKAAKPYRQFMRNIYRNWRPKWK,0.014333333333333361,-0.77,0.595333333333333,1.0633333333333335,-0.2366666666666667,1.3340000000000003,5.066666666666666,7.763333333333334,86.44666666666664,14.0,2.0,4060.6600000000008,0.292,-1.24,0.46799999999999997,0.976,1.06,1.386,3.3,6.82,75.66,1.0,0.0,606.7,-0.11800000000000002,-0.9199999999999999,0.648,1.2959999999999998,-1.48,1.592,6.1,8.14,94.26000000000002,3.0,0.0,755.85
Sequence_7,EADEPLWLYKGDNIERAPTTADHPILPSIIDDVKLDPNRRYA,-0.0907142857142857,-0.1547619047619047,0.6321428571428572,0.6211904761904762,-0.4857142857142856,0.5892857142857143,4.571428571428571,8.72142857142857,79.04285714285713,29.0,-2.0,5323.820000000001,-0.31399999999999995,0.8800000000000001,0.716,0.013999999999999967,-1.3599999999999999,0.0,3.7,10.280000000000001,72.56,4.0,-2.0,636.62,-0.09000000000000004,0.2,0.536,0.8,-0.2199999999999999,0.734,5.1,8.260000000000002,78.0,2.0,1.0,582.69
Sequence_288,FAKKLAKKLAKAL,0.09461538461538462,-0.8384615384615385,0.7123076923076923,0.92,0.5538461538461538,0.5576923076923077,4.576923076923077,8.115384615384615,80.32307692307693,5.0,0.0,1646.82,0.044,-0.86,0.712,0.8460000000000001,0.47999999999999987,0.58,4.6,7.92,81.34,2.0,0.0,651.7299999999999,0.312,-1.02,0.756,1.156,1.8799999999999997,0.29,4.4,7.400000000000001,80.22,1.0,0.0,595.68
seq_877,VMLIFVKKKAAKPYRKVLRNVYRHWRPKMR,0.06166666666666668,-0.9233333333333335,0.6533333333333331,1.2543333333333335,-0.16666666666666666,1.5473333333333334,5.433333333333334,7.596666666666667,91.67999999999998,14.0,0.0,4229.880000000001,0.366,-1.6,0.664,1.356,1.9,1.386,4.3,6.0,88.8,1.0,0.0,662.7999999999998,0.05,-0.72,0.636,1.4679999999999997,-0.14000000000000012,0.29,5.7,7.4,87.76000000000002,1.0,0.0,665.8
Sequence_356,KWKLFKKIGPGKFLHSAKKF,-0.1395,-0.525,0.6684999999999998,0.6450000000000001,-0.76,0.9489999999999998,4.9,8.56,83.70000000000002,14.0,-1.0,2750.9900000000002,-0.0020000000000000087,-1.22,0.748,1.032,-0.14000000000000004,1.592,5.5,7.540000000000001,94.06,3.0,0.0,743.8299999999999,-0.154,-0.44000000000000006,0.6140000000000001,0.46799999999999997,-0.5800000000000001,0.58,4.1,8.719999999999999,71.92,3.0,0.0,625.65
Sequence_289,GIGDPVTCLKSGAICHPVFCPRRYKQIGTCGLPGTK,-0.2616666666666666,-0.19722222222222222,0.6180555555555554,0.5072222222222221,-1.0222222222222224,1.0216666666666667,5.291666666666667,8.52222222222222,86.68888888888885,40.0,3.0,4996.59,-0.31999999999999995,-0.13999999999999999,0.5800000000000001,0.27199999999999996,-1.8,0.5,4.7,9.46,77.82,6.0,0.0,648.7,-0.055999999999999994,-0.76,0.736,1.0479999999999998,-0.2,0.54,5.7,8.08,90.5,4.0,0.0,700.81
seq_594,VILIFVKKKAAKPLRQVLRNIYRQWRPKMK,0.11233333333333335,-1.0266666666666668,0.6179999999999998,1.2563333333333335,0.0766666666666666,1.2740000000000002,5.15,7.5,89.06666666666665,12.0,1.0,4126.750000000001,0.292,-1.24,0.46799999999999997,0.976,1.06,1.386,3.3,6.82,75.66,1.0,0.0,606.7,-0.016000000000000004,-0.82,0.7040000000000001,1.3559999999999997,-0.46000000000000013,0.58,5.8,7.88,91.42,2.0,0.0,705.8299999999999
seq_1239,VMLIFVKKKAAKPLRQVLRNIYRKICPKWW,0.036333333333333356,-0.92,0.6286666666666664,1.123,-0.1566666666666667,1.5243333333333335,5.233333333333333,7.616666666666666,90.32666666666665,17.0,2.0,4201.820000000001,0.366,-1.6,0.664,1.356,1.9,1.386,4.3,6.0,88.8,1.0,0.0,662.7999999999998,-0.372,-0.6799999999999999,0.7120000000000001,0.8280000000000001,-1.6800000000000002,2.804,6.7,7.800000000000002,106.22,7.0,1.0,840.95
Sequence_451,GFLDIIKDTGKEFAVKILNNLKCKLAGGCPP,-0.25129032258064515,-0.09354838709677413,0.6561290322580644,0.39354838709677414,-0.9580645161290321,1.013548387096774,4.967741935483871,8.845161290322581,84.74838709677415,32.0,3.0,4190.67,-0.07999999999999999,-0.48,0.616,0.292,-0.08,0.25,4.0,8.36,74.4,4.0,0.0,605.6600000000001,-0.524,0.15999999999999992,0.7200000000000001,0.45199999999999996,-1.5399999999999998,0.99,6.3,8.580000000000002,96.78,8.0,1.0,764.9200000000001
seq_1520,VMLIFVKKKAAKPLRQVLRNIYRHIRPKWK,0.07133333333333337,-0.8433333333333334,0.6173333333333331,1.1543333333333332,-0.1333333333333334,1.3163333333333334,5.1,7.736666666666667,88.09333333333332,13.0,0.0,4108.690000000001,0.366,-1.6,0.664,1.356,1.9,1.386,4.3,6.0,88.8,1.0,0.0,662.7999999999998,-0.11800000000000002,-0.9199999999999999,0.648,1.2959999999999998,-1.48,1.592,6.1,8.14,94.26000000000002,3.0,0.0,755.85
seq_1546,VILIFVKKKAAKPLRQVLRNIYRHIRPKMW,0.09000000000000002,-0.8266666666666668,0.5939999999999998,1.133,-0.04000000000000004,1.268,4.916666666666667,7.69,86.23999999999998,12.0,0.0,4028.600000000001,0.292,-1.24,0.46799999999999997,0.976,1.06,1.386,3.3,6.82,75.66,1.0,0.0,606.7,0.068,-1.1800000000000002,0.7040000000000001,1.5479999999999996,-0.08000000000000011,1.302,6.0,7.040000000000001,96.28,2.0,0.0,731.8599999999999
Sequence_604,ATRSYGNGVYCNNSKCWVNWGEAKENIAGIVISGWASGLAGMGH,-0.30568181818181817,0.11818181818181817,0.6159090909090907,0.314090909090909,-1.3863636363636365,1.6679545454545455,4.988636363636363,9.049999999999999,84.81590909090907,50.0,4.0,5950.399999999999,0.05600000000000001,-0.42000000000000004,0.534,0.7799999999999999,0.5800000000000001,0.0,4.2,7.959999999999999,67.47999999999999,2.0,0.0,545.58,-0.24399999999999994,0.21999999999999997,0.7080000000000001,0.27399999999999997,-0.9800000000000001,0.754,5.0,9.26,83.74,5.0,-1.0,659.6899999999999
Sequence_623,ALFSILRGLKKLGNMGQAFVNCKIYKKC,-0.15178571428571427,-0.32142857142857145,0.6660714285714284,0.5860714285714287,-0.35714285714285715,1.0775,5.125,8.275000000000002,87.29642857142856,25.0,4.0,3788.2999999999997,0.184,-0.6,0.538,0.5919999999999999,1.52,0.0,2.9,7.4,62.81999999999999,1.0,0.0,521.5699999999999,-0.372,0.1,0.5680000000000001,0.13600000000000004,-1.42,1.0699999999999998,5.0,9.24,82.86000000000001,6.0,1.0,676.74
Sequence_93,PNEVNRLAHLRLH,-0.09461538461538462,0.33846153846153854,0.7123076923076923,0.7623076923076924,-0.4000000000000001,1.293076923076923,5.346153846153846,8.538461538461538,91.30000000000003,8.0,-1.0,1786.0500000000002,-0.458,0.8600000000000001,0.72,0.5320000000000001,-2.06,2.854,5.9,9.34,102.34,6.0,1.0,778.9300000000001,0.030000000000000006,0.48,0.752,0.6960000000000001,0.07999999999999999,0.508,5.3,8.6,89.39999999999999,2.0,-2.0,671.7299999999999
Sequence_227,MPRWRLFRRIDRVGKQIKQGILRAGPAIALVGDARAVG,0.03947368421052631,-0.8,0.5752631578947366,0.987105263157895,-0.2500000000000001,0.9210526315789473,4.815789473684211,7.873684210526315,82.34210526315788,20.0,0.0,4925.490000000001,0.13399999999999998,-1.08,0.636,1.6599999999999997,0.23999999999999994,1.012,5.9,6.56,92.61999999999998,1.0,0.0,691.83,0.02200000000000002,-0.8400000000000001,0.5559999999999999,0.9840000000000002,-0.48,1.636,4.7,8.02,80.78,3.0,0.0,643.7
seq_1577,VMLIFVKKKAAKPLRQVLRNVYRHWRPKWR,0.08466666666666668,-1.0166666666666666,0.6526666666666665,1.3130000000000002,-0.1266666666666667,1.6676666666666669,5.516666666666667,7.443333333333333,93.44999999999997,14.0,0.0,4303.950000000001,0.366,-1.6,0.664,1.356,1.9,1.386,4.3,6.0,88.8,1.0,0.0,662.7999999999998,-0.052000000000000005,-0.82,0.58,1.408,-1.1600000000000001,1.302,6.0,7.659999999999999,90.6,2.0,0.0,715.82
Sequence_20,GMWSKILGHLIK,-0.060833333333333316,-0.4166666666666666,0.6408333333333334,0.6158333333333333,-0.5833333333333334,0.9774999999999999,4.708333333333333,8.566666666666668,83.13333333333334,9.0,-1.0,1579.6799999999998,-0.15999999999999998,-0.82,0.7180000000000002,0.786,-1.0,1.552,5.5,8.24,90.93999999999998,5.0,0.0,718.76,-0.164,0.18000000000000002,0.616,0.312,-1.22,0.7939999999999999,4.6,9.48,80.92,4.0,-1.0,654.68
Sequence_612,FFPMLAGVAARVVPKVICLITKKC,-0.02166666666666664,-0.8666666666666666,0.6324999999999997,0.9537499999999999,-0.07500000000000002,1.5925000000000002,5.020833333333333,7.537500000000001,89.10000000000002,18.0,2.0,3362.879999999999,0.32,-1.38,0.8039999999999999,1.3920000000000001,3.04,0.0,4.6,5.36,87.66,0.0,0.0,653.8499999999999,-0.516,0.32,0.516,-0.05999999999999996,-2.4,1.0699999999999998,5.0,9.78,80.08,7.0,1.0,678.71
seq_1542,VILIFVKKKAAKPLRQVLRNIYRHIRPKWK,0.05900000000000003,-0.7833333333333334,0.5846666666666664,1.091,-0.2733333333333334,1.3163333333333334,4.933333333333334,7.873333333333334,85.90333333333332,13.0,0.0,4052.5900000000006,0.292,-1.24,0.46799999999999997,0.976,1.06,1.386,3.3,6.82,75.66,1.0,0.0,606.7,-0.11800000000000002,-0.9199999999999999,0.648,1.2959999999999998,-1.48,1.592,6.1,8.14,94.26000000000002,3.0,0.0,755.85
Sequence_16,KRFKQDGGWSHWSPWSSC,-0.2966666666666667,-0.2722222222222222,0.642222222222222,0.4722222222222222,-1.4666666666666672,1.3499999999999999,5.305555555555555,8.666666666666666,86.35555555555558,20.0,0.0,2570.68,-0.04400000000000002,-0.9,0.616,1.032,-0.5400000000000003,0.58,5.4,7.9,87.92,2.0,0.0,711.79,-0.4,0.0,0.644,0.3839999999999999,-1.1,1.502,5.3,8.16,86.55999999999999,7.0,1.0,714.78
seq_1547,VILIFVKKKAAKPLRQVLRNIYRHWRPKMW,0.08533333333333336,-0.9033333333333335,0.6173333333333331,1.1863333333333332,-0.07000000000000005,1.4366666666666668,5.133333333333334,7.596666666666667,88.9033333333333,13.0,0.0,4134.72,0.292,-1.24,0.46799999999999997,0.976,1.06,1.386,3.3,6.82,75.66,1.0,0.0,606.7,0.068,-1.1800000000000002,0.7040000000000001,1.5479999999999996,-0.08000000000000011,1.302,6.0,7.040000000000001,96.28,2.0,0.0,731.8599999999999
Sequence_482,GIKCRFCCGCCTPGICGVCCRF,-0.7513636363636365,0.7818181818181816,0.5818181818181817,-0.38000000000000006,-2.3590909090909093,1.499090909090909,5.7272727272727275,9.14090909090909,90.19090909090909,43.0,8.0,3228.6300000000006,-0.5519999999999999,0.54,0.484,-0.09600000000000004,-2.6399999999999997,1.03,5.1,9.68,80.12,7.0,1.0,665.7099999999999,-0.636,0.32,0.608,-0.004000000000000026,-1.8,2.3659999999999997,6.1,7.9799999999999995,99.10000000000001,9.0,2.0,788.92
Sequence_234,KWKLFKKIPKFLHLAK,-0.0037500000000000033,-0.7187500000000001,0.6987499999999999,0.8881250000000002,-0.13750000000000007,0.9393749999999998,4.96875,8.14375,86.34375,8.0,-1.0,2208.46,-0.0020000000000000087,-1.22,0.748,1.032,-0.14000000000000004,1.592,5.5,7.540000000000001,94.06,3.0,0.0,743.8299999999999,0.13799999999999996,-0.32,0.788,0.8699999999999999,0.82,0.5439999999999999,4.9,8.239999999999998,86.64000000000001,2.0,-1.0,653.7199999999999
seq_1116,VILIFVKKKAAKPLRQVLRNIYRNWRPKMW,0.06933333333333334,-0.9033333333333335,0.6173333333333331,1.1926666666666668,-0.08333333333333336,1.5166666666666668,5.2,7.5633333333333335,89.5833333333333,14.0,2.0,4133.780000000001,0.292,-1.24,0.46799999999999997,0.976,1.06,1.386,3.3,6.82,75.66,1.0,0.0,606.7,0.068,-1.1800000000000002,0.7040000000000001,1.5479999999999996,-0.08000000000000011,1.302,6.0,7.040000000000001,96.28,2.0,0.0,731.8599999999999
Sequence_134,CAHNLTHAC,-0.5344444444444445,1.3111111111111111,0.6622222222222222,-0.28111111111111114,-1.3888888888888888,1.2344444444444445,5.277777777777778,9.655555555555557,85.67777777777779,13.0,1.0,1217.32,-0.5,1.34,0.7160000000000001,-0.17200000000000007,-1.1199999999999999,1.4780000000000002,5.5,9.48,90.7,7.0,1.0,687.7799999999999,-0.316,0.6599999999999999,0.68,0.046,-0.4800000000000001,0.744,5.1,8.940000000000001,83.92,6.0,0.0,660.71
seq_905,VILIFVKKKAAKPYRQFYRNIYRHWRPKWR,0.04166666666666669,-0.7433333333333334,0.5766666666666664,1.0623333333333334,-0.15666666666666668,1.2056666666666664,4.966666666666667,7.75,84.59333333333329,12.0,0.0,4007.550000000001,0.292,-1.24,0.46799999999999997,0.976,1.06,1.386,3.3,6.82,75.66,1.0,0.0,606.7,-0.052000000000000005,-0.82,0.58,1.408,-1.1600000000000001,1.302,6.0,7.659999999999999,90.6,2.0,0.0,715.82
seq_1289,VILIFVKKKAAKPYRKVLRNIYRKWRPKYK,0.039000000000000014,-0.8733333333333334,0.6019999999999999,1.1190000000000002,-0.32000000000000006,1.370666666666667,5.083333333333333,7.903333333333334,86.47333333333331,14.0,1.0,4078.65,0.292,-1.24,0.46799999999999997,0.976,1.06,1.386,3.3,6.82,75.66,1.0,0.0,606.7,-0.014000000000000002,-0.76,0.6599999999999999,1.2759999999999998,-0.38000000000000006,0.58,5.7,8.08,88.04,2.0,0.0,691.81
Sequence_155,GFRDVLKGAAKAFVKTVAGHIANI,-0.09958333333333332,-0.4833333333333334,0.5866666666666666,0.6191666666666666,-0.7624999999999998,1.4095833333333332,4.5625,8.558333333333334,80.64583333333334,18.0,0.0,3145.4000000000005,-0.19799999999999998,-0.8,0.624,0.6719999999999999,-1.4,1.636,5.3,8.2,88.54,5.0,0.0,718.79,-0.23000000000000004,1.1,0.37600000000000006,-0.13199999999999998,-1.28,0.9879999999999999,3.1,9.940000000000001,63.0,3.0,0.0,532.55
seq_711,VMLIFVKKKAAKPLRQVYRNIYRHWRPKIQ,0.0986666666666667,-0.9,0.6086666666666665,1.1963333333333332,0.0566666666666666,1.268,5.1,7.586666666666667,88.26333333333332,12.0,0.0,4104.700000000001,0.366,-1.6,0.664,1.356,1.9,1.386,4.3,6.0,88.8,1.0,0.0,662.7999999999998,0.11199999999999999,-0.86,0.508,1.3079999999999998,-0.10000000000000009,0.29,4.9,7.660000000000001,82.68000000000002,1.0,0.0,659.76
Sequence_648,KWKKLAKKW,-0.10888888888888891,-1.0444444444444443,0.7155555555555556,0.9966666666666666,-1.3666666666666667,1.9299999999999997,5.777777777777778,8.633333333333333,94.05555555555556,7.0,0.0,1358.44,-0.09000000000000004,-1.1199999999999999,0.764,1.084,-1.28,1.8820000000000001,6.1,8.52,98.78,4.0,0.0,777.8399999999999,0.03999999999999999,-1.1199999999999999,0.7280000000000001,1.09,-0.28000000000000014,1.5919999999999999,5.4,8.06,90.91999999999999,3.0,0.0,711.77
seq_1343,VMLIFVKKKAAKPYRKVYRNIYRHWRPKWR,0.03133333333333333,-0.8166666666666668,0.6119999999999998,1.1443333333333334,-0.33000000000000007,1.485,5.25,7.783333333333333,88.28666666666663,14.0,0.0,4136.710000000001,0.366,-1.6,0.664,1.356,1.9,1.386,4.3,6.0,88.8,1.0,0.0,662.7999999999998,-0.052000000000000005,-0.82,0.58,1.408,-1.1600000000000001,1.302,6.0,7.659999999999999,90.6,2.0,0.0,715.82
seq_1265,VMLIFVKKKAAKPYRKFYRNIYRHWRPKMR,0.03733333333333333,-0.7200000000000002,0.6186666666666665,1.0803333333333331,-0.04666666666666671,1.0853333333333333,5.066666666666666,7.743333333333334,85.57666666666664,12.0,0.0,4003.600000000001,0.366,-1.6,0.664,1.356,1.9,1.386,4.3,6.0,88.8,1.0,0.0,662.7999999999998,0.05,-0.72,0.636,1.4679999999999997,-0.14000000000000012,0.29,5.7,7.4,87.76000000000002,1.0,0.0,665.8
seq_332,VMLIFVKKKAAKPYRQVLRNIYRHWRPKMK,0.07733333333333335,-0.8933333333333334,0.6413333333333332,1.2043333333333335,-0.0033333333333334103,1.3163333333333334,5.25,7.623333333333334,89.71999999999998,13.0,0.0,4150.77,0.366,-1.6,0.664,1.356,1.9,1.386,4.3,6.0,88.8,1.0,0.0,662.7999999999998,-0.016000000000000004,-0.82,0.7040000000000001,1.3559999999999997,-0.46000000000000013,0.58,5.8,7.88,91.42,2.0,0.0,705.8299999999999
seq_602,VMLIFVKKKAAKPLRKVLRNIYRNWCPKWQ,-0.0056666666666666645,-0.8200000000000001,0.6513333333333332,1.1039999999999999,-0.27333333333333343,1.646666666666667,5.45,7.6933333333333325,92.61999999999998,19.0,3.0,4272.94,0.366,-1.6,0.664,1.356,1.9,1.386,4.3,6.0,88.8,1.0,0.0,662.7999999999998,-0.254,-0.72,0.7120000000000001,0.968,-0.8600000000000001,1.7920000000000003,6.6,7.600000000000001,105.76000000000002,6.0,1.0,824.95
seq_634,VILIFVKKKAAKPLRQVMRNIFRHWRPKMW,0.06200000000000002,-0.8866666666666668,0.6113333333333331,1.149,-0.15000000000000005,1.4366666666666668,5.066666666666666,7.573333333333334,88.3433333333333,13.0,0.0,4138.72,0.292,-1.24,0.46799999999999997,0.976,1.06,1.386,3.3,6.82,75.66,1.0,0.0,606.7,0.068,-1.1800000000000002,0.7040000000000001,1.5479999999999996,-0.08000000000000011,1.302,6.0,7.040000000000001,96.28,2.0,0.0,731.8599999999999
seq_1609,VILIFVKKKAAKPYRKVLRNIYRHWRPRMY,0.07366666666666667,-0.7833333333333334,0.5993333333333333,1.133,-0.043333333333333356,1.268,5.016666666666667,7.703333333333334,85.95999999999998,12.0,0.0,4006.600000000001,0.292,-1.24,0.46799999999999997,0.976,1.06,1.386,3.3,6.82,75.66,1.0,0.0,606.7,0.238,-0.9199999999999999,0.648,1.64,1.3399999999999999,0.0,5.5,6.5,86.4,0.0,0.0,627.79
seq_1237,VMLIFVKKKAAKPLRQFLRNIYRHWRPKWW,0.06966666666666668,-0.9000000000000001,0.6379999999999998,1.1656666666666666,0.01333333333333336,1.3743333333333332,5.216666666666667,7.506666666666666,89.32999999999996,13.0,0.0,4157.750000000001,0.366,-1.6,0.664,1.356,1.9,1.386,4.3,6.0,88.8,1.0,0.0,662.7999999999998,-0.03400000000000001,-1.2799999999999998,0.648,1.488,-1.1,2.314,6.3,7.3,99.12,3.0,0.0,781.8800000000001
seq_816,VMLIFVKKKAAKPLRQVLRNIYRHIRPKMW,0.10233333333333336,-0.8866666666666667,0.6266666666666665,1.196333333333333,0.09999999999999996,1.268,5.083333333333333,7.553333333333334,88.42999999999999,12.0,0.0,4084.700000000001,0.366,-1.6,0.664,1.356,1.9,1.386,4.3,6.0,88.8,1.0,0.0,662.7999999999998,0.068,-1.1800000000000002,0.7040000000000001,1.5479999999999996,-0.08000000000000011,1.302,6.0,7.040000000000001,96.28,2.0,0.0,731.8599999999999
Sequence_113,FFGSVLKVAAKVLPAALCQIFKKC,-0.02583333333333333,-0.8291666666666667,0.6645833333333331,0.8404166666666667,0.15416666666666665,1.3641666666666665,4.895833333333333,7.620833333333334,87.74166666666667,18.0,2.0,3335.79,-0.1,-0.9800000000000001,0.6300000000000001,0.6300000000000001,-0.040000000000000015,1.636,4.4,7.220000000000001,83.32000000000001,4.0,0.0,697.7800000000001,-0.4720000000000001,0.2,0.5399999999999999,-0.088,-1.7600000000000002,1.0699999999999998,4.6,9.16,79.5,6.0,1.0,680.74
seq_998,VILIFVKKKAAKPLRQVLRNIYRNWRPKMR,0.06633333333333334,-0.8266666666666668,0.6059999999999998,1.1793333333333333,-0.09333333333333337,1.348,5.15,7.623333333333334,88.16333333333331,13.0,2.0,4067.7200000000007,0.292,-1.24,0.46799999999999997,0.976,1.06,1.386,3.3,6.82,75.66,1.0,0.0,606.7,0.05,-0.72,0.636,1.4679999999999997,-0.14000000000000012,0.29,5.7,7.4,87.76000000000002,1.0,0.0,665.8
Sequence_380,IFLLWQR,0.31714285714285717,-1.3428571428571427,0.6314285714285716,1.3257142857142854,1.5714285714285712,0.7228571428571428,4.785714285714286,6.328571428571428,87.47142857142858,1.0,0.0,920.07,0.33599999999999997,-1.38,0.672,1.156,1.9599999999999997,1.012,4.3,6.22,84.96000000000001,1.0,0.0,639.75,0.404,-1.6800000000000002,0.76,1.78,1.78,1.012,6.0,5.96,101.54,1.0,0.0,723.85
Sequence_211,KIAKVALAKLGIGAVLKVLTTGL,0.0891304347826087,-1.0173913043478262,0.6573913043478259,0.9965217391304347,0.06521739130434781,1.3191304347826087,4.8478260869565215,7.952173913043477,86.01304347826088,15.0,0.0,3072.4,-0.0040000000000000036,-0.9800000000000001,0.524,0.9100000000000001,-1.1800000000000002,1.966,4.4,8.66,81.62,3.0,0.0,678.72,0.08200000000000002,-0.8400000000000001,0.744,0.9239999999999998,0.82,0.25,5.4,7.62,87.22,4.0,0.0,646.7299999999999
seq_1392,VMLIFVKKKAAKPLRQVYRNIYRHWRPRWR,0.08233333333333337,-0.8766666666666667,0.6093333333333332,1.231666666666667,-0.06666666666666672,1.3883333333333332,5.266666666666667,7.506666666666666,88.9733333333333,12.0,0.0,4120.730000000001,0.366,-1.6,0.664,1.356,1.9,1.386,4.3,6.0,88.8,1.0,0.0,662.7999999999998,0.013999999999999995,-0.72,0.512,1.52,-0.8400000000000002,1.012,5.9,7.18,86.94000000000001,1.0,0.0,675.7900000000001
seq_1048,VILIFVKKKAAKPLRQVLRNIYRHWRDKWK,0.02433333333333336,-0.8100000000000002,0.6073333333333331,1.0443333333333333,-0.48333333333333334,1.485,5.116666666666666,7.9766666666666675,87.8333333333333,16.0,0.0,4141.620000000001,0.292,-1.24,0.46799999999999997,0.976,1.06,1.386,3.3,6.82,75.66,1.0,0.0,606.7,-0.29799999999999993,-0.6199999999999999,0.6439999999999999,0.696,-2.56,1.592,5.9,9.32,89.86000000000001,5.0,0.0,738.7599999999999
seq_624,VILIFVKKKAAKPMRQFIRNIYRHWRPKWK,0.01766666666666668,-0.7200000000000002,0.5699999999999998,1.0070000000000001,-0.3766666666666668,1.254,4.85,7.900000000000001,84.13999999999997,13.0,0.0,4019.520000000001,0.292,-1.24,0.46799999999999997,0.976,1.06,1.386,3.3,6.82,75.66,1.0,0.0,606.7,-0.11800000000000002,-0.9199999999999999,0.648,1.2959999999999998,-1.48,1.592,6.1,8.14,94.26000000000002,3.0,0.0,755.85
seq_1247,VILIFVKKKAAKPLRQVYRNVYRHWRPKWK,0.05500000000000003,-0.9633333333333334,0.6226666666666664,1.217666666666667,-0.33,1.7160000000000004,5.35,7.6833333333333345,91.30666666666664,15.0,0.0,4273.86,0.292,-1.24,0.46799999999999997,0.976,1.06,1.386,3.3,6.82,75.66,1.0,0.0,606.7,-0.11800000000000002,-0.9199999999999999,0.648,1.2959999999999998,-1.48,1.592,6.1,8.14,94.26000000000002,3.0,0.0,755.85
seq_01,VILIFVKKKAAKPMRQVLRNIYRHWRPKWW,0.061666666666666696,-0.9200000000000002,0.6066666666666664,1.1763333333333332,-0.26333333333333336,1.6053333333333335,5.183333333333334,7.63,89.37666666666662,14.0,0.0,4184.740000000001,0.292,-1.24,0.46799999999999997,0.976,1.06,1.386,3.3,6.82,75.66,1.0,0.0,606.7,-0.03400000000000001,-1.2799999999999998,0.648,1.488,-1.1,2.314,6.3,7.3,99.12,3.0,0.0,781.8800000000001
Sequence_346,KWKLFKKIPKFLHLAKKF,-0.023333333333333338,-0.7222222222222223,0.6944444444444442,0.8461111111111114,-0.16111111111111118,0.9155555555555553,4.916666666666667,8.122222222222224,85.65,9.0,-1.0,2484.77,-0.0020000000000000087,-1.22,0.748,1.032,-0.14000000000000004,1.592,5.5,7.540000000000001,94.06,3.0,0.0,743.8299999999999,0.04399999999999999,-0.86,0.7120000000000001,0.8460000000000001,0.47999999999999987,0.58,4.6,7.92,81.34,2.0,0.0,651.7299999999999
seq_65,VILIFVKKKAAKPMRQFLRNIYRHIKPKWK,0.030333333333333334,-0.7200000000000002,0.5919999999999999,0.9983333333333333,-0.23666666666666672,1.1336666666666666,4.816666666666666,7.946666666666668,84.27666666666664,13.0,0.0,4009.5300000000007,0.292,-1.24,0.46799999999999997,0.976,1.06,1.386,3.3,6.82,75.66,1.0,0.0,606.7,-0.184,-1.02,0.716,1.184,-1.8,1.8819999999999997,6.2,8.620000000000001,97.92,4.0,0.0,795.88
Sequence_627,FLSLIPSLVGGSISAFK,0.03823529411764706,-0.6764705882352942,0.6164705882352939,0.7276470588235293,0.41764705882352926,0.6399999999999999,4.0588235294117645,7.764705882352941,75.98823529411766,10.0,0.0,2096.31,0.27999999999999997,-0.86,0.638,0.8379999999999999,2.0599999999999996,0.0,3.5,6.8199999999999985,72.70000000000002,1.0,0.0,563.6499999999999,-0.042,-0.33999999999999997,0.47400000000000003,0.34,-0.020000000000000108,0.29,3.0,8.44,60.8,2.0,0.0,545.56
Sequence_442,RKKRRQRRR,-0.06777777777777781,-0.3888888888888889,0.47333333333333333,1.1977777777777776,-1.4666666666666663,0.3222222222222222,5.722222222222222,8.222222222222221,82.14444444444445,2.0,0.0,1166.29,-0.20200000000000004,-0.2,0.496,0.976,-2.2399999999999998,0.58,5.7,8.959999999999999,80.92,2.0,0.0,655.7099999999999,0.066,-0.5,0.42799999999999994,1.4200000000000002,-0.7200000000000001,0.0,5.7,7.44,81.66000000000001,0.0,0.0,625.71
Sequence_637,FAKLLFKALKKAL,0.16538461538461538,-0.976923076923077,0.7446153846153846,0.9946153846153847,1.2000000000000002,0.4461538461538461,4.576923076923077,7.515384615384615,82.3076923076923,4.0,0.0,1654.89,0.26999999999999996,-1.1199999999999999,0.776,1.098,2.02,0.29,4.5,6.88,83.36,1.0,0.0,627.7399999999999,0.182,-1.02,0.792,1.15,0.8799999999999999,0.58,5.1,7.860000000000001,88.08000000000001,2.0,0.0,661.75
seq_960,VILIFVKKKAAKPYRKFYRNIYRHWRPKWK,-0.0030000000000000027,-0.6933333333333334,0.5879999999999997,0.9883333333333334,-0.41000000000000003,1.3023333333333333,4.966666666666667,8.003333333333334,84.46999999999997,14.0,0.0,4037.5500000000006,0.292,-1.24,0.46799999999999997,0.976,1.06,1.386,3.3,6.82,75.66,1.0,0.0,606.7,-0.11800000000000002,-0.9199999999999999,0.648,1.2959999999999998,-1.48,1.592,6.1,8.14,94.26000000000002,3.0,0.0,755.85
seq_1412,VMLIFVKKKAAKPLRQFLRNIYRHWRPKYW,0.08700000000000001,-0.8733333333333334,0.6399999999999999,1.1623333333333332,0.1966666666666667,1.2056666666666664,5.15,7.496666666666667,88.2933333333333,12.0,0.0,4093.710000000001,0.366,-1.6,0.664,1.356,1.9,1.386,4.3,6.0,88.8,1.0,0.0,662.7999999999998,0.07,-1.1199999999999999,0.6599999999999999,1.468,-4.4408920985006264e-17,1.302,5.9,7.24,92.9,2.0,0.0,717.8399999999999
Sequence_569,GIGGVLLSAGKAALKGLAKVLAEKYAN,-0.01999999999999999,-0.5555555555555556,0.6870370370370369,0.737777777777778,-0.11851851851851856,1.0955555555555554,4.7592592592592595,8.440740740740742,83.78888888888889,20.0,0.0,3526.86,-0.30799999999999994,-0.5599999999999999,0.548,0.388,-2.3600000000000003,2.136,5.1,9.18,88.16,7.0,0.0,717.76,-0.28600000000000003,0.7,0.6839999999999999,0.20800000000000002,-0.9199999999999999,1.024,4.6,9.74,80.62,4.0,0.0,640.69
Sequence_23,FKCRRWQWRMKKLGAPSITCVR,-0.1427272727272727,-0.5590909090909091,0.6059090909090907,0.8263636363636363,-0.7545454545454546,1.2522727272727272,5.431818181818182,7.904545454545455,88.39545454545456,18.0,2.0,3073.430000000001,-0.45199999999999996,0.3,0.5439999999999999,0.26399999999999996,-1.6800000000000002,0.78,5.5,8.48,83.3,5.0,1.0,680.77,-0.29600000000000004,-0.15999999999999998,0.44800000000000006,0.44399999999999995,-1.6199999999999999,1.876,5.1,8.3,85.12,6.0,1.0,687.76
Sequence_184,GGLRSLGRKILRAWKKYGPIIVPIIRI,0.012962962962962957,-0.5962962962962963,0.5218518518518517,0.8414814814814814,-0.44814814814814813,0.7903703703703703,4.444444444444445,8.185185185185185,77.4925925925926,14.0,0.0,3349.7100000000014,-0.196,-0.21999999999999997,0.6539999999999999,0.534,-0.9799999999999999,0.5,5.2,8.680000000000001,81.97999999999999,5.0,0.0,643.69,0.134,-0.26,0.22800000000000004,0.72,-0.18,0.0,2.6,8.14,56.04,0.0,0.0,489.55
seq_611,VILIFVKKKAAKPLRKVLRNIYRHWRPKMK,0.03766666666666666,-0.7766666666666668,0.6173333333333331,1.099,-0.33333333333333337,1.364666666666667,5.083333333333333,7.91,87.35999999999999,14.0,0.0,4098.660000000001,0.292,-1.24,0.46799999999999997,0.976,1.06,1.386,3.3,6.82,75.66,1.0,0.0,606.7,-0.016000000000000004,-0.82,0.7040000000000001,1.3559999999999997,-0.46000000000000013,0.58,5.8,7.88,91.42,2.0,0.0,705.8299999999999
seq_1600,VILIFVKKKAAKPLRQVLRNIYRHWRPKWK,0.05433333333333337,-0.8600000000000001,0.6079999999999998,1.1443333333333332,-0.3033333333333334,1.485,5.15,7.78,88.56666666666663,14.0,0.0,4158.710000000001,0.292,-1.24,0.46799999999999997,0.976,1.06,1.386,3.3,6.82,75.66,1.0,0.0,606.7,-0.11800000000000002,-0.9199999999999999,0.648,1.2959999999999998,-1.48,1.592,6.1,8.14,94.26000000000002,3.0,0.0,755.85
Sequence_120,FLPILINLIHKGLL,0.11571428571428573,-0.39999999999999997,0.66,0.8121428571428572,0.8285714285714284,0.5457142857142857,4.428571428571429,7.764285714285714,82.59285714285716,6.0,0.0,1746.0500000000004,0.384,-1.18,0.688,1.316,2.6,0.0,4.1,6.119999999999999,81.26,0.0,0.0,607.77,-0.05,-0.18,0.82,0.692,-0.23999999999999985,0.7939999999999999,5.6,8.720000000000002,94.06,4.0,-1.0,710.7799999999999
Sequence_425,GIPCGESCVWIPCISSAIGCSCKSKVCYRN,-0.4636666666666666,0.37999999999999995,0.5636666666666664,0.042333333333333306,-1.7266666666666663,1.4646666666666666,4.916666666666667,9.066666666666666,83.14666666666666,43.0,6.0,4108.450000000001,-0.5439999999999999,0.42000000000000004,0.5640000000000001,-0.028000000000000073,-2.0,0.99,5.2,9.24,84.49999999999999,8.0,1.0,690.78,-0.4040000000000001,0.22000000000000003,0.6359999999999999,0.526,-1.34,2.61,6.4,8.22,101.66000000000001,7.0,2.0,756.9100000000001
seq_689,VILIFVKKKAAKPLRQVLRHIYRHWRPKWR,0.08133333333333335,-0.8433333333333335,0.5966666666666663,1.1566666666666667,-0.23666666666666672,1.3566666666666667,5.066666666666666,7.733333333333333,87.27666666666664,12.0,-2.0,4119.620000000001,0.292,-1.24,0.46799999999999997,0.976,1.06,1.386,3.3,6.82,75.66,1.0,0.0,606.7,-0.052000000000000005,-0.82,0.58,1.408,-1.1600000000000001,1.302,6.0,7.659999999999999,90.6,2.0,0.0,715.82
seq_783,VILIFVKKKAAKPYRQVLRNIYRHWRPKWR,0.059000000000000025,-0.8333333333333334,0.5879999999999997,1.1496666666666668,-0.26,1.4366666666666668,5.116666666666666,7.723333333333334,87.39333333333329,13.0,0.0,4104.660000000001,0.292,-1.24,0.46799999999999997,0.976,1.06,1.386,3.3,6.82,75.66,1.0,0.0,606.7,-0.052000000000000005,-0.82,0.58,1.408,-1.1600000000000001,1.302,6.0,7.659999999999999,90.6,2.0,0.0,715.82
seq_233,VILIFVKKKAAKPYRQFLRHIYRHWRPKIW,0.07166666666666671,-0.7533333333333334,0.573333333333333,1.0293333333333332,-0.09333333333333335,1.1256666666666666,4.75,7.793333333333334,83.23333333333332,11.0,-2.0,3982.450000000001,0.292,-1.24,0.46799999999999997,0.976,1.06,1.386,3.3,6.82,75.66,1.0,0.0,606.7,-0.006000000000000004,-0.82,0.508,1.168,-0.9200000000000002,1.302,5.0,7.860000000000001,83.14000000000001,2.0,0.0,675.76
seq_1668,VIIIFVKKKAAKPLRKVYRNIYRHWRPRWK,0.006333333333333335,-0.7066666666666668,0.5539999999999998,1.031,-0.6233333333333334,1.485,4.933333333333334,8.023333333333333,84.46999999999997,14.0,0.0,4038.5300000000007,0.17800000000000002,-0.8800000000000001,0.26399999999999996,0.596,0.07999999999999999,1.386,2.3,7.58,62.52,1.0,0.0,550.6,-0.052000000000000005,-0.82,0.5800000000000001,1.408,-1.1600000000000001,1.302,6.0,7.659999999999999,90.6,2.0,0.0,715.82
Sequence_254,GLVTSLIKGAGKLLGGLFGSVTGGQS,-0.0773076923076923,-0.7346153846153847,0.6834615384615385,0.7169230769230771,-0.4153846153846154,1.0292307692307692,5.115384615384615,8.238461538461538,86.93846153846155,25.0,0.0,3547.860000000001,-0.005999999999999994,-1.02,0.6860000000000002,0.9620000000000001,-0.27999999999999997,1.636,5.3,7.780000000000001,90.64,5.0,0.0,705.7700000000001,-0.242,-0.44000000000000006,0.6180000000000001,0.4779999999999999,-1.1400000000000001,0.5,5.3,8.8,83.88,6.0,0.0,681.6999999999999
seq_665,VMLIFVKKKAAKPLRQVLRHIYRHWRPKWW,0.09666666666666669,-0.9800000000000001,0.6406666666666665,1.2333333333333334,-0.08666666666666675,1.5253333333333334,5.283333333333333,7.536666666666666,90.88666666666663,13.0,-2.0,4241.780000000001,0.366,-1.6,0.664,1.356,1.9,1.386,4.3,6.0,88.8,1.0,0.0,662.7999999999998,-0.03400000000000001,-1.2799999999999998,0.648,1.488,-1.1,2.314,6.3,7.3,99.12,3.0,0.0,781.8800000000001
seq_364,VMLIFVKKKAAKPMRQVMRNIYRHWRPKWW,0.06733333333333337,-0.9800000000000001,0.6379999999999999,1.239666666666667,-0.14666666666666667,1.6053333333333335,5.35,7.483333333333333,91.56666666666663,14.0,0.0,4240.840000000001,0.366,-1.6,0.664,1.356,1.9,1.386,4.3,6.0,88.8,1.0,0.0,662.7999999999998,-0.03400000000000001,-1.2799999999999998,0.648,1.488,-1.1,2.314,6.3,7.3,99.12,3.0,0.0,781.8800000000001
Sequence_635,FAKLLAKLAKLKL,0.21846153846153846,-1.0384615384615385,0.7753846153846153,1.1115384615384616,1.353846153846154,0.4461538461538461,4.769230769230769,7.492307692307694,84.9,4.0,0.0,1664.91,0.26999999999999996,-1.1199999999999999,0.776,1.098,2.02,0.29,4.5,6.88,83.36,1.0,0.0,627.7399999999999,0.182,-1.02,0.792,1.15,0.8799999999999999,0.58,5.1,7.860000000000001,88.08,2.0,0.0,661.7499999999999
seq_1651,VMLIFVKKKAAKPLRQVLRNIYRHWRPKIK,0.07133333333333335,-0.8433333333333334,0.6173333333333332,1.1543333333333334,-0.1333333333333334,1.3163333333333334,5.1,7.736666666666667,88.09333333333332,13.0,0.0,4108.690000000001,0.366,-1.6,0.664,1.356,1.9,1.386,4.3,6.0,88.8,1.0,0.0,662.7999999999998,-0.09000000000000001,-0.45999999999999996,0.508,0.9759999999999998,-1.3,0.58,4.8,8.7,78.28000000000002,2.0,0.0,649.73
Sequence_661,FAKKLAKLAKKLAKLALAL,0.18526315789473682,-0.9368421052631579,0.7399999999999999,1.0336842105263158,1.1105263157894736,0.45789473684210524,4.578947368421052,7.773684210526315,81.43684210526315,6.0,0.0,2373.67,0.044,-0.86,0.712,0.8460000000000001,0.47999999999999987,0.58,4.6,7.92,81.34,2.0,0.0,651.7299999999999,0.538,-1.2799999999999998,0.82,1.408,3.4200000000000004,0.0,4.3,6.36,82.24000000000001,0.0,0.0,571.6899999999999
seq_1535,VILIFVKKKAAKPLRQVLRNIYRKWRPKWK,0.061666666666666696,-0.9766666666666668,0.6086666666666664,1.191,-0.29333333333333333,1.491,5.183333333333334,7.716666666666667,88.80666666666664,14.0,1.0,4166.740000000001,0.292,-1.24,0.46799999999999997,0.976,1.06,1.386,3.3,6.82,75.66,1.0,0.0,606.7,-0.11800000000000002,-0.9199999999999999,0.648,1.2959999999999998,-1.48,1.592,6.1,8.14,94.26000000000002,3.0,0.0,755.85
Sequence_309,IVRRADRAAVP,0.09636363636363637,-0.8545454545454546,0.5072727272727273,1.1463636363636365,-0.29090909090909106,1.26,4.5,7.763636363636365,78.10000000000001,4.0,0.0,1377.54,0.128,-0.78,0.388,1.134,-0.54,1.386,4.2,7.7,74.3,1.0,0.0,598.66,0.21200000000000002,-1.1400000000000001,0.576,1.5080000000000002,0.6,1.386,4.7,7.0600000000000005,82.38,1.0,0.0,646.76
seq_466,VILIFVKKKAAKPLRQVLRNIYRHIRPKIK,0.0636666666666667,-0.7066666666666668,0.5613333333333331,1.0376666666666667,-0.24333333333333337,1.1476666666666666,4.716666666666667,7.966666666666668,83.24,12.0,0.0,3946.4700000000007,0.292,-1.24,0.46799999999999997,0.976,1.06,1.386,3.3,6.82,75.66,1.0,0.0,606.7,-0.09000000000000001,-0.45999999999999996,0.508,0.9759999999999998,-1.3,0.58,4.8,8.7,78.28000000000002,2.0,0.0,649.73
seq_1268,VILIFVKKKAAKPLRKVLRNIYRHWRPKMW,0.05166666666666666,-0.8366666666666668,0.6173333333333331,1.131,-0.2700000000000001,1.485,5.116666666666666,7.77,88.16999999999999,14.0,0.0,4124.6900000000005,0.292,-1.24,0.46799999999999997,0.976,1.06,1.386,3.3,6.82,75.66,1.0,0.0,606.7,0.068,-1.1800000000000002,0.7040000000000001,1.5479999999999996,-0.08000000000000011,1.302,6.0,7.040000000000001,96.28,2.0,0.0,731.8599999999999
seq_632,VILIFVKKKAAKPLRQVYRNIYRNWRPKMW,0.06300000000000003,-0.8933333333333334,0.6086666666666665,1.1793333333333333,-0.09333333333333332,1.5166666666666668,5.183333333333334,7.586666666666668,89.01999999999997,14.0,2.0,4119.76,0.292,-1.24,0.46799999999999997,0.976,1.06,1.386,3.3,6.82,75.66,1.0,0.0,606.7,0.068,-1.1800000000000002,0.7040000000000001,1.5479999999999996,-0.08000000000000011,1.302,6.0,7.040000000000001,96.28,2.0,0.0,731.8599999999999
seq_745,VIIIFVKKKAAKPYRQVYRNIYRHWRPKWW,0.03666666666666667,-0.8400000000000001,0.5566666666666665,1.0863333333333332,-0.42333333333333345,1.6053333333333335,4.983333333333333,7.8133333333333335,86.05999999999996,14.0,0.0,4100.6,0.17800000000000002,-0.8800000000000001,0.26399999999999996,0.596,0.07999999999999999,1.386,2.3,7.58,62.52,1.0,0.0,550.6,-0.03400000000000001,-1.2799999999999998,0.648,1.488,-1.1,2.314,6.3,7.3,99.12,3.0,0.0,781.8800000000001
Sequence_318,FLPLIGRVLSGIL,0.1692307692307692,-0.9384615384615386,0.6484615384615385,1.0576923076923077,0.8692307692307691,0.7253846153846154,4.576923076923077,7.199999999999999,83.83846153846154,6.0,0.0,1661.94,0.384,-1.18,0.688,1.316,2.6,0.0,4.1,6.119999999999999,81.26,0.0,0.0,607.77,0.134,-0.62,0.65,0.718,0.86,0.25,4.1,7.82,76.98,3.0,0.0,588.65
seq_1483,VILIFVKKKAAKPYRKVYRNIYRKWRPKWK,0.015333333333333326,-0.8900000000000001,0.591333333333333,1.1090000000000002,-0.5133333333333334,1.5393333333333337,5.133333333333334,7.936666666666667,86.94666666666664,15.0,1.0,4128.67,0.292,-1.24,0.46799999999999997,0.976,1.06,1.386,3.3,6.82,75.66,1.0,0.0,606.7,-0.11800000000000002,-0.9199999999999999,0.648,1.2959999999999998,-1.48,1.592,6.1,8.14,94.26000000000002,3.0,0.0,755.85
Sequence_283,GLFGVLAKVAAHVVPAIAEHF,0.045238095238095244,-0.6714285714285715,0.6495238095238093,0.8661904761904763,0.009523809523809532,1.629047619047619,4.5,7.961904761904763,85.15714285714287,12.0,-3.0,2866.1500000000005,-0.04799999999999997,-1.16,0.74,0.8880000000000001,-0.18,1.886,5.5,7.42,97.02000000000001,5.0,0.0,748.86,-0.178,0.9,0.516,-0.182,-0.6199999999999999,0.254,2.7,9.580000000000002,62.06,2.0,-2.0,565.54
Sequence_521,DVKGMKKAIKGILDCVIEKGYDKLAAKLKKVIQQLWE,-0.08270270270270269,-0.6432432432432433,0.6594594594594593,0.6975675675675678,-0.8081081081081083,1.2189189189189187,4.9324324324324325,8.678378378378374,86.95945945945947,31.0,-1.0,5136.489999999998,-0.16599999999999998,-1.06,0.764,0.8640000000000001,-1.4600000000000004,1.9259999999999997,5.9,8.559999999999999,98.94,6.0,0.0,768.8399999999999,0.25,-1.22,0.776,1.38,1.0599999999999998,1.012,5.6,6.959999999999999,102.88,2.0,-1.0,775.84
seq_925,VMLIFVKKKAAKPLRQVYRNIYRHWRPKWK,0.060333333333333364,-0.91,0.6319999999999998,1.1943333333333335,-0.1733333333333334,1.485,5.3,7.666666666666667,90.19333333333331,14.0,0.0,4200.790000000001,0.366,-1.6,0.664,1.356,1.9,1.386,4.3,6.0,88.8,1.0,0.0,662.7999999999998,-0.11800000000000002,-0.9199999999999999,0.648,1.2959999999999998,-1.48,1.592,6.1,8.14,94.26000000000002,3.0,0.0,755.85
seq_204,VILIFVKKKAAKPYRKFLRNIYRHWRPKWW,0.01733333333333333,-0.7633333333333334,0.5966666666666663,1.0336666666666667,-0.3366666666666667,1.4226666666666667,5.016666666666667,7.84,85.84333333333329,14.0,0.0,4077.600000000001,0.292,-1.24,0.46799999999999997,0.976,1.06,1.386,3.3,6.82,75.66,1.0,0.0,606.7,-0.03400000000000001,-1.2799999999999998,0.648,1.488,-1.1,2.314,6.3,7.3,99.12,3.0,0.0,781.8800000000001
Sequence_83,CSCRTSSCRFGERLSGACRLNGRIYRLCC,-0.44517241379310335,0.586206896551724,0.5965517241379309,0.033793103448275845,-1.2689655172413794,0.762758620689655,5.172413793103448,8.837931034482757,81.99655172413792,38.0,6.0,3789.1700000000005,-0.806,1.18,0.55,-0.49400000000000005,-2.42,0.9800000000000001,5.7,9.360000000000001,83.58000000000001,10.0,2.0,687.7399999999999,-0.4640000000000001,0.54,0.7000000000000001,0.07999999999999989,-0.38000000000000006,0.9800000000000001,6.2,8.02,95.78,8.0,2.0,711.8499999999999
seq_1640,VIIIFVKKKAAKPLRQVLRNIYRKWRPKMW,0.07366666666666669,-0.9600000000000002,0.5839999999999997,1.1696666666666669,-0.2233333333333333,1.4426666666666668,5.0,7.659999999999999,86.95333333333332,13.0,1.0,4086.650000000001,0.17800000000000002,-0.8800000000000001,0.26399999999999996,0.596,0.07999999999999999,1.386,2.3,7.58,62.52,1.0,0.0,550.6,0.068,-1.1800000000000002,0.7040000000000001,1.5479999999999996,-0.08000000000000011,1.302,6.0,7.040000000000001,96.28,2.0,0.0,731.8599999999999
seq_1215,VMLIFVKKKAAKPLRQVLRNIYRKIRPKWW,0.09266666666666669,-1.02,0.6179999999999998,1.233,-0.06000000000000005,1.4426666666666668,5.166666666666667,7.533333333333333,89.14333333333333,13.0,1.0,4142.750000000001,0.366,-1.6,0.664,1.356,1.9,1.386,4.3,6.0,88.8,1.0,0.0,662.7999999999998,-0.03400000000000001,-1.2799999999999998,0.648,1.488,-1.1,2.314,6.3,7.3,99.12,3.0,0.0,781.8800000000001
seq_1235,VILIFVKKKAAKPMRQVMRNIYRHWRPKIW,0.05966666666666671,-0.8433333333333335,0.5819999999999997,1.123,-0.2566666666666667,1.4366666666666668,4.966666666666667,7.713333333333334,86.71333333333331,13.0,0.0,4078.620000000001,0.292,-1.24,0.46799999999999997,0.976,1.06,1.386,3.3,6.82,75.66,1.0,0.0,606.7,-0.006000000000000004,-0.82,0.508,1.168,-0.9200000000000002,1.302,5.0,7.860000000000001,83.14000000000001,2.0,0.0,675.76
seq_1178,VILIFVKKKAAKPLRQFMRNIYRHWRPKWW,0.05066666666666668,-0.8400000000000002,0.6039999999999998,1.1023333333333334,-0.15000000000000005,1.3743333333333332,5.05,7.633333333333334,87.13999999999996,13.0,0.0,4101.650000000001,0.292,-1.24,0.46799999999999997,0.976,1.06,1.386,3.3,6.82,75.66,1.0,0.0,606.7,-0.03400000000000001,-1.2799999999999998,0.648,1.488,-1.1,2.314,6.3,7.3,99.12,3.0,0.0,781.8800000000001
Sequence_33,FAKLLAKLAKKIL,0.1746153846153846,-0.9000000000000001,0.696923076923077,0.9653846153846154,0.976923076923077,0.4461538461538461,4.384615384615385,7.784615384615386,79.84615384615384,4.0,0.0,1608.81,0.26999999999999996,-1.1199999999999999,0.776,1.098,2.02,0.29,4.5,6.88,83.36,1.0,0.0,627.7399999999999,0.06799999999999999,-0.6599999999999999,0.588,0.77,-0.10000000000000017,0.58,4.1,8.620000000000001,74.94,2.0,0.0,605.65
seq_1119,VIIIFVKKKAAKPLRQVYRNIYRHWRPKWK,0.029,-0.7900000000000001,0.5653333333333331,1.0676666666666668,-0.4766666666666667,1.485,4.966666666666667,7.930000000000001,85.8133333333333,14.0,0.0,4088.590000000001,0.17800000000000002,-0.8800000000000001,0.26399999999999996,0.596,0.07999999999999999,1.386,2.3,7.58,62.52,1.0,0.0,550.6,-0.11800000000000002,-0.9199999999999999,0.648,1.2959999999999998,-1.48,1.592,6.1,8.14,94.26000000000002,3.0,0.0,755.85
Sequence_238,FLSLIPHAINAVSALANHG,-0.02473684210526316,-0.015789473684210478,0.6157894736842104,0.5736842105263157,0.18421052631578946,0.9505263157894737,4.184210526315789,8.352631578947367,77.34210526315789,11.0,0.0,2317.58,0.27999999999999997,-0.86,0.638,0.8379999999999999,2.0599999999999996,0.0,3.5,6.8199999999999985,72.70000000000002,1.0,0.0,563.6499999999999,-0.28600000000000003,0.78,0.7160000000000001,0.20400000000000001,-0.9199999999999999,1.238,5.2,9.48,86.82,5.0,0.0,659.7299999999999
Sequence_350,FLGALFKVASKVLPSVFCAITKKC,-0.08,-0.7083333333333331,0.6566666666666664,0.73875,-0.09999999999999994,1.3641666666666665,4.854166666666667,7.8083333333333345,86.05833333333334,20.0,2.0,3305.7199999999993,0.21200000000000002,-0.9799999999999999,0.772,0.9259999999999998,1.9600000000000002,0.25,4.5,6.9,82.92,2.0,0.0,618.73,-0.516,0.32,0.516,-0.05999999999999996,-2.4,1.0699999999999998,5.0,9.78,80.08,7.0,1.0,678.71
seq_322,VMLIFVKKKAAKPLRKVYRNIYRNIRPRWW,0.04033333333333334,-0.81,0.5973333333333332,1.1426666666666667,-0.24000000000000002,1.5166666666666666,5.15,7.680000000000001,87.67666666666665,14.0,2.0,4069.7000000000007,0.366,-1.6,0.664,1.356,1.9,1.386,4.3,6.0,88.8,1.0,0.0,662.7999999999998,0.031999999999999994,-1.18,0.5800000000000001,1.6,-0.78,2.024,6.2,6.82,95.46000000000001,2.0,0.0,741.8500000000001
Sequence_296,AGWGSIFKHIFKAGKFIHGAIQAHND,-0.20884615384615385,0.07692307692307696,0.5449999999999998,0.20461538461538462,-1.0653846153846152,0.8419230769230767,4.096153846153846,9.173076923076923,73.64999999999999,20.0,-2.0,3241.340000000001,-0.27399999999999997,-0.41999999999999993,0.6220000000000001,0.36800000000000005,-1.46,1.512,4.9,8.9,80.61999999999999,6.0,0.0,667.6700000000001,-0.3,0.64,0.6679999999999999,0.20800000000000002,-1.2600000000000002,0.9879999999999999,5.2,9.700000000000001,86.39999999999999,5.0,0.0,679.7199999999999
Sequence_685,GFFKKAWRKVKHAGRRVLDTAKGVGRHYVNNWLNRYR,-0.1527027027027027,-0.4108108108108109,0.6378378378378377,0.794054054054054,-1.105405405405405,1.7200000000000002,5.527027027027027,8.437837837837838,90.11081081081079,30.0,1.0,5220.799999999998,-0.2819999999999999,-0.5599999999999999,0.664,0.36400000000000005,-0.9800000000000001,0.8300000000000001,4.8,8.459999999999999,82.02000000000001,4.0,0.0,698.77,0.005999999999999983,-0.06000000000000001,0.636,1.046,0.32,0.734,5.7,7.68,87.88,2.0,1.0,624.77
Sequence_186,DDTPSSRCGSGGWGPCLPIVDLLCIVHVTVGCSGGFGCCRIG,-0.37761904761904747,-0.057142857142857176,0.6314285714285712,0.27666666666666667,-1.54047619047619,1.4285714285714288,5.380952380952381,8.752380952380951,88.49999999999999,60.0,5.0,5978.549999999997,-0.292,-0.2,0.666,0.346,-1.32,0.0,4.8,9.34,75.03999999999999,6.0,0.0,637.6600000000001,-0.8239999999999998,1.24,0.4800000000000001,-0.644,-2.9,1.23,5.4,9.7,83.55999999999999,10.0,2.0,684.7499999999999
seq_837,VILIFVKKKAAKPMRQVYRNIYRHWRPKMK,0.058333333333333376,-0.8333333333333335,0.6073333333333332,1.1410000000000002,-0.1666666666666667,1.3163333333333334,5.083333333333333,7.750000000000001,87.52999999999997,13.0,0.0,4094.6700000000005,0.292,-1.24,0.46799999999999997,0.976,1.06,1.386,3.3,6.82,75.66,1.0,0.0,606.7,-0.016000000000000004,-0.82,0.7040000000000001,1.3559999999999997,-0.46000000000000013,0.58,5.8,7.88,91.42,2.0,0.0,705.8299999999999
seq_629,VILIFVKKKAAKPLRQVLRNIYRNWRPKWK,0.03833333333333336,-0.8600000000000001,0.6079999999999998,1.1506666666666667,-0.31666666666666665,1.5650000000000004,5.216666666666667,7.746666666666667,89.24666666666664,15.0,2.0,4157.77,0.292,-1.24,0.46799999999999997,0.976,1.06,1.386,3.3,6.82,75.66,1.0,0.0,606.7,-0.11800000000000002,-0.9199999999999999,0.648,1.2959999999999998,-1.48,1.592,6.1,8.14,94.26000000000002,3.0,0.0,755.85
seq_1584,VILIFVKKKAAKFLRQVLRNIYRHWRPKWW,0.06100000000000003,-0.91,0.6026666666666664,1.1090000000000002,-0.22000000000000006,1.6053333333333335,5.083333333333333,7.633333333333334,88.39666666666663,14.0,0.0,4156.680000000001,0.292,-1.24,0.46799999999999997,0.976,1.06,1.386,3.3,6.82,75.66,1.0,0.0,606.7,-0.03400000000000001,-1.2799999999999998,0.648,1.488,-1.1,2.314,6.3,7.3,99.12,3.0,0.0,781.8800000000001
seq_681,VMLIFVKKKAAKPLRKVLRNIYRHWRPKMR,0.061000000000000006,-0.8200000000000001,0.6386666666666666,1.181,-0.1400000000000001,1.3163333333333334,5.233333333333333,7.693333333333333,88.93999999999998,13.0,0.0,4114.7300000000005,0.366,-1.6,0.664,1.356,1.9,1.386,4.3,6.0,88.8,1.0,0.0,662.7999999999998,0.05,-0.72,0.636,1.4679999999999997,-0.14000000000000012,0.29,5.7,7.4,87.76000000000002,1.0,0.0,665.8
seq_1682,VMLIFVKKKAAKPLRQVLRNIYRHIRPKIY,0.10733333333333336,-0.8,0.5959999999999999,1.1296666666666664,0.14333333333333328,1.0993333333333333,4.85,7.6800000000000015,85.20333333333333,11.0,0.0,3964.5600000000013,0.366,-1.6,0.664,1.356,1.9,1.386,4.3,6.0,88.8,1.0,0.0,662.7999999999998,0.098,-0.6599999999999999,0.52,1.148,0.18,0.29,4.6,7.8,76.92,1.0,0.0,611.72
Sequence_681,GIIKKIIKKI,-0.149,-0.18,0.34800000000000003,0.23400000000000004,-1.8299999999999996,0.7050000000000001,3.25,9.71,63.879999999999995,6.0,0.0,1142.1399999999996,-0.23399999999999999,-0.16,0.41600000000000004,0.21200000000000002,-2.1399999999999997,0.8300000000000001,3.8,9.86,69.22,4.0,0.0,606.6099999999999,-0.06400000000000002,-0.2,0.27999999999999997,0.256,-1.52,0.58,2.7,9.559999999999999,58.54,2.0,0.0,535.53
Sequence_42,FALALKALKKLKKALKKAL,0.1510526315789474,-0.9368421052631579,0.7494736842105261,1.0321052631578949,0.847368421052632,0.5342105263157894,4.7631578947368425,7.894736842105263,83.50526315789473,7.0,0.0,2439.7400000000002,0.4,-1.1199999999999999,0.74,1.1039999999999999,3.0200000000000005,0.0,3.8,6.42,75.5,0.0,0.0,561.67,0.182,-1.02,0.792,1.15,0.8799999999999999,0.58,5.1,7.860000000000001,88.08000000000001,2.0,0.0,661.75
seq_1462,VILIFVKKKAAKPLRKVLRNIYRHWYPKWW,0.055,-0.9033333333333335,0.6213333333333331,1.131,-0.24666666666666673,1.6536666666666668,5.15,7.743333333333333,89.02666666666664,15.0,0.0,4176.7300000000005,0.292,-1.24,0.46799999999999997,0.976,1.06,1.386,3.3,6.82,75.66,1.0,0.0,606.7,0.08800000000000001,-1.5799999999999998,0.7280000000000001,1.548,0.05999999999999987,2.314,6.2,6.88,101.42,3.0,0.0,783.9000000000001
Sequence_226,GFGCPLNQGACHNHCRSIGRRGGYCAGIIKQTCTCYRK,-0.42684210526315786,0.44210526315789467,0.5871052631578946,0.10394736842105261,-1.4736842105263162,0.9534210526315791,5.315789473684211,9.071052631578947,84.67631578947366,49.0,6.0,5138.66,-0.568,0.21999999999999997,0.6880000000000001,0.04799999999999995,-1.42,0.99,5.7,8.540000000000001,90.89999999999999,8.0,1.0,736.8600000000001,-0.374,0.12000000000000002,0.6,0.352,-1.1600000000000001,0.78,5.8,8.68,86.17999999999999,6.0,1.0,680.76
seq_968,VILIFVKKKAAKPLRKVYRNIYRKIRPKIK,0.030999999999999993,-0.7466666666666667,0.5533333333333331,1.0156666666666667,-0.44333333333333347,1.2020000000000002,4.716666666666667,8.100000000000001,82.18333333333334,13.0,1.0,3930.4500000000007,0.292,-1.24,0.46799999999999997,0.976,1.06,1.386,3.3,6.82,75.66,1.0,0.0,606.7,-0.09000000000000001,-0.45999999999999996,0.508,0.9759999999999998,-1.3,0.58,4.8,8.7,78.28000000000002,2.0,0.0,649.73
Sequence_386,GFGCPFNQYECHAHCSGVPGYKGGYCKGLFKQTCNCY,-0.4275675675675676,0.2837837837837837,0.6905405405405405,0.16648648648648645,-1.1297297297297297,1.205675675675676,5.635135135135135,8.81891891891892,91.64324324324322,51.0,5.0,5363.029999999998,-0.568,0.21999999999999997,0.6880000000000001,0.04799999999999995,-1.42,0.99,5.7,8.540000000000001,90.89999999999999,8.0,1.0,736.8600000000001,-0.852,1.42,0.6600000000000001,-0.55,-1.8799999999999997,1.714,6.4,9.360000000000001,95.92,11.0,3.0,730.86
seq_1090,VILIFVKKKAAKPLRQVYRNIYRHWRPKIM,0.0836666666666667,-0.8166666666666668,0.5853333333333332,1.1196666666666668,-0.05000000000000003,1.268,4.9,7.713333333333335,85.67666666666665,12.0,0.0,4014.580000000001,0.292,-1.24,0.46799999999999997,0.976,1.06,1.386,3.3,6.82,75.66,1.0,0.0,606.7,0.096,-0.72,0.5640000000000001,1.2279999999999998,0.09999999999999991,0.29,4.7,7.6,80.30000000000001,1.0,0.0,625.74
Sequence_615,TRSSRAGLQFPVGRVHRLLRK,0.030476190476190466,-0.6857142857142858,0.6276190476190474,1.0776190476190475,-0.15714285714285717,0.9085714285714285,5.238095238095238,7.6952380952380945,86.3952380952381,11.0,-1.0,2826.1700000000005,-0.168,0.039999999999999994,0.45600000000000007,0.588,-1.1,0.0,4.4,8.6,65.64000000000001,3.0,0.0,559.5600000000001,0.18399999999999997,-0.82,0.692,1.3679999999999999,0.5200000000000001,0.29,5.6,7.359999999999999,88.62,1.0,0.0,647.76
Sequence_421,FIGPIISALASLFG,0.06285714285714286,-0.4928571428571428,0.5371428571428571,0.5628571428571428,0.6928571428571428,0.17857142857142858,3.392857142857143,7.835714285714286,67.25714285714285,6.0,0.0,1559.7200000000003,-0.013999999999999985,-0.42000000000000004,0.41600000000000004,0.512,0.019999999999999997,0.25,3.2,7.94,65.66,2.0,0.0,566.6500000000001,0.014000000000000012,-0.5599999999999999,0.6740000000000002,0.5479999999999999,0.9,0.25,4.0,7.7,73.5,3.0,0.0,592.65
Sequence_232,VAKALKALLKALKAL,0.24466666666666667,-1.1266666666666667,0.7466666666666665,1.2006666666666668,1.1866666666666668,0.8486666666666665,4.733333333333333,7.566666666666667,85.06666666666666,5.0,0.0,1926.1800000000003,0.24,-1.34,0.692,1.296,0.8,1.6759999999999997,4.7,7.44,86.9,2.0,0.0,668.75,0.312,-1.02,0.756,1.156,1.8799999999999997,0.29,4.4,7.400000000000001,80.22,1.0,0.0,595.68
seq_1701,VILIFVKKKAAKPYRKVLRNIYRHWRPKIW,0.033,-0.7666666666666668,0.5759999999999998,1.0543333333333333,-0.4200000000000001,1.485,4.933333333333334,7.930000000000001,85.41666666666666,14.0,0.0,4054.5700000000006,0.292,-1.24,0.46799999999999997,0.976,1.06,1.386,3.3,6.82,75.66,1.0,0.0,606.7,-0.006000000000000004,-0.82,0.508,1.168,-0.9200000000000002,1.302,5.0,7.860000000000001,83.14000000000001,2.0,0.0,675.76
Sequence_434,HPTWPQKSVWHGSDPNGRRLTESY,-0.15374999999999997,-0.22916666666666663,0.6604166666666665,0.77,-0.8916666666666669,1.13375,5.354166666666667,8.495833333333334,87.75416666666668,20.0,-2.0,3364.6600000000008,-0.052000000000000005,-0.45999999999999996,0.6880000000000001,1.232,-0.33999999999999997,1.266,5.8,7.700000000000001,93.5,3.0,-1.0,745.8600000000001,0.02200000000000002,-0.08000000000000003,0.7140000000000001,0.546,0.74,0.0,4.2,8.379999999999999,76.32000000000001,3.0,-1.0,605.63
seq_943,VILIFVKKKAAKPLRQVYRNVYRHWRPKWR,0.06600000000000002,-0.9466666666666668,0.6113333333333331,1.2363333333333337,-0.27666666666666667,1.6676666666666669,5.333333333333333,7.603333333333334,90.69666666666664,14.0,0.0,4233.83,0.292,-1.24,0.46799999999999997,0.976,1.06,1.386,3.3,6.82,75.66,1.0,0.0,606.7,-0.052000000000000005,-0.82,0.58,1.408,-1.1600000000000001,1.302,6.0,7.659999999999999,90.6,2.0,0.0,715.82
Sequence_405,CAGAGTGGGAGAGGCAAGAC,-0.4959999999999999,0.3450000000000001,0.6149999999999999,-0.1535,-1.6549999999999998,0.9299999999999999,4.95,9.565,78.69999999999999,31.0,3.0,2580.7000000000003,-0.528,0.4800000000000001,0.6160000000000001,-0.24000000000000005,-1.58,0.99,4.9,9.540000000000001,78.74,8.0,1.0,644.68,-0.33999999999999997,0.33999999999999997,0.5840000000000001,-0.06200000000000001,-0.5199999999999999,0.74,4.2,9.059999999999999,71.32000000000001,6.0,1.0,587.6200000000001
seq_1162,VMLIFVKKKAAKPLRQVLRNVYRHWRPKWK,0.07366666666666669,-1.0333333333333334,0.6639999999999998,1.2943333333333336,-0.18000000000000005,1.7160000000000004,5.533333333333333,7.523333333333334,94.05999999999997,15.0,0.0,4343.9800000000005,0.366,-1.6,0.664,1.356,1.9,1.386,4.3,6.0,88.8,1.0,0.0,662.7999999999998,-0.11800000000000002,-0.9199999999999999,0.648,1.2959999999999998,-1.48,1.592,6.1,8.14,94.26000000000002,3.0,0.0,755.85
Sequence_72,ILGPVISTIGGVLGGLLKNL,-0.012999999999999994,-0.6850000000000003,0.6544999999999999,0.8299999999999998,-0.23499999999999996,1.2614999999999998,5.0,8.075,87.95000000000002,17.0,1.0,2695.0600000000004,0.166,-1.2600000000000002,0.6360000000000001,1.3359999999999999,0.31999999999999995,1.636,5.0,7.159999999999999,92.22,3.0,0.0,705.84,0.13799999999999998,-0.5799999999999998,0.8880000000000001,1.154,1.28,1.024,5.9,7.460000000000001,100.6,3.0,1.0,694.86
seq_869,VILIFVKKKAAKPLRQVLRNWYRHWRPKWK,0.049666666666666685,-0.9366666666666669,0.6313333333333332,1.1976666666666669,-0.33333333333333337,1.653666666666667,5.366666666666666,7.6866666666666665,91.22999999999998,15.0,0.0,4264.83,0.292,-1.24,0.46799999999999997,0.976,1.06,1.386,3.3,6.82,75.66,1.0,0.0,606.7,-0.11800000000000002,-0.9199999999999999,0.648,1.2959999999999998,-1.48,1.592,6.1,8.14,94.26000000000002,3.0,0.0,755.85
seq_760,VILIFVKKKAAKPYRQFLRNIYRHWRPKMW,0.06800000000000002,-0.8133333333333334,0.6059999999999998,1.099,0.033333333333333354,1.2056666666666664,4.983333333333333,7.623333333333334,86.1033333333333,12.0,0.0,4037.610000000001,0.292,-1.24,0.46799999999999997,0.976,1.06,1.386,3.3,6.82,75.66,1.0,0.0,606.7,0.068,-1.1800000000000002,0.7040000000000001,1.5479999999999996,-0.08000000000000011,1.302,6.0,7.040000000000001,96.28,2.0,0.0,731.8599999999999
seq_309,VILIFVKKKAAKPLRKVYRNIYRHWRPKMR,0.04233333333333333,-0.7500000000000001,0.5973333333333332,1.1043333333333334,-0.2900000000000001,1.3163333333333334,5.05,7.853333333333334,86.18666666666665,13.0,0.0,4044.610000000001,0.292,-1.24,0.46799999999999997,0.976,1.06,1.386,3.3,6.82,75.66,1.0,0.0,606.7,0.05,-0.72,0.636,1.4679999999999997,-0.14000000000000012,0.29,5.7,7.4,87.76000000000002,1.0,0.0,665.8
seq_1662,VILIFVKKKAAKPLRQVMRNIYRHWRPKMW,0.07866666666666669,-0.9033333333333335,0.6159999999999998,1.1863333333333332,-0.09333333333333335,1.4366666666666668,5.133333333333334,7.586666666666668,88.9033333333333,13.0,0.0,4134.72,0.292,-1.24,0.46799999999999997,0.976,1.06,1.386,3.3,6.82,75.66,1.0,0.0,606.7,0.068,-1.1800000000000002,0.7040000000000001,1.5479999999999996,-0.08000000000000011,1.302,6.0,7.040000000000001,96.28,2.0,0.0,731.8599999999999
seq_168,VMLIFVKKKAAKPLRKFLRNIYRHWRPKWW,0.036000000000000004,-0.8333333333333335,0.6379999999999998,1.1103333333333332,-0.18666666666666668,1.4226666666666667,5.2,7.679999999999999,88.59666666666664,14.0,0.0,4147.72,0.366,-1.6,0.664,1.356,1.9,1.386,4.3,6.0,88.8,1.0,0.0,662.7999999999998,-0.03400000000000001,-1.2799999999999998,0.648,1.488,-1.1,2.314,6.3,7.3,99.12,3.0,0.0,781.8800000000001
Sequence_484,CHHNATHAC,-0.6844444444444444,1.8444444444444446,0.6244444444444444,-0.5766666666666668,-2.2777777777777772,1.3755555555555554,5.222222222222222,10.444444444444445,83.75555555555556,14.0,0.0,1233.28,-0.7699999999999999,2.3,0.648,-0.7040000000000001,-2.7199999999999998,1.732,5.4,10.900000000000002,87.24000000000001,8.0,0.0,703.74,-0.41200000000000003,0.9199999999999999,0.5800000000000001,-0.2,-1.02,0.744,4.5,9.52,74.04,6.0,0.0,618.6300000000001
Sequence_332,DLRFLYPRGKLPVPTLPPFNPKPIYIDMGNRY,0.05031249999999999,-0.7062500000000003,0.68625,1.1493749999999998,0.5406250000000001,0.6146874999999999,5.25,7.434375000000001,87.83125,16.0,2.0,4272.200000000001,0.15799999999999997,-0.8800000000000001,0.756,0.9559999999999998,1.28,0.0,4.9,7.1,84.32,2.0,0.0,630.7399999999999,-0.158,-0.020000000000000018,0.692,0.7619999999999999,-0.2,0.984,5.8,8.120000000000001,91.1,4.0,1.0,655.79
seq_1017,VMLIFVKKKAAKPLRKVYRNIYRHWRPKWW,0.04066666666666669,-0.9033333333333334,0.6319999999999998,1.171,-0.3100000000000001,1.6536666666666668,5.316666666666666,7.7,90.26999999999997,15.0,0.0,4216.79,0.366,-1.6,0.664,1.356,1.9,1.386,4.3,6.0,88.8,1.0,0.0,662.7999999999998,-0.03400000000000001,-1.2799999999999998,0.648,1.488,-1.1,2.314,6.3,7.3,99.12,3.0,0.0,781.8800000000001
Sequence_550,APPGARPPPGPPPPGPPPPGP,0.06238095238095239,-0.8761904761904764,0.7161904761904759,1.6790476190476187,0.6952380952380954,0.23809523809523808,5.642857142857143,6.952380952380953,90.73333333333336,8.0,0.0,2966.8500000000004,0.06600000000000002,-0.6799999999999999,0.656,1.184,0.7799999999999999,0.25,4.6,7.62,78.06,2.0,0.0,622.75,0.07000000000000002,-1.0,0.76,1.876,0.82,0.25,6.0,6.660000000000001,96.1,2.0,0.0,742.99
seq_1187,VMLIFVKKKAAKPMRQVYRNIYRHWRPKWQ,0.08733333333333335,-0.9766666666666667,0.6306666666666665,1.2496666666666667,0.003333333333333277,1.4366666666666668,5.316666666666666,7.483333333333333,90.92666666666665,13.0,0.0,4210.820000000001,0.366,-1.6,0.664,1.356,1.9,1.386,4.3,6.0,88.8,1.0,0.0,662.7999999999998,0.08399999999999999,-1.3199999999999998,0.648,1.6280000000000001,-0.2800000000000001,1.302,6.2,7.1,98.66000000000001,2.0,0.0,765.8800000000001
seq_1592,VILIFVKKKAAKPLRQVLRNIYRHWRPKIR,0.07000000000000005,-0.7666666666666668,0.573333333333333,1.1096666666666666,-0.22000000000000006,1.268,4.916666666666667,7.793333333333334,85.29333333333331,12.0,0.0,4012.560000000001,0.292,-1.24,0.46799999999999997,0.976,1.06,1.386,3.3,6.82,75.66,1.0,0.0,606.7,-0.024000000000000004,-0.36,0.44000000000000006,1.0879999999999999,-0.9800000000000001,0.29,4.7,8.22,74.62,1.0,0.0,609.7
seq_111,VMLIFVKKKAAKPLRQVLRNIYRHWRPKMW,0.09766666666666667,-0.9633333333333334,0.6499999999999999,1.2496666666666667,0.06999999999999997,1.4366666666666668,5.3,7.46,91.0933333333333,13.0,0.0,4190.820000000001,0.366,-1.6,0.664,1.356,1.9,1.386,4.3,6.0,88.8,1.0,0.0,662.7999999999998,0.068,-1.1800000000000002,0.7040000000000001,1.5479999999999996,-0.08000000000000011,1.302,6.0,7.040000000000001,96.28,2.0,0.0,731.8599999999999
Sequence_379,IPCGESCVWIPCISGMFGCSCKDKVCYS,-0.4628571428571428,0.2142857142857142,0.6135714285714285,0.05857142857142855,-1.575,1.4382142857142857,5.089285714285714,8.871428571428572,86.35357142857143,42.0,5.0,3962.3199999999993,-0.55,0.9800000000000001,0.5800000000000001,-0.22400000000000003,-2.0,0.74,4.5,9.74,80.24000000000001,7.0,0.0,677.73,-0.302,-0.42000000000000004,0.674,0.53,-1.0400000000000003,2.1659999999999995,5.7,8.280000000000001,95.28,7.0,1.0,755.8399999999999
seq_981,VILIFVKKKAAKPLRQVLRNIYRHWRPRIR,0.08100000000000004,-0.7500000000000001,0.5619999999999997,1.1283333333333334,-0.16666666666666669,1.2196666666666665,4.9,7.713333333333334,84.68333333333331,11.0,0.0,3972.530000000001,0.292,-1.24,0.46799999999999997,0.976,1.06,1.386,3.3,6.82,75.66,1.0,0.0,606.7,0.042,-0.26,0.372,1.2,-0.66,0.0,4.6,7.74,70.96,0.0,0.0,569.6700000000001
Sequence_596,GLFKVLGSVAKHLLPHVAPVIAEK,0.04458333333333331,-0.7375000000000002,0.6970833333333332,0.9983333333333336,-0.09166666666666672,1.54625,4.9375,7.983333333333333,89.80000000000001,15.0,-3.0,3393.7800000000007,0.010000000000000009,-1.3,0.7440000000000001,1.06,-0.12000000000000004,1.9259999999999997,5.5,7.4,97.46,4.0,0.0,757.87,-0.06799999999999999,-0.27999999999999997,0.5359999999999999,0.542,-1.24,1.6759999999999997,3.7,9.18,76.92,3.0,-1.0,656.66
Sequence_576,PAWRKAFRAAWRMLKKAA,0.09388888888888888,-0.8333333333333334,0.6166666666666666,1.0733333333333335,0.3611111111111111,0.8038888888888889,4.638888888888889,7.638888888888889,78.58333333333333,5.0,0.0,2240.4900000000007,0.012,-0.9199999999999999,0.6119999999999999,1.302,-0.48,1.302,5.4,7.68,86.4,2.0,0.0,689.78,0.086,-0.76,0.692,0.9040000000000001,0.33999999999999997,0.58,4.5,8.440000000000001,78.20000000000002,2.0,0.0,619.6700000000001
Sequence_230,PRFWEYALRLME,0.12666666666666668,-0.5,0.7200000000000001,1.0208333333333333,0.975,0.42166666666666663,4.666666666666667,7.391666666666667,84.15833333333335,3.0,-2.0,1547.7600000000002,-0.094,-0.31999999999999995,0.6439999999999999,0.876,-0.4,1.012,4.8,7.68,84.84,2.0,-1.0,699.7800000000001,0.24,-0.4800000000000001,0.828,1.1400000000000001,1.5399999999999998,0.0,4.9,7.26,89.6,1.0,-1.0,641.74
Sequence_391,GEFLKCGESCVQGECYTPGCSCDWPICKKN,-0.5376666666666667,0.4866666666666666,0.6746666666666665,-0.02366666666666669,-1.8533333333333333,1.323666666666667,5.466666666666667,9.296666666666663,90.28999999999999,47.0,4.0,4395.7699999999995,-0.20800000000000002,-0.019999999999999973,0.756,0.3,-0.64,0.54,4.6,8.92,84.06000000000002,4.0,-1.0,686.7299999999999,-0.7,1.0,0.552,-0.27799999999999997,-3.04,1.8039999999999998,5.4,10.319999999999999,86.85999999999999,8.0,2.0,705.78
seq_1709,VILIFVKKKAAKPLRQVYRNIYRHIRPKWW,0.06666666666666671,-0.8333333333333335,0.5759999999999998,1.1096666666666666,-0.22,1.4366666666666668,4.95,7.756666666666667,86.14999999999996,13.0,0.0,4064.600000000001,0.292,-1.24,0.46799999999999997,0.976,1.06,1.386,3.3,6.82,75.66,1.0,0.0,606.7,-0.03400000000000001,-1.2799999999999998,0.648,1.488,-1.1,2.314,6.3,7.3,99.12,3.0,0.0,781.8800000000001
Sequence_91,GRRKRKWLRRIGKGVKIIGGAALDHL,-0.11923076923076922,-0.38076923076923086,0.5746153846153844,0.6669230769230767,-1.2153846153846155,0.9734615384615384,4.9423076923076925,8.784615384615384,81.3923076923077,19.0,-1.0,3388.620000000001,-0.26,-0.06,0.4919999999999999,0.8039999999999999,-2.3,0.54,5.7,8.98,80.47999999999999,3.0,0.0,646.6999999999999,0.09,-0.17999999999999994,0.8,0.6219999999999999,0.76,0.254,4.7,8.48,83.4,3.0,-1.0,630.68
Sequence_585,FAKLAKKLL,0.16999999999999998,-0.9888888888888889,0.7577777777777778,1.0377777777777777,1.1111111111111112,0.4833333333333333,4.722222222222222,7.611111111111111,83.91111111111111,3.0,0.0,1158.32,0.174,-0.86,0.676,0.852,1.48,0.29,3.9,7.459999999999999,73.48,1.0,0.0,585.66,0.182,-1.02,0.792,1.15,0.8799999999999999,0.58,5.1,7.860000000000001,88.08,2.0,0.0,661.7499999999999
Sequence_418,FAKLLAKLAKAKA,0.14461538461538462,-0.8384615384615385,0.6984615384615385,0.9223076923076923,0.9384615384615387,0.4461538461538461,4.3076923076923075,7.938461538461539,77.30000000000001,4.0,0.0,1580.7499999999998,0.26999999999999996,-1.1199999999999999,0.776,1.098,2.02,0.29,4.5,6.88,83.36,1.0,0.0,627.7399999999999,-0.010000000000000009,-0.5,0.592,0.658,-0.20000000000000004,0.58,3.9,9.02,68.32000000000001,2.0,0.0,577.59
Sequence_389,FLGLLFHGVHHVGKWIHGLIHGHH,-0.17124999999999999,0.13333333333333341,0.6783333333333332,0.3908333333333333,-1.0875000000000001,1.4795833333333335,5.041666666666667,8.991666666666669,89.0625,21.0,-7.0,3422.6100000000015,0.308,-1.2399999999999998,0.8720000000000001,1.172,2.5,0.25,5.1,6.319999999999999,92.8,2.0,0.0,660.81,-0.47800000000000004,1.8399999999999999,0.544,-0.5,-2.88,1.012,4.3,11.280000000000001,76.02,5.0,-3.0,662.61
Sequence_104,AIPCGESCVWIPCISTVIGCSCSNKVCYR,-0.42655172413793097,0.26206896551724135,0.5586206896551723,0.13655172413793104,-1.5827586206896551,1.661034482758621,4.982758620689655,8.824137931034484,84.98275862068965,41.0,6.0,4025.4100000000003,-0.356,0.27999999999999997,0.532,0.14999999999999997,-0.9400000000000001,0.74,4.5,8.76,77.08000000000001,6.0,1.0,633.72,-0.264,-0.48,0.6399999999999999,0.768,-1.2000000000000004,2.1659999999999995,6.2,8.040000000000001,99.02000000000001,6.0,1.0,765.8799999999999
seq_1167,VILIFVKKKAAKPLRQVLRNIYRHWHPKMK,0.05300000000000001,-0.7433333333333335,0.6279999999999998,1.089,-0.19666666666666674,1.358666666666667,5.083333333333333,7.880000000000001,88.46333333333331,14.0,-1.0,4140.6900000000005,0.292,-1.24,0.46799999999999997,0.976,1.06,1.386,3.3,6.82,75.66,1.0,0.0,606.7,-0.126,-0.22000000000000003,0.768,0.9639999999999999,-0.8400000000000002,0.834,5.7,8.739999999999998,93.64000000000001,3.0,-1.0,737.8299999999999
Sequence_223,FFGAIAAALPHVISAIKNAL,0.05399999999999998,-0.36499999999999994,0.5574999999999999,0.634,0.485,0.7284999999999999,3.675,8.09,71.225,8.0,0.0,2317.5600000000004,-0.039999999999999994,-0.45999999999999996,0.488,0.242,0.58,0.25,3.0,7.720000000000001,63.040000000000006,2.0,0.0,552.6100000000001,-0.07200000000000002,0.039999999999999994,0.584,0.528,-0.24000000000000005,1.024,4.3,8.8,77.58,3.0,1.0,596.68
seq_1567,VMLIFVKKKAAKPLRQVMRNVYRHWRPKWW,0.08100000000000003,-1.0933333333333333,0.6626666666666665,1.3263333333333336,-0.14000000000000004,1.8363333333333336,5.566666666666666,7.373333333333334,94.86999999999996,15.0,0.0,4370.01,0.366,-1.6,0.664,1.356,1.9,1.386,4.3,6.0,88.8,1.0,0.0,662.7999999999998,-0.03400000000000001,-1.2799999999999998,0.648,1.488,-1.1,2.314,6.3,7.3,99.12,3.0,0.0,781.8800000000001
Sequence_19,CLGIGSCNDFAGCGYAVVCFW,-0.4299999999999999,0.04285714285714283,0.646190476190476,0.08857142857142855,-1.2571428571428571,1.7804761904761905,5.333333333333333,8.59047619047619,89.67142857142856,32.0,5.0,2998.34,-0.45,0.31999999999999995,0.6120000000000001,-0.12800000000000003,-1.48,0.99,5.1,9.14,85.36,8.0,1.0,672.7399999999999,-0.192,-1.42,0.68,1.016,-1.02,4.273999999999999,6.3,6.6,112.88,7.0,1.0,885.02
seq_1252,VILIFVKKKAAKPLRQVYRNIYRHWRQKWW,0.0736666666666667,-0.9500000000000001,0.5966666666666663,1.1596666666666668,-0.22,1.6053333333333335,5.183333333333334,7.6466666666666665,89.3533333333333,14.0,0.0,4186.700000000001,0.292,-1.24,0.46799999999999997,0.976,1.06,1.386,3.3,6.82,75.66,1.0,0.0,606.7,0.036,-1.52,0.632,1.468,-0.9200000000000002,2.314,6.4,7.2,102.35999999999999,3.0,0.0,797.8600000000001
Sequence_126,VAKKFAKKFKKFAKKFAKFAFAF,-0.06304347826086955,-0.7782608695652173,0.6286956521739128,0.6539130434782611,-0.06086956521739128,0.8686956521739128,4.217391304347826,8.091304347826087,76.35652173913041,10.0,0.0,2983.270000000001,-0.028000000000000008,-1.1800000000000002,0.648,0.986,-0.6,1.9659999999999997,4.9,7.959999999999999,88.02,3.0,0.0,724.8,0.124,-0.8,0.5800000000000001,0.496,2.2199999999999998,0.0,2.8,6.540000000000001,62.019999999999996,0.0,0.0,541.63
Sequence_174,LLGDFFRKSKEKIGKEFKRIVQRIKDFLRNLVPRTES,-0.11351351351351349,-0.318918918918919,0.6172972972972972,0.6375675675675676,-0.7621621621621621,0.7764864864864864,4.675675675675675,8.524324324324324,81.45945945945945,24.0,-2.0,4895.310000000001,0.034,-0.8399999999999999,0.8200000000000001,0.6719999999999999,0.9,0.25,5.0,7.6,87.53999999999999,4.0,0.0,661.76,-0.194,0.31999999999999995,0.5860000000000001,0.5859999999999997,-0.9400000000000001,0.0,4.4,8.9,73.16,3.0,-1.0,621.6500000000001
Sequence_53,WFKKIPKFLHLLKKF,0.008666666666666665,-0.7666666666666667,0.7053333333333331,0.8853333333333335,0.11333333333333329,0.9053333333333332,4.933333333333334,7.820000000000001,87.02,7.0,-1.0,2085.3600000000006,-0.11599999999999999,-0.86,0.5439999999999999,0.652,-1.12,1.592,4.5,8.3,80.91999999999999,3.0,0.0,687.73,0.14,-1.1199999999999999,0.812,1.0919999999999999,1.02,0.58,5.2,7.340000000000001,91.22,2.0,0.0,693.81
seq_601,VMLIFVKKKAAKPYRQVYRNVYRHWRPKMR,0.08900000000000001,-0.9800000000000001,0.6446666666666665,1.2963333333333336,0.023333333333333355,1.499,5.433333333333334,7.446666666666668,91.84999999999997,13.0,0.0,4225.89,0.366,-1.6,0.664,1.356,1.9,1.386,4.3,6.0,88.8,1.0,0.0,662.7999999999998,0.05,-0.72,0.636,1.4679999999999997,-0.14000000000000012,0.29,5.7,7.4,87.76000000000002,1.0,0.0,665.8
Sequence_55,KWKSFLKTFKSLKKTVLHTALKAISS,-0.03653846153846155,-0.6307692307692307,0.6523076923076923,0.7392307692307695,-0.2769230769230769,0.9003846153846152,4.673076923076923,8.319230769230769,80.72692307692309,17.0,-1.0,3416.6300000000006,-0.2,-0.8,0.65,0.654,-1.2,1.592,5.0,8.34,84.64,4.0,0.0,717.75,-0.10200000000000001,-0.07999999999999999,0.45600000000000007,0.266,-0.68,0.29,3.0,9.180000000000001,58.120000000000005,3.0,0.0,529.5
seq_391,VMLIFVKKKAAKPMRQVYRNIYRHWRPKMY,0.10200000000000002,-0.9266666666666666,0.6419999999999999,1.233,0.21999999999999995,1.268,5.216666666666667,7.463333333333335,89.49333333333331,12.0,0.0,4112.760000000001,0.366,-1.6,0.664,1.356,1.9,1.386,4.3,6.0,88.8,1.0,0.0,662.7999999999998,0.17200000000000001,-1.02,0.716,1.5279999999999998,1.02,0.29,5.6,6.9799999999999995,90.06000000000002,1.0,0.0,667.8199999999999
seq_716,VILIFVKKKAAKPYRKVLRNIYRHWRPKWW,0.028333333333333332,-0.8433333333333335,0.5993333333333332,1.1076666666666668,-0.4500000000000001,1.6536666666666668,5.15,7.836666666666667,88.07999999999997,15.0,0.0,4160.6900000000005,0.292,-1.24,0.46799999999999997,0.976,1.06,1.386,3.3,6.82,75.66,1.0,0.0,606.7,-0.03400000000000001,-1.2799999999999998,0.648,1.488,-1.1,2.314,6.3,7.3,99.12,3.0,0.0,781.8800000000001
seq_266,VILIFVKKKAAKPMRQVLRNIYRHWRPKMQ,0.09833333333333336,-0.9100000000000001,0.6159999999999998,1.2096666666666664,0.0433333333333333,1.268,5.116666666666666,7.553333333333334,88.82666666666664,12.0,0.0,4118.72,0.292,-1.24,0.46799999999999997,0.976,1.06,1.386,3.3,6.82,75.66,1.0,0.0,606.7,0.186,-1.22,0.7040000000000001,1.6879999999999995,0.7399999999999999,0.29,5.9,6.840000000000001,95.82000000000001,1.0,0.0,715.8599999999999
seq_78,VMLIFVKKKAAKPYRQVYRNIYRHWRPKMR,0.08200000000000002,-0.8666666666666668,0.6213333333333331,1.209666666666667,0.04000000000000002,1.268,5.216666666666667,7.566666666666667,88.54666666666664,12.0,0.0,4096.72,0.366,-1.6,0.664,1.356,1.9,1.386,4.3,6.0,88.8,1.0,0.0,662.7999999999998,0.05,-0.72,0.636,1.4679999999999997,-0.14000000000000012,0.29,5.7,7.4,87.76000000000002,1.0,0.0,665.8
seq_1014,VILIFVKKKAAKPLRQVYRNIYRHWRPRWR,0.07000000000000003,-0.8166666666666668,0.5766666666666664,1.1683333333333334,-0.20666666666666664,1.3883333333333332,5.1,7.6433333333333335,86.78333333333329,12.0,0.0,4064.630000000001,0.292,-1.24,0.46799999999999997,0.976,1.06,1.386,3.3,6.82,75.66,1.0,0.0,606.7,0.013999999999999995,-0.72,0.512,1.52,-0.8400000000000002,1.012,5.9,7.18,86.94000000000001,1.0,0.0,675.7900000000001
Sequence_38,FNRGGYNFGKSVRHVVDAIGSVAGILKSIR,-0.16299999999999995,-0.32666666666666655,0.5709999999999998,0.5736666666666667,-1.113333333333333,1.5159999999999998,4.75,8.609999999999998,82.26000000000002,26.0,1.0,3984.3300000000013,-0.502,0.4800000000000001,0.6040000000000001,0.11400000000000002,-2.0,1.234,5.5,9.16,85.28,6.0,1.0,674.77,0.03199999999999999,-0.39999999999999997,0.522,0.75,-0.3000000000000001,0.29,4.1,8.36,71.74000000000001,2.0,0.0,581.6199999999999
Sequence_86,FVDLKKIANIINSIFKK,-0.1547058823529412,-0.18823529411764706,0.5252941176470587,0.39764705882352924,-0.9470588235294118,1.1805882352941175,4.0588235294117645,8.86470588235294,75.30588235294118,12.0,2.0,2117.31,0.019999999999999983,-1.3,0.76,0.9839999999999998,-0.12000000000000002,1.6759999999999997,5.3,7.62,94.66,4.0,0.0,743.8399999999999,-0.17200000000000001,-0.33999999999999997,0.51,0.33399999999999996,-1.02,0.58,3.7,8.9,68.66,3.0,0.0,611.63
seq_1525,VMLIFVKKKAAKPMRQVLRNIYRHWRPKMW,0.09100000000000003,-0.9633333333333334,0.6486666666666666,1.2496666666666667,0.04666666666666664,1.4366666666666668,5.3,7.450000000000001,91.0933333333333,13.0,0.0,4190.820000000001,0.366,-1.6,0.664,1.356,1.9,1.386,4.3,6.0,88.8,1.0,0.0,662.7999999999998,0.068,-1.1800000000000002,0.7040000000000001,1.5479999999999996,-0.08000000000000011,1.302,6.0,7.040000000000001,96.28,2.0,0.0,731.8599999999999
seq_1647,VILIFVKKKAAKPLRQVLRNIYRHWCPKWK,-0.0019999999999999797,-0.7600000000000001,0.6186666666666664,1.0343333333333333,-0.4,1.5666666666666669,5.216666666666667,7.863333333333333,89.74999999999997,18.0,1.0,4217.780000000001,0.292,-1.24,0.46799999999999997,0.976,1.06,1.386,3.3,6.82,75.66,1.0,0.0,606.7,-0.45599999999999996,-0.31999999999999995,0.7120000000000001,0.636,-2.06,2.082,6.5,8.64,101.36000000000001,7.0,1.0,814.92
Sequence_52,GLFDIVKKIAGHIASSI,-0.09882352941176471,-0.23529411764705882,0.508235294117647,0.3364705882352941,-0.8176470588235295,0.7999999999999998,3.676470588235294,8.96470588235294,69.97058823529412,12.0,-1.0,2027.0699999999995,-0.07999999999999999,-0.48,0.616,0.292,-0.08,0.25,4.0,8.36,74.4,4.0,0.0,605.6600000000001,0.010000000000000004,0.019999999999999997,0.316,0.138,-0.12000000000000004,0.0,1.9,8.9,47.0,2.0,0.0,449.41
seq_1421,VIIIFVKKKAAKPLRKVLRNIYRHWRPKMR,0.02966666666666667,-0.7000000000000001,0.5719999999999997,1.0543333333333331,-0.4433333333333334,1.3163333333333334,4.9,7.956666666666667,84.55999999999997,13.0,0.0,4002.5300000000007,0.17800000000000002,-0.8800000000000001,0.26399999999999996,0.596,0.07999999999999999,1.386,2.3,7.58,62.52,1.0,0.0,550.6,0.05,-0.72,0.636,1.4679999999999997,-0.14000000000000012,0.29,5.7,7.4,87.76000000000002,1.0,0.0,665.8
Sequence_588,KLLKLLLKLYKKLLKLL,0.32000000000000006,-1.323529411764706,0.8917647058823528,1.4317647058823528,1.7647058823529413,0.5117647058823529,5.647058823529412,7.0764705882352965,97.44117647058825,6.0,0.0,2359.8100000000004,0.278,-1.2799999999999998,0.8920000000000001,1.3959999999999997,1.42,0.58,5.7,7.280000000000001,97.96,2.0,0.0,703.8299999999999,0.504,-1.5399999999999998,0.9560000000000001,1.6480000000000001,2.96,0.29,5.6,6.24,99.97999999999999,1.0,0.0,679.8399999999999
seq_1451,VMLIFVKKKAAKPLRQVYRNIYRHWRPKMK,0.07733333333333335,-0.8933333333333333,0.6413333333333332,1.2043333333333335,-0.0033333333333334103,1.3163333333333334,5.25,7.623333333333334,89.71999999999998,13.0,0.0,4150.770000000001,0.366,-1.6,0.664,1.356,1.9,1.386,4.3,6.0,88.8,1.0,0.0,662.7999999999998,-0.016000000000000004,-0.82,0.7040000000000001,1.3559999999999997,-0.46000000000000013,0.58,5.8,7.88,91.42,2.0,0.0,705.8299999999999
Sequence_333,FAKLLAKAFKKAL,0.12846153846153846,-0.8769230769230769,0.7061538461538462,0.9000000000000001,0.9923076923076923,0.4461538461538461,4.346153846153846,7.738461538461539,78.50769230769231,4.0,0.0,1612.8100000000002,0.26999999999999996,-1.1199999999999999,0.776,1.098,2.02,0.29,4.5,6.88,83.36,1.0,0.0,627.7399999999999,0.044,-0.86,0.712,0.8460000000000001,0.47999999999999987,0.58,4.6,7.92,81.34,2.0,0.0,651.73
seq_1608,VMLIFVKKKAAKPMRQVYRNIYRHWRPKWR,0.06466666666666669,-0.8933333333333333,0.6193333333333332,1.2130000000000003,-0.1433333333333334,1.4366666666666668,5.283333333333333,7.576666666666667,89.5833333333333,13.0,0.0,4160.760000000001,0.366,-1.6,0.664,1.356,1.9,1.386,4.3,6.0,88.8,1.0,0.0,662.7999999999998,-0.052000000000000005,-0.82,0.58,1.408,-1.1600000000000001,1.302,6.0,7.659999999999999,90.6,2.0,0.0,715.82
Sequence_165,PDEDAINDALNKVCSTGRRQRSICKQLLKK,-0.2233333333333333,-0.07000000000000003,0.6286666666666664,0.4926666666666667,-1.0433333333333334,0.8739999999999999,5.083333333333333,8.859999999999998,84.25666666666667,29.0,3.0,4017.3800000000006,-0.29800000000000004,0.32,0.716,0.13399999999999998,-1.3599999999999999,0.0,4.2,10.0,74.02000000000001,5.0,-1.0,635.6400000000001,0.254,-1.42,0.8280000000000001,1.4759999999999998,1.0800000000000003,0.58,5.9,7.279999999999999,100.33999999999999,2.0,0.0,737.8499999999999
Sequence_89,GLPVCGETCFGGTCNTPGCACDPWPVCTRD,-0.5026666666666667,0.2066666666666666,0.6726666666666666,0.19866666666666666,-1.6666666666666667,1.4513333333333334,5.866666666666666,8.799999999999999,92.9033333333333,48.0,6.0,4439.01,-0.21799999999999997,-0.6600000000000001,0.7720000000000001,0.916,-0.5,2.126,6.4,7.459999999999999,106.78,7.0,1.0,804.97,-0.45600000000000007,-0.11999999999999997,0.6,0.32399999999999995,-2.24,1.876,6.0,8.82,92.99999999999999,8.0,1.0,744.8100000000001
seq_709,VMLIFVKKKAAKPLRQFLRNIYRHWRPKMK,0.07266666666666667,-0.8233333333333335,0.6473333333333332,1.1436666666666666,0.12000000000000002,1.0853333333333333,5.133333333333334,7.603333333333334,88.04666666666664,12.0,0.0,4081.7000000000007,0.366,-1.6,0.664,1.356,1.9,1.386,4.3,6.0,88.8,1.0,0.0,662.7999999999998,-0.016000000000000004,-0.82,0.7040000000000001,1.3559999999999997,-0.46000000000000013,0.58,5.8,7.88,91.42,2.0,0.0,705.8299999999999
seq_551,VMLIFVKKKAAKPLRKVLRNIYRHWRPKWR,0.044000000000000004,-0.8366666666666667,0.6293333333333332,1.171,-0.3100000000000001,1.485,5.283333333333333,7.736666666666666,89.41333333333331,14.0,0.0,4164.75,0.366,-1.6,0.664,1.356,1.9,1.386,4.3,6.0,88.8,1.0,0.0,662.7999999999998,-0.052000000000000005,-0.82,0.58,1.408,-1.1600000000000001,1.302,6.0,7.659999999999999,90.6,2.0,0.0,715.82
Sequence_523,GFFALIPKIISSPLFKTLLSAVGSALS,0.0825925925925926,-0.7037037037037037,0.6181481481481481,0.7948148148148151,0.7037037037037037,0.45666666666666667,4.018518518518518,7.666666666666664,74.86296296296298,13.0,0.0,3261.6300000000015,0.07400000000000002,-0.82,0.692,0.622,1.56,0.25,4.0,6.960000000000001,76.18,2.0,0.0,608.71,-0.046,-0.3,0.656,0.4739999999999999,0.24,0.25,4.0,8.440000000000001,70.82,4.0,0.0,576.59
seq_1486,VILIFVKKKAAKPLRQVYRNIYRNWRPKWK,0.03200000000000002,-0.8500000000000001,0.5993333333333332,1.1373333333333335,-0.3266666666666667,1.5650000000000004,5.2,7.7700000000000005,88.68333333333331,15.0,2.0,4143.750000000001,0.292,-1.24,0.46799999999999997,0.976,1.06,1.386,3.3,6.82,75.66,1.0,0.0,606.7,-0.11800000000000002,-0.9199999999999999,0.648,1.2959999999999998,-1.48,1.592,6.1,8.14,94.26000000000002,3.0,0.0,755.85
seq_4,VILIFVKKKAAKPLRQVYRNIYRHWRPKMK,0.06500000000000002,-0.8333333333333335,0.6086666666666665,1.1410000000000002,-0.14333333333333337,1.3163333333333334,5.083333333333333,7.760000000000002,87.52999999999997,13.0,0.0,4094.6700000000005,0.292,-1.24,0.46799999999999997,0.976,1.06,1.386,3.3,6.82,75.66,1.0,0.0,606.7,-0.016000000000000004,-0.82,0.7040000000000001,1.3559999999999997,-0.46000000000000013,0.58,5.8,7.88,91.42,2.0,0.0,705.8299999999999
seq_1578,VILIFVKKKAAKPLRQVYRNIYRKWRPKWY,0.08666666666666671,-1.0000000000000002,0.6019999999999999,1.2063333333333335,-0.05666666666666664,1.4426666666666668,5.133333333333334,7.590000000000001,88.01666666666664,13.0,1.0,4114.71,0.292,-1.24,0.46799999999999997,0.976,1.06,1.386,3.3,6.82,75.66,1.0,0.0,606.7,0.06999999999999999,-1.1199999999999999,0.6599999999999999,1.468,0.0,1.302,5.9,7.24,92.9,2.0,0.0,717.84
seq_52,VILIFVKKKAAKPYRQVYRNIYRHIRPKIK,0.051000000000000024,-0.6866666666666666,0.5439999999999998,1.0110000000000001,-0.26333333333333336,1.1476666666666666,4.683333333333334,8.013333333333334,82.11333333333332,12.0,0.0,3918.430000000001,0.292,-1.24,0.46799999999999997,0.976,1.06,1.386,3.3,6.82,75.66,1.0,0.0,606.7,-0.09000000000000001,-0.45999999999999996,0.508,0.9759999999999998,-1.3,0.58,4.8,8.7,78.28000000000002,2.0,0.0,649.73
seq_995,VILIFVKKKAAKPLRQVLRNIFRHWRPKWW,0.05166666666666669,-0.9033333333333335,0.603333333333333,1.139,-0.29666666666666675,1.6053333333333335,5.116666666666666,7.626666666666666,88.81666666666663,14.0,0.0,4188.740000000001,0.292,-1.24,0.46799999999999997,0.976,1.06,1.386,3.3,6.82,75.66,1.0,0.0,606.7,-0.03400000000000001,-1.2799999999999998,0.648,1.488,-1.1,2.314,6.3,7.3,99.12,3.0,0.0,781.8800000000001
Sequence_68,MWKWFHNVLSWWWLLADKRPARDYNRK,-0.04592592592592593,-0.6925925925925926,0.6929629629629628,0.9722222222222221,-0.42222222222222217,1.673703703703704,5.537037037037037,7.877777777777777,91.79259259259258,19.0,1.0,3820.2700000000004,0.042,-1.5799999999999998,0.74,1.224,0.1,2.314,5.7,6.640000000000001,98.92,3.0,0.0,769.86,-0.3340000000000001,0.24,0.6519999999999999,0.434,-1.6,1.024,5.7,9.44,86.28,5.0,1.0,665.75
Sequence_108,KAKLAKKALAKLL,0.14769230769230768,-0.9000000000000001,0.7430769230769231,1.036923076923077,0.7076923076923076,0.5576923076923077,4.769230769230769,8.092307692307692,82.91538461538462,5.0,0.0,1656.8400000000001,0.086,-0.76,0.692,0.9040000000000001,0.3399999999999999,0.58,4.5,8.440000000000001,78.2,2.0,0.0,619.67,0.40800000000000003,-1.2799999999999998,0.8560000000000001,1.402,2.42,0.29,5.0,6.82,90.1,1.0,0.0,637.7599999999999
Sequence_103,GLPTCGETCFGGTCNTPGCTCDPWPVCTHN,-0.5690000000000001,0.5033333333333332,0.6733333333333332,0.05999999999999998,-1.82,1.3850000000000002,5.933333333333334,9.056666666666665,92.7333333333333,50.0,6.0,4429.989999999999,-0.32799999999999996,-0.06000000000000005,0.7320000000000001,0.4999999999999999,-0.45999999999999996,0.74,6.0,8.1,93.93999999999998,7.0,1.0,719.8499999999999,-0.658,1.04,0.648,-0.061999999999999986,-2.7,2.864,6.3,9.62,101.1,9.0,1.0,790.8800000000001
Sequence_21,GFGALFKFLAKKVAKTVAKQAAKQGAKYVVNKQME,0.01257142857142857,-0.9228571428571428,0.6788571428571427,0.9582857142857145,-0.06571428571428574,1.3354285714285714,5.0285714285714285,7.977142857142857,88.47142857142859,22.0,0.0,4888.41,-0.07199999999999998,-0.5800000000000001,0.704,0.502,0.36,0.5,4.6,7.960000000000001,80.46000000000001,4.0,0.0,633.71,-0.21600000000000003,0.24,0.764,0.6139999999999999,-0.8,1.024,5.5,8.96,96.25999999999999,4.0,0.0,730.8100000000001
Sequence_474,RWGKWFKKATHVGKHVGKAALTAYL,-0.07680000000000002,-0.6480000000000001,0.6624,0.8008,-0.7200000000000002,1.5008,5.22,8.427999999999999,87.40000000000002,19.0,-2.0,3489.7400000000007,-0.22400000000000003,-0.9799999999999999,0.6280000000000001,0.9640000000000001,-2.1800000000000006,2.564,6.3,8.260000000000002,97.52,5.0,0.0,778.8199999999999,0.41400000000000003,-1.2,0.764,1.298,2.8600000000000003,0.0,4.7,6.6,82.58,1.0,0.0,587.6999999999999
Sequence_410,IGKEFKRIVQRIKDFLRNLVPRTES,-0.0864,-0.33599999999999997,0.5747999999999999,0.7167999999999999,-0.7879999999999999,0.9251999999999999,4.64,8.419999999999998,81.416,15.0,-1.0,3293.600000000001,-0.32199999999999995,0.34,0.5519999999999999,-0.07999999999999999,-1.6199999999999999,0.54,3.6,9.68,70.92,4.0,-1.0,630.63,-0.194,0.31999999999999995,0.5860000000000001,0.5859999999999997,-0.9400000000000001,0.0,4.4,8.9,73.16,3.0,-1.0,621.6500000000001
seq_1540,VILIFVKKKAAKPYRQVLRNIYRHWRPKIK,0.05266666666666668,-0.7733333333333333,0.5759999999999998,1.0776666666666666,-0.2833333333333333,1.3163333333333334,4.916666666666667,7.896666666666667,85.33999999999997,13.0,0.0,4038.570000000001,0.292,-1.24,0.46799999999999997,0.976,1.06,1.386,3.3,6.82,75.66,1.0,0.0,606.7,-0.09000000000000001,-0.45999999999999996,0.508,0.9759999999999998,-1.3,0.58,4.8,8.7,78.28000000000002,2.0,0.0,649.73
seq_16,VMLIFVKKKAAKPLRQVLRNIYRHWRPKMY,0.115,-0.9366666666666668,0.6519999999999999,1.2463333333333333,0.2533333333333333,1.268,5.233333333333333,7.450000000000001,90.05666666666664,12.0,0.0,4126.780000000001,0.366,-1.6,0.664,1.356,1.9,1.386,4.3,6.0,88.8,1.0,0.0,662.7999999999998,0.17200000000000001,-1.02,0.716,1.5279999999999998,1.02,0.29,5.6,6.9799999999999995,90.06000000000002,1.0,0.0,667.8199999999999
Sequence_557,AGCIKNGGRCNASAGPPYCCSSYCFQIAGQSYGVCKNR,-0.3918421052631579,0.2605263157894737,0.6073684210526314,0.20131578947368417,-1.118421052631579,1.1326315789473687,5.2105263157894735,8.79736842105263,84.83947368421053,49.0,9.0,5133.749999999999,-0.488,0.44000000000000006,0.516,-0.20199999999999996,-1.9600000000000002,1.03,4.5,9.7,75.92,7.0,1.0,639.67,-0.592,0.42000000000000004,0.624,0.354,-2.8200000000000003,2.8999999999999995,6.6,9.120000000000001,103.02000000000001,8.0,2.0,794.92
Sequence_413,DHYICAKKGGTCNFSPCPLFNRIEGTCYSGKAKCCIR,-0.45216216216216215,0.49729729729729727,0.6032432432432431,0.01729729729729727,-1.464864864864865,0.9218918918918919,5.04054054054054,9.197297297297297,82.09999999999998,48.0,6.0,4943.43,-0.46399999999999997,0.9400000000000001,0.5760000000000001,-0.392,-1.5399999999999998,0.744,4.6,9.86,78.17999999999999,7.0,0.0,645.67,-0.7659999999999999,1.1,0.484,-0.4720000000000001,-2.84,1.27,5.4,9.68,84.0,9.0,2.0,693.76
Sequence_673,GFGCPNDYPCHRHCKSIPGRAGGYCGGAHRLRCTCYR,-0.4418918918918918,0.508108108108108,0.6256756756756754,0.13243243243243238,-1.4486486486486487,0.875135135135135,5.472972972972973,9.05945945945946,85.50270270270266,48.0,4.0,5047.620000000001,-0.568,0.21999999999999997,0.6880000000000001,0.04799999999999995,-1.42,0.99,5.7,8.540000000000001,90.89999999999999,8.0,1.0,736.8600000000001,-0.646,0.82,0.596,-0.19600000000000004,-1.42,0.9800000000000001,6.1,8.7,89.62,9.0,2.0,699.8
Sequence_66,FRGLAKLLKIGLKSFARVLKKVLPKAAKAGKALAKSMADENAIRQQNQ,0.02416666666666666,-0.6375000000000001,0.6599999999999998,0.8806250000000001,0.07708333333333335,0.7916666666666666,4.770833333333333,8.125,83.12291666666667,26.0,1.0,6244.929999999999,0.052000000000000005,-0.62,0.64,0.7859999999999999,0.74,0.25,4.5,7.459999999999999,77.24,2.0,0.0,602.69,0.13199999999999995,-0.9,0.6279999999999999,1.5059999999999998,0.5799999999999998,0.734,6.4,6.9799999999999995,104.08,2.0,1.0,756.8900000000001
seq_1461,VILIFVKKKAAKPYRKVLRNIYRKWRPKMY,0.07000000000000002,-0.9166666666666667,0.6113333333333332,1.1610000000000003,-0.08666666666666671,1.3223333333333334,5.066666666666666,7.720000000000001,86.80999999999997,13.0,1.0,4054.6600000000003,0.292,-1.24,0.46799999999999997,0.976,1.06,1.386,3.3,6.82,75.66,1.0,0.0,606.7,0.17200000000000001,-1.02,0.716,1.5279999999999998,1.02,0.29,5.6,6.9799999999999995,90.06000000000002,1.0,0.0,667.8199999999999
Sequence_228,KWKLFKKIGIGKFKLAKKF,-0.12684210526315787,-0.6842105263157895,0.6357894736842103,0.6257894736842106,-0.863157894736842,1.0084210526315787,4.7631578947368425,8.6,82.36315789473684,13.0,0.0,2579.79,-0.0020000000000000087,-1.22,0.748,1.032,-0.14000000000000004,1.592,5.5,7.540000000000001,94.06,3.0,0.0,743.8299999999999,0.04399999999999999,-0.86,0.7120000000000001,0.8460000000000001,0.47999999999999987,0.58,4.6,7.92,81.34,2.0,0.0,651.7299999999999
seq_818,VIIIFVKKKAAKPLRQVLRNIYRHWRPKMW,0.06633333333333334,-0.8433333333333335,0.5833333333333331,1.123,-0.23333333333333334,1.4366666666666668,4.966666666666667,7.723333333333333,86.71333333333331,13.0,0.0,4078.6200000000013,0.17800000000000002,-0.8800000000000001,0.26399999999999996,0.596,0.07999999999999999,1.386,2.3,7.58,62.52,1.0,0.0,550.6,0.068,-1.1800000000000002,0.7040000000000001,1.5479999999999996,-0.08000000000000011,1.302,6.0,7.040000000000001,96.28,2.0,0.0,731.8599999999999
Sequence_686,PAWRKAFRKAWRMLKKAA,0.05777777777777777,-0.8333333333333334,0.6266666666666665,1.0716666666666668,0.08333333333333331,0.8844444444444444,4.833333333333333,7.7666666666666675,80.76666666666668,6.0,0.0,2306.5600000000004,0.012,-0.9199999999999999,0.6119999999999999,1.302,-0.48,1.302,5.4,7.68,86.4,2.0,0.0,689.78,0.086,-0.76,0.692,0.9040000000000001,0.33999999999999997,0.58,4.5,8.440000000000001,78.20000000000002,2.0,0.0,619.6700000000001
seq_114,VILIFVKKKAAKPLRQVYRNIYRKWRPKMR,0.08333333333333338,-0.9333333333333335,0.5979999999999998,1.2063333333333335,-0.08,1.274,5.1,7.616666666666668,87.15999999999998,12.0,1.0,4062.6700000000005,0.292,-1.24,0.46799999999999997,0.976,1.06,1.386,3.3,6.82,75.66,1.0,0.0,606.7,0.05,-0.72,0.636,1.4679999999999997,-0.14000000000000012,0.29,5.7,7.4,87.76000000000002,1.0,0.0,665.8
seq_1068,VILIFVKKKAAKPYRQFLRNIYRHWRPKWR,0.04800000000000001,-0.7533333333333334,0.585333333333333,1.0756666666666668,-0.14666666666666664,1.2056666666666664,4.983333333333333,7.7266666666666675,85.15666666666662,12.0,0.0,4021.570000000001,0.292,-1.24,0.46799999999999997,0.976,1.06,1.386,3.3,6.82,75.66,1.0,0.0,606.7,-0.052000000000000005,-0.82,0.58,1.408,-1.1600000000000001,1.302,6.0,7.659999999999999,90.6,2.0,0.0,715.82
Sequence_133,GLFDVIAKVASVIKKL,0.04,-1.0374999999999999,0.616875,0.9018750000000001,-0.36250000000000004,1.6493749999999998,4.5625,8.05,84.51875000000001,11.0,0.0,2173.37,-0.03799999999999999,-1.16,0.756,0.812,-0.18,1.636,5.3,7.639999999999999,94.22,5.0,0.0,734.83,0.092,-1.24,0.6239999999999999,1.1560000000000001,-0.64,1.9659999999999997,5.0,8.080000000000002,91.5,3.0,0.0,720.8
seq_1190,VILIFVKKKAAKPLRQVLRNIYRHWRPRWY,0.0966666666666667,-0.8766666666666668,0.5986666666666665,1.1916666666666667,-0.003333333333333351,1.3883333333333332,5.1,7.55,87.72999999999996,12.0,0.0,4080.670000000001,0.292,-1.24,0.46799999999999997,0.976,1.06,1.386,3.3,6.82,75.66,1.0,0.0,606.7,0.136,-1.02,0.592,1.58,0.31999999999999995,1.012,5.8,6.76,89.24000000000001,1.0,0.0,677.8100000000001
seq_1605,VILIFVKKKAAKPLRQVLRNIYRNWRPKWR,0.049333333333333354,-0.8433333333333335,0.5966666666666663,1.1693333333333336,-0.26333333333333336,1.5166666666666668,5.2,7.666666666666667,88.63666666666663,14.0,2.0,4117.740000000001,0.292,-1.24,0.46799999999999997,0.976,1.06,1.386,3.3,6.82,75.66,1.0,0.0,606.7,-0.052000000000000005,-0.82,0.58,1.408,-1.1600000000000001,1.302,6.0,7.659999999999999,90.6,2.0,0.0,715.82
seq_110,VMLIFVKKKAAKPLRQVLRNIFRHWRPKIW,0.06866666666666668,-0.8866666666666667,0.6126666666666665,1.149,-0.12666666666666676,1.4366666666666668,5.066666666666666,7.583333333333333,88.3433333333333,13.0,0.0,4138.720000000001,0.366,-1.6,0.664,1.356,1.9,1.386,4.3,6.0,88.8,1.0,0.0,662.7999999999998,-0.006000000000000004,-0.82,0.508,1.168,-0.9200000000000002,1.302,5.0,7.860000000000001,83.14000000000001,2.0,0.0,675.76
seq_1659,VMLIFVKKKAAKPMRQVYRNIYRHWRPKIR,0.06933333333333337,-0.8166666666666667,0.5959999999999999,1.1596666666666668,-0.11333333333333338,1.268,5.066666666666666,7.670000000000001,86.91999999999999,12.0,0.0,4054.6400000000012,0.366,-1.6,0.664,1.356,1.9,1.386,4.3,6.0,88.8,1.0,0.0,662.7999999999998,-0.024000000000000004,-0.36,0.44000000000000006,1.0879999999999999,-0.9800000000000001,0.29,4.7,8.22,74.62,1.0,0.0,609.7
seq_1606,VILIFVKKKAAKPLRQVYRNIYRKWRPKIK,0.06000000000000005,-0.8900000000000001,0.5766666666666664,1.1243333333333334,-0.2733333333333333,1.3223333333333334,4.95,7.833333333333334,85.57999999999998,13.0,1.0,4046.6000000000004,0.292,-1.24,0.46799999999999997,0.976,1.06,1.386,3.3,6.82,75.66,1.0,0.0,606.7,-0.09000000000000001,-0.45999999999999996,0.508,0.9759999999999998,-1.3,0.58,4.8,8.7,78.28000000000002,2.0,0.0,649.73
seq_831,VILIFVKKKAAKPMRQVLRNIYRHWRPKMK,0.06466666666666669,-0.8433333333333335,0.6159999999999998,1.1543333333333332,-0.1566666666666667,1.3163333333333334,5.1,7.726666666666668,88.0933333333333,13.0,0.0,4108.6900000000005,0.292,-1.24,0.46799999999999997,0.976,1.06,1.386,3.3,6.82,75.66,1.0,0.0,606.7,-0.016000000000000004,-0.82,0.7040000000000001,1.3559999999999997,-0.46000000000000013,0.58,5.8,7.88,91.42,2.0,0.0,705.8299999999999
Sequence_61,LALMLPGC,0.09750000000000006,-0.7250000000000001,0.8375,1.04375,1.625,0.4625,5.5,6.9125,94.63750000000002,6.0,1.0,1083.33,0.5940000000000001,-1.5399999999999998,0.9120000000000001,1.654,3.8200000000000003,0.0,4.9,5.72,92.12,0.0,0.0,613.7699999999999,-0.186,-0.34,0.8280000000000001,0.7759999999999999,0.4400000000000002,0.74,6.1,7.359999999999999,100.1,6.0,1.0,731.8999999999999
seq_14,VILIFVKKKAAKPYRKVYRNIYRKIRPKMR,0.047999999999999994,-0.78,0.5659999999999997,1.0843333333333334,-0.26,1.1536666666666666,4.85,7.906666666666668,83.19999999999999,12.0,1.0,3932.5000000000005,0.292,-1.24,0.46799999999999997,0.976,1.06,1.386,3.3,6.82,75.66,1.0,0.0,606.7,0.05,-0.72,0.636,1.4679999999999997,-0.14000000000000012,0.29,5.7,7.4,87.76000000000002,1.0,0.0,665.8
seq_1679,VMLIFVKKKAAKPLRQVLRNIYRHWCPRWW,0.03533333333333334,-0.8633333333333334,0.6399999999999999,1.1483333333333332,-0.14333333333333337,1.6386666666666667,5.4,7.506666666666666,92.13999999999996,17.0,1.0,4259.880000000001,0.366,-1.6,0.664,1.356,1.9,1.386,4.3,6.0,88.8,1.0,0.0,662.7999999999998,-0.306,-0.5799999999999998,0.6439999999999999,0.9399999999999998,-1.3599999999999999,2.5140000000000002,6.6,7.32,102.55999999999999,6.0,1.0,800.9200000000001
Sequence_392,YHWYGYTPQNVIGGGKLLLKLLKKLLKLLKKK,0.054687500000000014,-0.8687500000000001,0.7662499999999998,1.0603124999999998,0.23437499999999997,1.0478125,5.640625,7.918749999999998,94.61875000000003,22.0,0.0,4545.2,-0.04199999999999997,-0.41999999999999993,0.716,0.724,0.020000000000000108,1.516,5.6,8.16,92.16,4.0,-1.0,708.77,0.052000000000000005,-1.02,0.8280000000000001,1.1439999999999997,-0.1200000000000001,0.8699999999999999,5.8,8.32,95.93999999999998,3.0,0.0,727.8199999999999
Sequence_285,TCCATGACGTTCCTGACGTT,-0.6914999999999998,0.7249999999999999,0.5929999999999999,-0.39150000000000007,-2.025,0.985,5.575,9.474999999999998,83.48,39.0,6.0,2730.91,-0.7260000000000001,0.9399999999999998,0.5760000000000001,-0.49800000000000005,-1.72,0.9800000000000001,5.5,9.260000000000002,82.64,10.0,2.0,675.73,-0.5120000000000001,0.38000000000000006,0.5760000000000001,-0.12200000000000003,-1.52,0.74,5.2,9.260000000000002,78.75999999999999,8.0,1.0,647.68
Sequence_541,MPFLFCNVNDVCNFASRNDYSCNYYSNSYSFWLASLNPER,-0.24650000000000002,0.13250000000000006,0.681,0.44575,-0.2725000000000001,1.2990000000000002,5.125,8.217499999999998,86.71499999999999,40.0,9.0,5348.220000000001,0.32,-1.38,0.8039999999999999,1.392,3.04,0.0,4.6,5.36,87.66,0.0,0.0,653.8499999999999,-0.18000000000000002,0.58,0.72,0.7460000000000001,-0.52,0.734,5.3,8.64,89.36000000000001,3.0,0.0,674.8000000000001
seq_1318,VILIFVKKKAAKPLRKVYRNIYRHWRPKWR,0.025333333333333333,-0.7666666666666668,0.5879999999999997,1.0943333333333336,-0.4600000000000001,1.485,5.1,7.8966666666666665,86.65999999999998,14.0,0.0,4094.630000000001,0.292,-1.24,0.46799999999999997,0.976,1.06,1.386,3.3,6.82,75.66,1.0,0.0,606.7,-0.052000000000000005,-0.82,0.58,1.408,-1.1600000000000001,1.302,6.0,7.659999999999999,90.6,2.0,0.0,715.82
Sequence_461,GFGCPFNQGACHRHCRSIRRRGGYCAGLFKQTCTCYR,-0.3894594594594595,0.32702702702702696,0.6002702702702701,0.19621621621621618,-1.1567567567567572,0.8070270270270269,5.378378378378378,8.689189189189188,84.92432432432429,44.0,5.0,5013.58,-0.568,0.21999999999999997,0.6880000000000001,0.04799999999999995,-1.42,0.99,5.7,8.540000000000001,90.89999999999999,8.0,1.0,736.8600000000001,-0.646,0.82,0.596,-0.19600000000000004,-1.42,0.9800000000000001,6.1,8.7,89.62,9.0,2.0,699.8
seq_64,VMLIFVKKKAAKPLRQVMRNIYRHWHPKWK,0.04166666666666668,-0.8200000000000001,0.6499999999999999,1.1423333333333332,-0.25000000000000006,1.5273333333333337,5.3,7.776666666666668,91.12666666666664,15.0,-1.0,4246.810000000001,0.366,-1.6,0.664,1.356,1.9,1.386,4.3,6.0,88.8,1.0,0.0,662.7999999999998,-0.22800000000000004,-0.31999999999999995,0.7120000000000001,0.9039999999999999,-1.86,1.8459999999999996,6.0,9.0,96.47999999999999,4.0,-1.0,787.85
seq_791,VMLIFVKKKAAKPLRKVLRNVYRHWRPKMR,0.06800000000000002,-0.9333333333333333,0.6619999999999998,1.2676666666666667,-0.15666666666666676,1.5473333333333334,5.45,7.573333333333334,92.24333333333331,14.0,0.0,4243.900000000001,0.366,-1.6,0.664,1.356,1.9,1.386,4.3,6.0,88.8,1.0,0.0,662.7999999999998,0.05,-0.72,0.636,1.4679999999999997,-0.14000000000000012,0.29,5.7,7.4,87.76000000000002,1.0,0.0,665.8
seq_407,VILIFVKKKAAKPLRQFYRNIYRHWRPRWY,0.07933333333333333,-0.7866666666666668,0.5873333333333332,1.1043333333333332,0.10000000000000003,1.1573333333333333,4.95,7.576666666666667,84.92999999999996,11.0,0.0,3983.5600000000013,0.292,-1.24,0.46799999999999997,0.976,1.06,1.386,3.3,6.82,75.66,1.0,0.0,606.7,0.136,-1.02,0.592,1.58,0.31999999999999995,1.012,5.8,6.76,89.24000000000001,1.0,0.0,677.8100000000001
seq_702,VILIFVKKKAAKPLRQFYRNIYRHWRPKWK,0.03700000000000001,-0.7700000000000001,0.5966666666666663,1.057,-0.2,1.254,5.0,7.8066666666666675,85.76666666666664,13.0,0.0,4061.600000000001,0.292,-1.24,0.46799999999999997,0.976,1.06,1.386,3.3,6.82,75.66,1.0,0.0,606.7,-0.11800000000000002,-0.9199999999999999,0.648,1.2959999999999998,-1.48,1.592,6.1,8.14,94.26000000000002,3.0,0.0,755.85
seq_731,VILIFVKKKAAKPLRQVLRNIYRHWYPKWY,0.10600000000000002,-0.9433333333333335,0.6233333333333332,1.183,0.13666666666666663,1.4366666666666668,5.1,7.5600000000000005,88.7233333333333,13.0,0.0,4122.72,0.292,-1.24,0.46799999999999997,0.976,1.06,1.386,3.3,6.82,75.66,1.0,0.0,606.7,0.192,-1.42,0.74,1.528,1.16,1.302,5.8,6.82,95.2,2.0,0.0,719.86
seq_1080,VMLIFVKKKAAKPYRKVYRNIYRNWRPKWW,0.018333333333333337,-0.8933333333333334,0.6233333333333331,1.1640000000000001,-0.33333333333333337,1.733666666666667,5.366666666666666,7.6899999999999995,90.38666666666663,16.0,2.0,4201.830000000001,0.366,-1.6,0.664,1.356,1.9,1.386,4.3,6.0,88.8,1.0,0.0,662.7999999999998,-0.03400000000000001,-1.2799999999999998,0.648,1.488,-1.1,2.314,6.3,7.3,99.12,3.0,0.0,781.8800000000001
seq_48,VILIFVKKKAAKPMRQVLRNIYRHWRPKWK,0.047666666666666704,-0.8600000000000001,0.6066666666666664,1.1443333333333332,-0.3266666666666667,1.485,5.15,7.7700000000000005,88.56666666666663,14.0,0.0,4158.710000000001,0.292,-1.24,0.46799999999999997,0.976,1.06,1.386,3.3,6.82,75.66,1.0,0.0,606.7,-0.11800000000000002,-0.9199999999999999,0.648,1.2959999999999998,-1.48,1.592,6.1,8.14,94.26000000000002,3.0,0.0,755.85
seq_1417,VILIFVKKKAAKPYRQVLRNIYRKIRPKMK,0.07700000000000003,-0.8733333333333333,0.5859999999999997,1.1343333333333334,-0.10333333333333335,1.1536666666666666,4.9,7.790000000000002,85.10666666666665,12.0,1.0,3996.580000000001,0.292,-1.24,0.46799999999999997,0.976,1.06,1.386,3.3,6.82,75.66,1.0,0.0,606.7,-0.016000000000000004,-0.82,0.7040000000000001,1.3559999999999997,-0.46000000000000013,0.58,5.8,7.88,91.42,2.0,0.0,705.8299999999999
seq_1345,VMLIFVKKKAAKPLRQVYRNIYRKWRPKWK,0.0676666666666667,-1.0266666666666666,0.6326666666666665,1.241,-0.1633333333333334,1.491,5.333333333333333,7.6033333333333335,90.43333333333331,14.0,1.0,4208.820000000001,0.366,-1.6,0.664,1.356,1.9,1.386,4.3,6.0,88.8,1.0,0.0,662.7999999999998,-0.11800000000000002,-0.9199999999999999,0.648,1.2959999999999998,-1.48,1.592,6.1,8.14,94.26000000000002,3.0,0.0,755.85
Sequence_412,IPCGESCVWIPCITAIAGCSCKNKVCYT,-0.44571428571428573,0.32142857142857145,0.5642857142857142,0.07035714285714285,-1.5678571428571428,1.5246428571428574,4.982142857142857,8.971428571428572,84.33571428571427,40.0,6.0,3859.229999999999,-0.55,0.9800000000000001,0.5800000000000001,-0.22400000000000003,-2.0,0.74,4.5,9.74,80.24000000000001,7.0,0.0,677.73,-0.286,-0.5599999999999999,0.6679999999999999,0.632,-1.0200000000000002,2.1659999999999995,6.1,8.16,98.53999999999999,7.0,1.0,769.8699999999999
Sequence_345,CSTNTFSLSDYWGNNGAWCTLTHECMAWCK,-0.41566666666666663,0.3533333333333334,0.6716666666666665,0.11199999999999995,-1.2133333333333336,1.373666666666667,5.366666666666666,8.92333333333333,87.14999999999999,41.0,5.0,4140.49,-0.6960000000000001,1.1,0.5780000000000001,-0.324,-2.12,1.224,5.5,9.639999999999999,82.29999999999998,9.0,2.0,663.7199999999999,-0.27199999999999996,-0.41999999999999993,0.716,0.542,-0.68,1.7919999999999998,5.7,8.02,94.35999999999999,6.0,1.0,730.81
Sequence_39,GVPCGESCVFIPCITGVIGCSCSSNVCYLN,-0.45566666666666655,0.2700000000000001,0.6099999999999999,0.12399999999999997,-1.5333333333333325,1.8253333333333337,5.25,8.753333333333332,89.47,46.0,7.0,4304.82,-0.502,-0.26,0.7040000000000001,0.4919999999999998,-2.1,2.376,6.5,8.52,104.32000000000001,9.0,1.0,819.9499999999999,-0.24400000000000005,-0.14000000000000004,0.768,0.666,-0.12000000000000002,2.61,6.4,7.659999999999999,107.34,7.0,2.0,772.95
Sequence_496,NHFTLKCPKTALTEPPTLAY,-0.08350000000000005,-0.17,0.7009999999999998,0.7424999999999999,0.24500000000000005,0.5145,5.075,8.129999999999999,84.68000000000002,14.0,0.0,2645.0400000000004,-0.22600000000000003,0.5599999999999999,0.7,0.29399999999999993,-0.2200000000000001,0.9879999999999999,5.1,8.580000000000002,86.26,4.0,0.0,664.76,0.32,-1.1,0.716,1.3980000000000001,2.34,0.0,4.8,6.7,81.72,1.0,0.0,605.74
Sequence_462,GLFVGLAKVAAHNNPAIAEHFQA,-0.04913043478260871,-0.18695652173913044,0.6443478260869563,0.6443478260869566,-0.0521739130434783,1.203913043478261,4.5,8.36086956521739,82.35652173913041,14.0,-1.0,3004.330000000001,-0.04799999999999997,-1.16,0.7400000000000001,0.8880000000000001,-0.18,1.886,5.5,7.42,97.02,5.0,0.0,748.86,-0.08799999999999997,0.4,0.6559999999999999,0.2779999999999999,0.019999999999999973,0.254,3.9,8.82,77.58000000000001,2.0,-2.0,655.66
Sequence_666,EKKPPRPPQWAVGHFM,-0.0024999999999999953,-0.7187500000000001,0.70125,1.2093749999999999,-0.1375,1.088125,5.40625,7.668750000000001,92.46250000000002,8.0,-2.0,2340.7000000000003,-0.2,-0.12000000000000002,0.7440000000000001,0.976,-1.22,0.58,5.3,9.040000000000001,89.52000000000001,3.0,-1.0,741.84,-0.07399999999999998,-0.6,0.732,0.78,-0.3200000000000001,1.89,5.3,7.720000000000001,96.02000000000001,4.0,-1.0,749.8399999999999
seq_1332,VILIFVKKKAAKPLRQFMRNIYRHWRPKIK,0.04133333333333334,-0.7033333333333335,0.5806666666666664,1.017,-0.1833333333333334,1.0853333333333333,4.8,7.866666666666668,83.66666666666666,12.0,0.0,3969.500000000001,0.292,-1.24,0.46799999999999997,0.976,1.06,1.386,3.3,6.82,75.66,1.0,0.0,606.7,-0.09000000000000001,-0.45999999999999996,0.508,0.9759999999999998,-1.3,0.58,4.8,8.7,78.28000000000002,2.0,0.0,649.73
Sequence_464,GFIFHIIKGLFHAGKMIHGLV,-0.0976190476190476,-0.16666666666666666,0.5838095238095237,0.3919047619047619,-0.5380952380952382,0.8876190476190476,4.190476190476191,8.619047619047619,78.13333333333335,14.0,-3.0,2686.880000000001,-0.21399999999999997,0.24,0.52,-0.044,-0.48,0.504,3.5,8.559999999999999,69.46000000000001,3.0,-1.0,610.65,-0.009999999999999986,-0.39999999999999997,0.616,0.704,-0.76,1.89,4.8,8.48,89.62,4.0,-1.0,703.76
Sequence_609,FIITGLVRGLTKLF,0.05357142857142857,-0.8357142857142857,0.6014285714285714,0.8214285714285715,0.2571428571428571,0.777142857142857,4.571428571428571,7.614285714285715,81.27857142857142,8.0,0.0,1791.0200000000002,-0.10200000000000001,-0.24,0.36000000000000004,0.136,-0.5,0.25,3.0,8.52,60.35999999999999,3.0,0.0,536.56,0.184,-1.1,0.772,1.068,1.52,0.29,5.0,6.980000000000001,87.08000000000001,2.0,0.0,657.77
Sequence_527,KWLKKLLKKLL,0.1518181818181818,-1.2545454545454546,0.8454545454545453,1.3000000000000003,0.47272727272727266,1.119090909090909,5.863636363636363,7.654545454545456,98.69999999999999,6.0,0.0,1612.8400000000001,-0.09000000000000001,-1.1199999999999999,0.764,1.084,-1.28,1.8820000000000001,6.1,8.52,98.78,4.0,0.0,777.8399999999999,0.27799999999999997,-1.2799999999999998,0.892,1.3960000000000001,1.42,0.58,5.7,7.279999999999999,97.96000000000001,2.0,0.0,703.8299999999999
seq_245,VLLNKARLAGFKTLRNTYKGNFKKHYKKNY,-0.14033333333333334,-0.2333333333333334,0.6906666666666667,0.7080000000000001,-0.49333333333333335,1.1843333333333332,5.433333333333334,8.520000000000003,88.59666666666665,23.0,3.0,4079.6600000000003,0.06599999999999999,-0.9,0.8240000000000001,1.294,0.19999999999999982,2.4099999999999997,6.2,7.5,107.28,4.0,1.0,767.93,-0.164,-0.2,0.7200000000000001,0.7420000000000001,-0.3799999999999999,1.314,5.8,8.78,91.82000000000001,4.0,1.0,690.8100000000001
Sequence_158,DKLIGSCVWGAVNYTRNCNAECKRRGYKGGHCGSFANVNCWCET,-0.48363636363636364,0.4454545454545454,0.6359090909090909,0.09863636363636359,-1.9045454545454548,1.7518181818181824,5.5227272727272725,9.263636363636365,89.48636363636359,63.0,8.0,6261.8499999999985,-0.16799999999999998,-0.38,0.632,0.344,-1.22,0.54,4.6,9.34,79.12,5.0,0.0,639.67,-0.8799999999999999,1.26,0.664,-0.6559999999999999,-2.9,1.9920000000000002,5.9,9.760000000000002,94.79999999999998,11.0,1.0,781.81
Sequence_355,FKARRWQWRMKKLGA,0.023333333333333324,-0.9333333333333335,0.6413333333333333,1.088,-0.2200000000000001,1.0479999999999998,5.333333333333333,7.673333333333335,87.33333333333333,7.0,0.0,2046.2600000000004,-0.05000000000000001,-0.4,0.5119999999999999,0.818,-0.4200000000000001,0.29,4.5,8.0,72.0,1.0,0.0,595.66,-0.10200000000000001,-0.6199999999999999,0.724,0.7259999999999999,-0.7200000000000001,0.8300000000000001,5.2,8.92,85.62,4.0,0.0,676.73
seq_274,VLLNKARLAGFKTFRNTYRSNFKKHYHKNC,-0.222,0.08000000000000002,0.6576666666666665,0.517,-0.7166666666666667,1.1699999999999997,5.283333333333333,8.623333333333335,86.26333333333332,25.0,3.0,4037.5700000000006,0.06599999999999999,-0.9,0.8240000000000001,1.294,0.19999999999999982,2.4099999999999997,6.2,7.5,107.28,4.0,1.0,767.93,-0.6679999999999999,1.4,0.7,-0.258,-2.18,1.768,6.1,10.080000000000002,95.18000000000002,8.0,1.0,739.8299999999999
seq_53,VLLNKARLAGFKTFRNTYRSHFKKHYKKHM,-0.10633333333333332,-0.19666666666666666,0.6683333333333332,0.6843333333333333,-0.4033333333333334,0.9343333333333331,5.116666666666666,8.440000000000003,84.90666666666667,19.0,-1.0,4004.4500000000007,0.06599999999999999,-0.9,0.8240000000000001,1.294,0.19999999999999982,2.4099999999999997,6.2,7.5,107.28,4.0,1.0,767.93,-0.06999999999999999,-0.26,0.764,0.784,-0.38000000000000006,0.834,5.5,8.78,91.11999999999999,3.0,-1.0,705.77
seq_306,VLLNKARLAGFKTLRNTYRSNFKKNYHKHY,-0.12233333333333334,-0.09666666666666668,0.6736666666666665,0.6876666666666666,-0.36000000000000004,1.0883333333333334,5.283333333333333,8.460000000000003,86.58666666666664,21.0,2.0,3990.540000000001,0.06599999999999999,-0.9,0.8240000000000001,1.294,0.19999999999999982,2.4099999999999997,6.2,7.5,107.28,4.0,1.0,767.93,-0.11200000000000002,0.5,0.716,0.42400000000000004,-0.36,0.7979999999999999,5.2,9.360000000000001,86.3,3.0,-2.0,683.7199999999999
seq_204,VLLNKARLAGFKTLRNCYRGTFKKHYHKTD,-0.1673333333333333,-0.15666666666666668,0.6726666666666666,0.5953333333333332,-0.62,0.9669999999999999,5.333333333333333,8.57666666666667,86.43666666666664,25.0,1.0,4047.51,0.06599999999999999,-0.9,0.8240000000000001,1.294,0.19999999999999982,2.4099999999999997,6.2,7.5,107.28,4.0,1.0,767.93,-0.25999999999999995,0.16,0.6799999999999999,0.25999999999999995,-1.34,0.5439999999999999,5.2,9.760000000000002,81.72,5.0,-1.0,670.68
seq_196,VLLNKARLAGFKTLRNCYKHNFKKNYHHNC,-0.29800000000000004,0.35666666666666663,0.6926666666666665,0.3956666666666668,-0.9433333333333334,1.4163333333333337,5.566666666666666,8.890000000000004,90.69333333333331,30.0,4.0,4175.77,0.06599999999999999,-0.9,0.8240000000000001,1.294,0.19999999999999982,2.4099999999999997,6.2,7.5,107.28,4.0,1.0,767.93,-0.712,2.1,0.6960000000000001,-0.538,-2.2399999999999998,1.732,5.9,10.46,93.74000000000001,8.0,0.0,731.8
Sequence_622,SMLSVLKNLGKVGLGLVACKINKQC,-0.14400000000000002,-0.5120000000000001,0.7207999999999999,0.75,-0.5559999999999999,1.7032000000000005,5.62,8.180000000000001,95.836,27.0,4.0,3639.14,0.22199999999999998,-1.28,0.7520000000000001,1.284,1.16,1.386,4.8,6.779999999999999,89.83999999999999,3.0,0.0,676.76,-0.49800000000000005,0.6,0.552,0.054000000000000006,-1.8399999999999999,1.514,5.5,9.280000000000001,91.25999999999999,7.0,2.0,715.81
seq_223,VLLNKARLSGFNTLRNCYRGTFKKNYKHTT,-0.20833333333333334,-0.03333333333333334,0.6636666666666665,0.5766666666666665,-0.6499999999999999,1.121,5.45,8.510000000000002,87.4833333333333,27.0,4.0,4040.6,0.06599999999999999,-0.9,0.8240000000000001,1.294,0.19999999999999982,2.4099999999999997,6.2,7.5,107.28,4.0,1.0,767.93,-0.16799999999999998,0.039999999999999994,0.628,0.484,-0.78,0.5439999999999999,5.2,9.16,80.82,4.0,-1.0,657.68
Sequence_326,RIWVIWRR,0.065,-0.9999999999999999,0.39749999999999996,1.1749999999999998,-1.1375,2.1312499999999996,4.8125,7.4750000000000005,82.65,3.0,0.0,1062.15,0.128,-1.14,0.352,1.08,-0.9200000000000002,2.3979999999999997,4.1,7.5200000000000005,79.56,2.0,0.0,650.7,0.082,-1.14,0.42399999999999993,1.32,-1.1600000000000001,2.3979999999999997,5.1,7.32,87.02000000000001,2.0,0.0,690.76
Sequence_659,GVWSTVLGGLKKFAKGGLEAIVNPK,-0.12119999999999999,-0.6520000000000001,0.6787999999999998,0.7776000000000001,-0.8839999999999999,1.6628,5.22,8.424,90.06400000000002,23.0,0.0,3565.9200000000005,-0.148,-1.12,0.6220000000000001,0.9019999999999999,-1.44,2.6479999999999997,5.6,7.9799999999999995,93.47999999999999,6.0,0.0,755.79,-0.14200000000000002,-0.44000000000000006,0.5720000000000001,1.0139999999999998,-1.3,2.4099999999999997,5.3,8.360000000000001,93.28,4.0,1.0,729.87
seq_172,VLLNKARLSGFNTLRNMYRSNFKKHYHKHC,-0.1996666666666667,0.15,0.6866666666666666,0.5449999999999998,-0.5966666666666666,1.1640000000000001,5.366666666666666,8.590000000000002,88.24999999999997,25.0,2.0,4067.6100000000006,0.06599999999999999,-0.9,0.8240000000000001,1.294,0.19999999999999982,2.4099999999999997,6.2,7.5,107.28,4.0,1.0,767.93,-0.5720000000000001,1.4,0.7,-0.29600000000000004,-2.1,1.2879999999999998,5.7,10.280000000000001,91.1,7.0,-1.0,740.77
Sequence_165,WKSESLCTPGCVTGALQTCFLQTLTCNCKISK,-0.30124999999999996,-0.05937500000000003,0.6621874999999998,0.36531250000000004,-0.7874999999999998,1.08625,5.375,8.459374999999998,88.65937500000001,40.0,5.0,4493.95,-0.32399999999999995,0.16,0.6439999999999999,0.21200000000000002,-1.9200000000000004,1.302,4.3,9.6,77.25999999999999,5.0,-1.0,679.6300000000001,-0.5319999999999999,0.45999999999999996,0.522,-0.16199999999999998,-2.4200000000000004,1.07,4.6,9.899999999999999,76.82000000000001,7.0,1.0,664.68
Sequence_218,NWYVKKCLNDVGICKKKCKPEELHVKNGRAMCGKQRDCCVPAD,-0.4053488372093024,0.10000000000000006,0.6869767441860464,0.3541860465116279,-1.7930232558139536,1.7467441860465127,5.77906976744186,9.104651162790697,94.6441860465116,58.0,6.0,6429.119999999997,-0.11400000000000002,-0.9399999999999998,0.708,1.1540000000000001,-1.02,3.4219999999999997,6.4,7.839999999999999,106.73999999999998,5.0,1.0,803.93,-0.304,-0.4,0.6880000000000001,0.594,-1.04,1.876,5.6,8.260000000000002,94.1,7.0,1.0,748.86
Sequence_463,SISCGESCAMISFCFTEVIGCSCKNKVCYLN,-0.46806451612903216,0.5193548387096774,0.6061290322580644,-0.09032258064516131,-1.4064516129032256,1.332258064516129,4.774193548387097,9.061290322580644,82.85483870967742,44.0,6.0,4195.54,-0.562,0.76,0.4840000000000001,-0.4600000000000001,-2.0,0.74,4.0,9.68,68.97999999999999,8.0,1.0,605.6,-0.24400000000000005,-0.14000000000000004,0.768,0.666,-0.12000000000000002,2.61,6.4,7.659999999999999,107.34,7.0,2.0,772.95
Sequence_264,NNEAQCEQAGGICSKDHCFHLHTRAFGHCQRGVPCCRTVYD,-0.41121951219512193,0.4829268292682927,0.6363414634146339,0.11463414634146338,-1.4585365853658538,1.1568292682926828,5.304878048780488,9.129268292682926,87.52682926829266,52.0,2.0,5771.239999999999,-0.41200000000000003,1.2,0.6679999999999999,0.12599999999999997,-1.34,1.468,5.1,9.780000000000001,89.02000000000001,5.0,1.0,679.76,0.0040000000000000036,-1.02,0.616,1.044,-0.4999999999999999,1.386,5.5,7.9,88.20000000000002,4.0,0.0,687.76
seq_371,VLLNKARLAGFKTLRNTYKGNFKKHYHHHC,-0.21566666666666665,0.14999999999999994,0.6866666666666666,0.48833333333333323,-0.7900000000000001,1.174,5.383333333333334,8.833333333333337,88.23666666666664,26.0,0.0,4121.590000000001,0.06599999999999999,-0.9,0.8240000000000001,1.294,0.19999999999999982,2.4099999999999997,6.2,7.5,107.28,4.0,1.0,767.93,-0.616,2.1,0.6960000000000001,-0.576,-2.16,1.252,5.5,10.66,89.66,7.0,-2.0,732.74
seq_69,VLLNKARLAGFKTLRNTYRGNFKKHYHKHS,-0.14733333333333334,-0.040000000000000056,0.6709999999999999,0.624,-0.6033333333333334,1.0499999999999998,5.25,8.64666666666667,86.05999999999997,22.0,0.0,4020.480000000001,0.06599999999999999,-0.9,0.8240000000000001,1.294,0.19999999999999982,2.4099999999999997,6.2,7.5,107.28,4.0,1.0,767.93,-0.272,0.86,0.6699999999999999,0.12599999999999997,-1.3599999999999999,0.7979999999999999,4.8,10.020000000000001,80.26,4.0,-2.0,671.66
Sequence_476,GLLNTFKDWAISIAKGAGKGVLTTLSCKLDKSC,-0.206969696969697,-0.29696969696969705,0.653030303030303,0.4251515151515151,-0.8181818181818181,0.9942424242424241,4.9393939393939394,8.736363636363633,82.77575757575758,35.0,3.0,4371.7,-0.10200000000000001,-0.1600000000000001,0.78,0.7060000000000001,0.18000000000000002,0.984,5.8,8.16,93.99999999999999,5.0,1.0,673.8000000000001,-0.466,0.24,0.738,-0.030000000000000027,-1.5,0.78,5.4,9.38,86.72,8.0,1.0,697.74
seq_354,VLLDKARLAGFKTLRNTYRSNFKKHYHKHD,-0.13033333333333336,-0.13333333333333336,0.6763333333333333,0.6103333333333332,-0.5900000000000001,0.8859999999999998,5.15,8.693333333333335,84.6133333333333,22.0,-1.0,3992.3800000000006,0.15799999999999997,-1.46,0.8400000000000001,1.288,0.2799999999999999,1.6759999999999997,5.8,7.56,101.4,4.0,0.0,753.8599999999999,-0.34800000000000003,0.8400000000000001,0.716,0.003999999999999981,-1.9,0.7979999999999999,5.2,10.500000000000002,84.42,5.0,-2.0,698.6899999999999
Sequence_37,GVGDIFRKIVSTIKNVV,-0.14294117647058824,-0.7117647058823531,0.53,0.7164705882352941,-1.5411764705882351,2.1641176470588235,4.823529411764706,8.505882352941178,86.02941176470588,16.0,1.0,2383.59,-0.298,-0.5599999999999998,0.5640000000000001,0.31199999999999994,-2.3600000000000003,1.886,4.9,9.4,85.36,7.0,0.0,703.73,-0.12000000000000002,-0.86,0.556,1.0539999999999998,-1.86,3.7960000000000003,5.5,8.3,100.82000000000001,5.0,1.0,784.9
seq_319,VLLNKARLAGFNTLRNCYKSNFKKHYHHTV,-0.19166666666666668,0.05666666666666666,0.6816666666666665,0.5676666666666667,-0.6366666666666666,1.3950000000000002,5.383333333333334,8.590000000000002,89.20666666666664,26.0,2.0,4128.67,0.06599999999999999,-0.9,0.8240000000000001,1.294,0.19999999999999982,2.4099999999999997,6.2,7.5,107.28,4.0,1.0,767.93,-0.10199999999999998,0.13999999999999996,0.664,0.62,-0.8800000000000001,1.8939999999999997,5.4,8.9,92.22,4.0,-2.0,734.77
seq_148,VLLNKARLAGFNTLRNTYRGNYKKHYKHHC,-0.204,0.15,0.6799999999999999,0.5506666666666665,-0.6933333333333334,1.2056666666666669,5.5,8.733333333333338,88.86666666666663,26.0,2.0,4076.6200000000003,0.06599999999999999,-0.9,0.8240000000000001,1.294,0.19999999999999982,2.4099999999999997,6.2,7.5,107.28,4.0,1.0,767.93,-0.5720000000000001,1.4,0.7000000000000001,-0.296,-2.1,1.2879999999999998,5.7,10.280000000000001,91.1,7.0,-1.0,740.77
Sequence_80,GKKLFVNVLDKIRCKVAGGC,-0.29899999999999993,-0.37500000000000017,0.6639999999999998,0.5189999999999999,-1.555,1.9454999999999998,5.625,8.71,93.83500000000001,25.0,3.0,2961.3,-0.14399999999999996,-0.72,0.744,0.6679999999999999,-0.5800000000000001,0.8300000000000001,5.3,8.4,88.76,4.0,0.0,708.79,-0.504,-0.09999999999999991,0.652,0.1459999999999999,-2.12,2.376,5.8,9.0,95.3,9.0,1.0,759.8299999999999
Sequence_451,GLLSSLSSVA,0.10800000000000001,-0.79,0.7080000000000002,0.8789999999999999,0.77,0.818,4.4,7.640000000000001,80.33,7.0,0.0,1253.3500000000001,0.05,-0.5600000000000002,0.756,0.72,0.78,0.25,4.6,7.859999999999999,80.69999999999999,4.0,0.0,618.6700000000001,0.16599999999999998,-1.02,0.66,1.0379999999999998,0.7600000000000001,1.386,4.2,7.42,79.96000000000001,3.0,0.0,634.6800000000001
seq_219,VLLNKARLAGFKTLRNTYRSNFKKHYKKNC,-0.19166666666666668,-0.06333333333333334,0.6716666666666665,0.6143333333333333,-0.6400000000000001,1.1759999999999997,5.4,8.550000000000002,87.62666666666665,25.0,4.0,4055.6200000000003,0.06599999999999999,-0.9,0.8240000000000001,1.294,0.19999999999999982,2.4099999999999997,6.2,7.5,107.28,4.0,1.0,767.93,-0.624,0.7,0.7040000000000001,0.022000000000000065,-2.12,1.8039999999999998,6.3,9.7,96.62,8.0,2.0,747.8600000000001
Sequence_372,GLWNSIKIAGKKLFVNVLDKIRCKVAGGCKTSPDVEYHK,-0.23487179487179488,-0.26153846153846166,0.6405128205128204,0.516923076923077,-1.3205128205128205,1.5753846153846158,5.153846153846154,8.86153846153846,87.65641025641023,41.0,2.0,5482.96,-0.26,-0.11999999999999997,0.7220000000000001,0.544,-1.0,1.996,5.7,8.48,93.58,6.0,1.0,709.7900000000001,-0.16599999999999998,0.12000000000000002,0.72,0.5560000000000002,-1.3800000000000001,1.9299999999999997,5.1,9.399999999999999,93.1,4.0,-2.0,756.78
Sequence_235,SWLSKTYKKLENSAKKRISEGVAIAILGGLR,-0.09322580645161288,-0.25806451612903225,0.6090322580645159,0.5754838709677418,-0.6548387096774193,0.8599999999999999,4.451612903225806,8.767741935483869,78.06129032258062,22.0,-1.0,3916.1200000000017,-0.03400000000000001,-0.8,0.6960000000000001,0.8319999999999999,-0.32000000000000006,1.302,4.9,8.04,83.97999999999999,4.0,0.0,677.6999999999999,0.002000000000000013,-0.64,0.752,0.9119999999999999,0.07999999999999999,0.5,5.7,7.88,91.4,4.0,0.0,669.77
seq_324,VLLNKARLAGFKTLRNTYRSTFKKHYHKHC,-0.15233333333333335,-0.060000000000000026,0.6649999999999998,0.5976666666666666,-0.53,0.9676666666666665,5.233333333333333,8.556666666666668,85.57666666666665,23.0,0.0,4021.4600000000005,0.06599999999999999,-0.9,0.8240000000000001,1.294,0.19999999999999982,2.4099999999999997,6.2,7.5,107.28,4.0,1.0,767.93,-0.5720000000000001,1.4,0.7,-0.29600000000000004,-2.1,1.2879999999999998,5.7,10.280000000000001,91.1,7.0,-1.0,740.77
seq_30,VLLNKARLSGFKTFRNCYKSHFKKNYHKHD,-0.24933333333333335,0.11000000000000003,0.6779999999999998,0.4326666666666668,-0.9366666666666666,1.1383333333333332,5.25,8.873333333333337,86.41999999999999,27.0,1.0,4107.540000000001,0.06599999999999999,-0.9,0.8240000000000001,1.294,0.19999999999999982,2.4099999999999997,6.2,7.5,107.28,4.0,1.0,767.93,-0.34800000000000003,0.8400000000000001,0.716,0.003999999999999981,-1.9,0.7979999999999999,5.2,10.500000000000002,84.42,5.0,-2.0,698.6899999999999
Sequence_542,ILSAIWSGIKGLL,0.04923076923076924,-0.5923076923076922,0.5692307692307692,0.63,0.07692307692307693,0.693076923076923,3.9615384615384617,8.207692307692309,74.21538461538461,8.0,0.0,1546.6400000000003,0.20800000000000002,-0.4,0.41400000000000003,0.516,0.9399999999999998,0.0,2.4,8.1,56.42,1.0,0.0,475.48999999999995,0.10600000000000001,-0.78,0.6839999999999999,0.844,0.38000000000000006,0.54,4.7,8.06,84.38,3.0,0.0,638.7199999999999
seq_362,VLLNKARLAGFKTLRHTYRSNFKKHYHKNC,-0.183,0.05333333333333332,0.6709999999999998,0.5613333333333332,-0.6366666666666667,1.0899999999999999,5.3,8.64666666666667,86.70666666666666,24.0,1.0,4048.5300000000007,0.06599999999999999,-0.9,0.8240000000000001,1.294,0.19999999999999982,2.4099999999999997,6.2,7.5,107.28,4.0,1.0,767.93,-0.6679999999999999,1.4,0.7,-0.258,-2.18,1.768,6.1,10.080000000000002,95.18000000000002,8.0,1.0,739.8299999999999
seq_305,VLLNKARLAGFNTFRNCYRHNFKKHYHKTY,-0.2026666666666667,0.13666666666666666,0.6646666666666666,0.52,-0.56,1.1640000000000004,5.316666666666666,8.57666666666667,87.02999999999996,24.0,2.0,4041.6000000000004,0.06599999999999999,-0.9,0.8240000000000001,1.294,0.19999999999999982,2.4099999999999997,6.2,7.5,107.28,4.0,1.0,767.93,-0.023999999999999976,-0.18,0.6799999999999999,0.6799999999999999,0.2,0.5439999999999999,5.2,8.620000000000001,83.6,3.0,-1.0,655.7099999999999
Sequence_229,GICRCLCRRGVCRCICVL,-0.538888888888889,0.4444444444444444,0.5733333333333334,0.04222222222222216,-1.8888888888888888,1.7255555555555555,5.833333333333333,8.622222222222224,93.09999999999998,30.0,6.0,2618.9800000000005,-0.8240000000000001,1.24,0.4800000000000001,-0.6440000000000001,-2.9,1.23,5.4,9.7,83.55999999999999,10.0,2.0,684.75,-0.45200000000000007,0.16,0.616,0.05999999999999996,-1.1600000000000001,2.366,5.6,8.120000000000001,98.38,9.0,2.0,758.88
seq_139,VLLNKARLAGFKTLRNTYRSHFKKHYKHHC,-0.167,0.05333333333333332,0.6709999999999998,0.5549999999999998,-0.6233333333333334,1.0099999999999998,5.233333333333333,8.680000000000003,86.02666666666666,23.0,-1.0,4049.4700000000007,0.06599999999999999,-0.9,0.8240000000000001,1.294,0.19999999999999982,2.4099999999999997,6.2,7.5,107.28,4.0,1.0,767.93,-0.5720000000000001,1.4,0.7000000000000001,-0.296,-2.1,1.2879999999999998,5.7,10.280000000000001,91.1,7.0,-1.0,740.77
Sequence_639,FLPFFASLLGKLL,0.2253846153846154,-1.0615384615384618,0.7823076923076921,1.0876923076923077,2.0153846153846153,0.2076923076923077,4.615384615384615,6.646153846153847,84.74615384615385,4.0,0.0,1664.0000000000002,0.22200000000000003,-1.22,0.732,1.0879999999999999,2.7800000000000002,0.0,4.1,5.4799999999999995,80.92,0.0,0.0,643.8299999999999,0.22000000000000003,-1.1400000000000001,0.8880000000000001,1.2239999999999998,1.3599999999999999,0.54,5.7,7.3,97.52000000000001,3.0,0.0,694.8199999999999
Sequence_505,WNDTGKDADGAEY,-0.35692307692307684,0.10000000000000002,0.6753846153846153,0.12230769230769235,-1.715384615384615,0.9753846153846154,4.961538461538462,9.799999999999999,80.73846153846155,16.0,0.0,1718.7499999999998,-0.518,0.14000000000000004,0.6639999999999999,0.14600000000000007,-2.5799999999999996,1.996,6.0,9.64,91.58,8.0,1.0,724.77,-0.252,0.27999999999999997,0.696,0.030000000000000027,-0.8999999999999998,0.25,4.2,9.82,74.3,5.0,-1.0,617.61
Sequence_678,NFLDTLINLAKKFI,-0.07000000000000002,-0.22142857142857145,0.6314285714285713,0.5135714285714285,0.07857142857142858,0.7314285714285713,4.428571428571429,8.307142857142859,79.19285714285714,9.0,2.0,1728.9800000000002,-0.23000000000000004,-1.1102230246251566e-17,0.716,0.32599999999999996,-0.21999999999999997,0.734,5.1,8.440000000000001,84.46,5.0,1.0,649.75,-0.06999999999999999,-0.5,0.508,0.466,-0.5000000000000001,0.58,3.6,8.68,68.2,2.0,0.0,595.6299999999999
Sequence_389,ANKCIIDCMKVKTTCGDECKGAGFKTGGCALPPDIMKCCHNC,-0.5233333333333335,0.4642857142857142,0.6438095238095237,-0.04547619047619053,-1.8666666666666676,1.192619047619048,5.357142857142857,9.428571428571429,86.86904761904759,64.0,8.0,5891.439999999999,-0.57,1.0,0.516,-0.27199999999999996,-2.04,1.514,4.7,9.86,79.0,7.0,2.0,639.71,-1.4,3.0,0.68,-1.5260000000000002,-4.18,2.4579999999999997,6.9,11.02,103.42,15.0,3.0,815.9200000000001
Sequence_569,FPMKKSLLLIFFLGTINLSFCEEERNAEEEKRDGDDEMDVEVQKR,-0.20266666666666677,0.10444444444444427,0.6866666666666668,0.36466666666666675,-0.8266666666666668,0.71,4.566666666666666,8.948888888888888,82.50888888888888,37.0,-5.0,6012.3899999999985,0.006000000000000005,-1.02,0.756,1.1919999999999997,0.35999999999999976,0.58,5.3,7.38,90.35999999999999,2.0,0.0,711.8499999999999,-0.042,-0.6799999999999999,0.644,1.108,-1.28,1.6759999999999997,5.5,8.4,96.64000000000001,3.0,-1.0,772.82
seq_93,VLLNKARLAGFNTLRNCYRGNYKKNYKKTC,-0.2506666666666667,0.03333333333333335,0.6806666666666666,0.5589999999999998,-0.73,1.3310000000000002,5.683333333333334,8.57666666666667,90.59999999999997,30.0,7.0,4110.78,0.06599999999999999,-0.9,0.8240000000000001,1.294,0.19999999999999982,2.4099999999999997,6.2,7.5,107.28,4.0,1.0,767.93,-0.44000000000000006,0.020000000000000018,0.668,0.24000000000000005,-1.48,1.0699999999999998,5.9,9.16,89.83999999999999,7.0,1.0,720.79
Sequence_669,ACHAHCQSVGRRGGYCGNFRMTCYCY,-0.41846153846153844,0.40384615384615385,0.6380769230769231,0.1415384615384615,-1.126923076923077,1.1688461538461539,5.576923076923077,8.734615384615386,88.68461538461536,35.0,4.0,3617.03,-0.5,1.6,0.6160000000000001,-0.45600000000000007,-1.58,0.998,4.5,10.26,76.74,6.0,-1.0,646.64,-0.524,0.5199999999999999,0.6759999999999999,-0.13600000000000004,-0.25999999999999995,0.9800000000000001,6.0,8.28,91.92,9.0,2.0,701.82
Sequence_234,ALFSILRGLKKLGKMGQAFVNCEIYKKC,-0.1382142857142857,-0.32142857142857145,0.6689285714285712,0.5635714285714287,-0.34285714285714286,0.9464285714285714,4.964285714285714,8.335714285714287,85.98571428571428,24.0,2.0,3775.21,0.184,-0.6,0.538,0.5919999999999999,1.52,0.0,2.9,7.4,62.81999999999999,1.0,0.0,521.5699999999999,-0.372,0.1,0.5680000000000001,0.13600000000000004,-1.42,1.0699999999999998,5.0,9.24,82.86000000000001,6.0,1.0,676.74
Sequence_132,WFRKQLKW,0.06874999999999999,-1.3624999999999998,0.6875,1.2825,-0.10000000000000012,1.6275,5.8125,7.137500000000001,96.75,4.0,0.0,1205.34,0.039999999999999994,-1.26,0.616,1.2239999999999998,-0.16000000000000014,1.302,5.6,7.0600000000000005,92.78,2.0,0.0,737.8199999999999,0.11199999999999999,-1.52,0.764,1.416,-0.08000000000000011,1.5919999999999999,6.2,7.480000000000001,103.18000000000002,3.0,0.0,787.8699999999999
seq_394,VLLNKARLAGFKTLRNCYRSNFKKHYHKHC,-0.23566666666666666,0.16666666666666663,0.6769999999999998,0.47400000000000003,-0.7633333333333334,1.1716666666666666,5.383333333333334,8.710000000000003,87.96999999999997,27.0,2.0,4103.610000000001,0.06599999999999999,-0.9,0.8240000000000001,1.294,0.19999999999999982,2.4099999999999997,6.2,7.5,107.28,4.0,1.0,767.93,-0.5720000000000001,1.4,0.7,-0.29600000000000004,-2.1,1.2879999999999998,5.7,10.280000000000001,91.1,7.0,-1.0,740.77
seq_203,VLLNKARLAGFKTLRNCYKGNFKKHYHKHT,-0.20833333333333337,0.03333333333333331,0.6873333333333332,0.5350000000000001,-0.78,1.18,5.416666666666667,8.770000000000003,88.47666666666665,26.0,1.0,4129.620000000001,0.06599999999999999,-0.9,0.8240000000000001,1.294,0.19999999999999982,2.4099999999999997,6.2,7.5,107.28,4.0,1.0,767.93,-0.256,0.72,0.6639999999999999,0.22799999999999998,-1.34,0.7979999999999999,5.2,9.900000000000002,83.52000000000001,4.0,-2.0,685.6899999999999
seq_116,VLLNKARLAGFKTLRNTYRGNFKKNYHHHN,-0.19866666666666669,0.1666666666666666,0.6753333333333332,0.5643333333333332,-0.73,1.2463333333333333,5.416666666666667,8.74666666666667,88.1733333333333,24.0,2.0,4052.610000000001,0.06599999999999999,-0.9,0.8240000000000001,1.294,0.19999999999999982,2.4099999999999997,6.2,7.5,107.28,4.0,1.0,767.93,-0.484,2.1,0.6960000000000001,-0.27,-2.04,1.496,5.4,10.820000000000002,88.85999999999999,5.0,-2.0,704.73
Sequence_516,LPVNEAQCRQVGGYCGLRICNFPSRFLGLCTRNHPCCSRVWV,-0.2752380952380952,-0.047619047619047596,0.6542857142857141,0.5647619047619047,-0.8333333333333334,1.5419047619047623,5.666666666666667,8.126190476190473,93.52619047619044,48.0,7.0,6078.0,-0.09200000000000004,-0.1,0.788,1.026,-0.38,2.12,5.6,8.120000000000001,101.72,4.0,0.0,763.91,0.086,-1.7600000000000002,0.5980000000000001,1.6019999999999999,-1.1,3.784,5.9,6.840000000000001,103.1,4.0,0.0,809.8900000000001
Sequence_629,KWKSFIKKLTSAAKKVVTTAKPLISS,-0.03038461538461538,-0.7692307692307693,0.6007692307692305,0.8257692307692307,-0.49230769230769234,1.118076923076923,4.5576923076923075,8.319230769230767,79.38076923076925,17.0,0.0,3403.6200000000003,-0.2,-0.8,0.65,0.654,-1.2,1.592,5.0,8.34,84.64,4.0,0.0,717.75,0.12599999999999997,-0.5000000000000001,0.5720000000000001,0.8639999999999999,0.8800000000000001,0.0,3.6,7.659999999999999,69.16,2.0,0.0,565.63
Sequence_31,SVFAFENEQSSTIAPARLYK,-0.023500000000000014,-0.25,0.6054999999999999,0.6445000000000001,0.18499999999999991,0.6024999999999999,4.075,8.18,75.405,10.0,-1.0,2468.6699999999996,0.088,-1.1199999999999999,0.5980000000000001,0.808,1.02,1.386,3.7,6.74,75.9,2.0,0.0,640.72,0.20999999999999996,-0.86,0.672,1.182,1.1400000000000001,0.29,4.9,7.5200000000000005,81.03999999999999,1.0,0.0,607.6999999999999
Sequence_199,SLQYVMSAGPYTWYKDTRTGKTICKQTIDTASYTFGVMAEGWGKTFH,-0.09276595744680848,-0.5638297872340424,0.6295744680851064,0.6693617021276597,-0.3574468085106383,0.8457446808510638,4.925531914893617,8.270212765957446,82.54680851063827,39.0,-1.0,6225.689999999998,0.398,-1.78,0.742,1.6620000000000001,1.9599999999999997,1.386,5.4,6.18,98.25999999999999,2.0,0.0,722.84,-0.36999999999999994,0.26,0.636,0.11200000000000002,-1.6800000000000002,0.794,5.0,9.459999999999999,81.16,5.0,-1.0,688.71
Sequence_439,GYGCPFNQYQCHSHCRGIRGYKGGYCTGRFKQTCKCY,-0.3981081081081081,0.21891891891891882,0.6354054054054052,0.21351351351351347,-1.1648648648648652,0.9191891891891891,5.635135135135135,8.778378378378378,88.88108108108106,48.0,5.0,5210.799999999999,-0.46799999999999997,0.11999999999999997,0.716,0.27199999999999996,-1.08,0.99,6.1,8.620000000000001,94.26,8.0,1.0,732.8600000000001,-0.712,0.72,0.664,-0.308,-1.7399999999999998,1.27,6.2,9.18,93.28000000000002,10.0,2.0,739.83
seq_217,VLLNKARLAGFKTLRNTYRGNFKKHYHKHC,-0.19733333333333333,0.04999999999999994,0.6759999999999999,0.5536666666666665,-0.7266666666666667,1.1316666666666666,5.4,8.690000000000001,87.86666666666663,25.0,1.0,4089.5900000000006,0.06599999999999999,-0.9,0.8240000000000001,1.294,0.19999999999999982,2.4099999999999997,6.2,7.5,107.28,4.0,1.0,767.93,-0.5720000000000001,1.4,0.7,-0.29600000000000004,-2.1,1.2879999999999998,5.7,10.280000000000001,91.1,7.0,-1.0,740.77
seq_177,VLLNKARLAGFNTLRNTYRSNFKKHYHKHC,-0.2063333333333333,0.16999999999999998,0.6703333333333332,0.5209999999999999,-0.66,1.1640000000000001,5.333333333333333,8.67666666666667,87.14666666666663,25.0,2.0,4039.5600000000004,0.06599999999999999,-0.9,0.8240000000000001,1.294,0.19999999999999982,2.4099999999999997,6.2,7.5,107.28,4.0,1.0,767.93,-0.5720000000000001,1.4,0.7,-0.29600000000000004,-2.1,1.2879999999999998,5.7,10.280000000000001,91.1,7.0,-1.0,740.77
seq_115,VLLNKARLAGFKTFRNTYKHNFKKNYHKNY,-0.18433333333333335,0.0033333333333333214,0.6766666666666665,0.599,-0.5833333333333334,1.2590000000000001,5.35,8.620000000000003,87.74666666666666,23.0,3.0,4061.6500000000005,0.06599999999999999,-0.9,0.8240000000000001,1.294,0.19999999999999982,2.4099999999999997,6.2,7.5,107.28,4.0,1.0,767.93,-0.20800000000000002,0.5,0.716,0.462,-0.44000000000000006,1.278,5.6,9.16,90.38000000000002,4.0,0.0,682.7799999999999
Sequence_464,ALWKDVLKKIGTVALHAGKAALGAVADTISQ,0.017419354838709683,-0.7806451612903226,0.6383870967741934,0.8058064516129034,-0.23870967741935475,1.1829032258064516,4.67741935483871,8.325806451612902,82.4258064516129,22.0,-1.0,4071.340000000001,-0.008000000000000007,-0.9799999999999999,0.74,0.842,-0.34,1.302,5.2,8.3,87.68,4.0,0.0,688.73,-0.06200000000000001,-0.48,0.49800000000000005,0.446,-0.5200000000000001,0.0,4.0,8.72,70.4,4.0,0.0,596.5899999999999
Sequence_197,FLPIVAGLAANFLPKIVCKITKKC,-0.0970833333333333,-0.47916666666666674,0.6183333333333331,0.69,-0.2166666666666667,1.228333333333333,4.770833333333333,8.045833333333334,84.47083333333335,19.0,3.0,3215.689999999999,0.312,-1.5,0.624,1.456,1.52,1.386,4.4,6.159999999999999,87.94000000000001,1.0,0.0,680.8399999999999,-0.516,0.32,0.516,-0.05999999999999996,-2.4,1.0699999999999998,5.0,9.78,80.08,7.0,1.0,678.71
seq_182,VLLNKARLAGFKTLRNCYKGTFKKHYHKHC,-0.23033333333333333,0.03333333333333333,0.6873333333333332,0.48399999999999993,-0.8000000000000002,1.139333333333333,5.433333333333334,8.743333333333336,88.60999999999997,28.0,1.0,4157.63,0.06599999999999999,-0.9,0.8240000000000001,1.294,0.19999999999999982,2.4099999999999997,6.2,7.5,107.28,4.0,1.0,767.93,-0.5720000000000001,1.4,0.7,-0.29600000000000004,-2.1,1.2879999999999998,5.7,10.280000000000001,91.1,7.0,-1.0,740.77
Sequence_115,SYVGDCGSNGGSCVSSYCPYGNRLNYFCPLGRTCCRHAYV,-0.37174999999999997,0.17750000000000005,0.6627499999999998,0.3032499999999999,-1.0200000000000002,1.3817500000000003,5.575,8.587499999999999,89.67499999999997,54.0,8.0,5599.349999999999,-0.13599999999999998,-0.8399999999999999,0.6859999999999999,0.658,-0.9,1.636,5.2,8.52,88.16,6.0,0.0,704.75,0.09400000000000001,-0.48,0.6040000000000001,1.042,6.661338147750939e-17,1.64,5.0,7.9399999999999995,86.28,2.0,-1.0,672.74
seq_326,VLLNKARLAGFKTLRNCYRSTFKKNYKKNM,-0.15333333333333335,-0.2233333333333334,0.6816666666666665,0.703,-0.3966666666666667,1.1336666666666666,5.416666666666667,8.303333333333335,88.20333333333333,24.0,5.0,4039.6600000000003,0.06599999999999999,-0.9,0.8240000000000001,1.294,0.19999999999999982,2.4099999999999997,6.2,7.5,107.28,4.0,1.0,767.93,-0.166,-0.26,0.764,0.8220000000000001,-0.45999999999999996,1.314,5.9,8.58,95.2,4.0,1.0,704.83
seq_278,VLLNKARLAGFNTFRNCYKTNFKKHYHKHM,-0.21400000000000005,0.11,0.6833333333333332,0.5146666666666667,-0.6266666666666667,1.2123333333333337,5.35,8.623333333333335,88.2033333333333,25.0,2.0,4095.65,0.06599999999999999,-0.9,0.8240000000000001,1.294,0.19999999999999982,2.4099999999999997,6.2,7.5,107.28,4.0,1.0,767.93,-0.11400000000000002,0.44000000000000006,0.76,0.5039999999999999,-0.44000000000000006,0.7979999999999999,5.3,9.16,89.68,3.0,-2.0,697.7399999999999
Sequence_83,RYCERSSGTWSGVCGNTDKCSSQCQRLEGAAHGSCNYVFPAHKCICYYPC,-0.39280000000000015,0.324,0.636,0.17820000000000003,-1.222,1.1510000000000002,5.26,8.897999999999998,86.09599999999999,65.0,6.0,6915.529999999997,-0.4159999999999999,0.9,0.5840000000000001,0.12000000000000002,-1.4,0.49000000000000005,5.2,9.08,81.96,5.0,0.0,654.71,-0.43599999999999994,0.33999999999999997,0.7320000000000001,0.23999999999999994,0.2600000000000001,0.9800000000000001,6.2,7.7,97.21999999999998,8.0,2.0,731.9100000000001
Sequence_44,VTCFCRRRGCASRERLIGYCRFGNTIYGLCCRR,-0.38666666666666655,0.3575757575757576,0.5657575757575756,0.18878787878787878,-1.2393939393939395,0.9181818181818181,5.242424242424242,8.618181818181817,83.16363636363634,39.0,6.0,4355.870000000001,-0.658,0.24000000000000005,0.636,-0.14000000000000004,-1.6199999999999999,2.3659999999999997,6.0,8.1,98.62,10.0,2.0,792.9100000000001,-0.586,0.8400000000000001,0.62,0.019999999999999928,-1.5399999999999998,0.9800000000000001,6.3,8.440000000000001,93.47999999999999,8.0,2.0,709.83
Sequence_592,HICHDYLEGDHCDPKDCNLDCRDKWKGTGTCEPPTGTPLTRTCYCTYDC,-0.47530612244897963,0.4591836734693877,0.6775510204081632,0.04551020408163269,-1.6653061224489796,0.8467346938775512,5.571428571428571,9.389795918367348,87.4163265306122,72.0,4.0,6884.459999999997,-0.696,1.8399999999999999,0.5599999999999999,-0.844,-3.08,0.998,4.6,11.14,78.1,8.0,-1.0,675.65,-0.76,0.86,0.676,-0.556,-1.8,0.9800000000000001,6.0,9.42,90.03999999999999,11.0,2.0,716.79
Sequence_654,LRDLVCYCRTRGCKRRERMNGTCRKGHLIYTLCC,-0.36705882352941166,0.3,0.6382352941176469,0.2926470588235294,-1.2558823529411764,0.9770588235294118,5.676470588235294,8.741176470588234,88.88529411764705,42.0,5.0,4685.240000000001,0.22399999999999998,-1.36,0.7719999999999999,1.4,0.6,1.386,5.7,7.08,97.74000000000001,3.0,0.0,713.8299999999999,-0.48599999999999993,0.45999999999999996,0.7280000000000001,-0.05600000000000005,-0.2,0.9800000000000001,6.1,8.14,95.3,9.0,2.0,715.8399999999999
Sequence_151,QQCGRQASGRLCGNRLCCSQWGYCGSTASYCGAGCQSQCRS,-0.3673170731707317,0.10731707317073172,0.6346341463414633,0.2604878048780487,-0.9268292682926831,0.9043902439024389,5.573170731707317,8.499999999999996,88.59512195121948,56.0,9.0,5709.259999999999,-0.26,-0.36,0.624,0.696,-0.8,0.74,6.4,7.88,100.03999999999999,6.0,1.0,765.86,-0.34800000000000003,0.21999999999999997,0.5599999999999999,0.2839999999999999,-0.9799999999999999,0.49000000000000005,5.1,8.419999999999998,81.28,6.0,1.0,664.6999999999999
Sequence_300,FLPAVLLVATHVLPTVFCAITRKC,0.03166666666666667,-0.8166666666666665,0.6599999999999998,1.0004166666666665,0.36666666666666686,1.4725000000000001,5.104166666666667,7.316666666666667,89.90416666666665,17.0,1.0,3347.88,0.32999999999999996,-1.6,0.728,1.5899999999999999,1.9600000000000002,1.386,4.8,5.9799999999999995,91.2,1.0,0.0,694.86,-0.45,0.42000000000000004,0.44800000000000006,0.051999999999999956,-2.08,0.78,4.9,9.3,76.42,6.0,1.0,638.6800000000001
Sequence_549,KVPIGAIKKGGKIIKKGLGVIGAAGTAHEVYSHVKNRQ,-0.1521052631578947,-0.33947368421052637,0.5786842105263157,0.5936842105263158,-1.3,1.390263157894737,4.75,8.999999999999996,82.78947368421052,32.0,-2.0,5133.45,-0.059999999999999984,-1.0,0.572,1.084,-1.2200000000000002,1.9259999999999997,5.1,8.2,90.2,4.0,0.0,729.83,-0.11800000000000004,-0.6799999999999999,0.6279999999999999,1.234,-1.3599999999999999,2.4099999999999997,6.4,8.06,103.97999999999999,4.0,1.0,785.9100000000001
seq_286,VLLNKARLSGFKTLRNTYRGNYKKHYHKNC,-0.21366666666666667,0.05999999999999996,0.6809999999999998,0.5753333333333331,-0.7699999999999999,1.2116666666666664,5.55,8.706666666666669,89.18333333333331,27.0,3.0,4100.650000000001,0.06599999999999999,-0.9,0.8240000000000001,1.294,0.19999999999999982,2.4099999999999997,6.2,7.5,107.28,4.0,1.0,767.93,-0.6679999999999999,1.4,0.7,-0.258,-2.18,1.768,6.1,10.080000000000002,95.18000000000002,8.0,1.0,739.8299999999999
Sequence_507,KWKSFIKKLASKFLHSAKKF,-0.09700000000000002,-0.475,0.6404999999999997,0.5815,-0.49499999999999994,0.8239999999999998,4.425,8.55,77.965,12.0,-1.0,2608.75,-0.2,-0.8,0.65,0.654,-1.2,1.592,5.0,8.34,84.64,4.0,0.0,717.75,-0.154,-0.44000000000000006,0.6140000000000001,0.46799999999999997,-0.5800000000000001,0.58,4.1,8.719999999999999,71.92,3.0,0.0,625.65
Sequence_167,SLSRFLSFLKIVYPPAF,0.17058823529411762,-0.9411764705882353,0.6535294117647057,1.075294117647059,1.3117647058823527,0.49294117647058816,4.294117647058823,6.93529411764706,79.1705882352941,5.0,0.0,2126.4900000000002,0.03599999999999999,-0.44000000000000006,0.612,0.7,0.76,0.0,4.0,7.419999999999999,70.74,2.0,0.0,577.63,0.27,-1.1199999999999999,0.6920000000000001,1.47,2.46,0.0,4.5,6.18,80.28,0.0,0.0,625.8100000000001
seq_86,VLLNKARLAGFNTLRNCYRGNFKKHYKHHC,-0.2733333333333334,0.28,0.6813333333333332,0.426,-0.8766666666666667,1.2873333333333337,5.516666666666667,8.783333333333337,89.56999999999996,29.0,3.0,4135.700000000001,0.06599999999999999,-0.9,0.8240000000000001,1.294,0.19999999999999982,2.4099999999999997,6.2,7.5,107.28,4.0,1.0,767.93,-0.5720000000000001,1.4,0.7000000000000001,-0.296,-2.1,1.2879999999999998,5.7,10.280000000000001,91.1,7.0,-1.0,740.77
seq_164,VLLNKARLAGFNTLRNTYRGNFKKHYHKNT,-0.184,0.05333333333333334,0.6693333333333332,0.6069999999999999,-0.6366666666666666,1.2040000000000002,5.416666666666667,8.623333333333337,87.7233333333333,24.0,3.0,4024.6000000000004,0.06599999999999999,-0.9,0.8240000000000001,1.294,0.19999999999999982,2.4099999999999997,6.2,7.5,107.28,4.0,1.0,767.93,-0.352,0.72,0.6639999999999999,0.266,-1.4200000000000002,1.278,5.6,9.700000000000001,87.60000000000001,5.0,0.0,684.7499999999999
Sequence_56,GLWDSIKNFGKTIALNVMDKIKCKIGGGCPP,-0.292258064516129,-0.14193548387096772,0.622258064516129,0.3819354838709678,-1.3451612903225805,1.2170967741935483,5.064516129032258,8.935483870967742,84.93548387096772,35.0,4.0,4223.66,-0.16799999999999998,-0.6799999999999999,0.7380000000000001,0.538,-0.9199999999999999,1.262,5.3,8.540000000000001,87.69999999999999,6.0,0.0,695.72,-0.524,0.15999999999999992,0.7200000000000001,0.45199999999999996,-1.5399999999999998,0.99,6.3,8.580000000000002,96.78,8.0,1.0,764.9200000000001
Sequence_431,FKCARWQWRMKKLGA,-0.08933333333333332,-0.7333333333333333,0.6626666666666666,0.868,-0.41333333333333333,1.2113333333333332,5.466666666666667,7.840000000000002,89.7,11.0,1.0,2105.330000000001,-0.388,0.2,0.576,0.15799999999999997,-1.0,0.78,4.9,8.5,79.1,5.0,1.0,654.73,-0.10200000000000001,-0.6199999999999999,0.724,0.7259999999999999,-0.7200000000000001,0.8300000000000001,5.2,8.92,85.62,4.0,0.0,676.73
seq_35,VLLNKARLAGFKTLRNTYRGNFKKHYHITV,-0.093,-0.26000000000000006,0.6473333333333333,0.7316666666666667,-0.42000000000000004,1.190333333333333,5.2,8.350000000000001,86.43999999999998,21.0,1.0,4011.5300000000007,0.06599999999999999,-0.9,0.8240000000000001,1.294,0.19999999999999982,2.4099999999999997,6.2,7.5,107.28,4.0,1.0,767.93,0.054000000000000006,-0.45999999999999996,0.5279999999999999,0.772,-0.25999999999999995,1.64,4.5,8.24,82.54,3.0,-1.0,662.71
Sequence_160,YSKSLPLSVLNP,0.11166666666666664,-0.7916666666666669,0.7541666666666665,1.2249999999999999,0.9249999999999999,1.0041666666666667,5.208333333333333,7.300000000000002,90.3,7.0,1.0,1629.94,0.06999999999999999,-0.64,0.708,0.8119999999999999,0.78,0.29,4.5,7.980000000000001,77.76,3.0,0.0,613.66,-2.2204460492503132e-17,-0.64,0.742,1.268,0.15999999999999998,2.12,5.7,7.360000000000001,99.02,4.0,1.0,735.9000000000001
Sequence_468,DLPECCSATELELDSGKQTS,-0.29399999999999993,0.27499999999999997,0.7094999999999998,0.178,-0.85,0.38,4.75,9.174999999999999,81.68500000000003,23.0,-1.0,2663.7599999999998,-0.426,0.6199999999999999,0.8,0.07999999999999999,-1.02,0.49000000000000005,5.3,9.2,90.58,7.0,0.0,719.8,-0.184,-0.58,0.6220000000000001,0.6499999999999999,-1.08,0.54,5.3,8.779999999999998,84.32,5.0,0.0,690.71
seq_77,VLLNKARLAGFNTLRNCYRGTFKKHYHKHC,-0.24266666666666667,0.16666666666666666,0.6753333333333332,0.4623333333333334,-0.77,1.165,5.45,8.693333333333335,88.43999999999997,28.0,2.0,4108.63,0.06599999999999999,-0.9,0.8240000000000001,1.294,0.19999999999999982,2.4099999999999997,6.2,7.5,107.28,4.0,1.0,767.93,-0.5720000000000001,1.4,0.7,-0.29600000000000004,-2.1,1.2879999999999998,5.7,10.280000000000001,91.1,7.0,-1.0,740.77
seq_236,VLLNKARLAGFKTLRNTYRSNFKKNYKKTC,-0.17700000000000002,-0.1766666666666667,0.6656666666666665,0.657,-0.5466666666666667,1.1336666666666666,5.4,8.426666666666668,87.17666666666666,25.0,5.0,4027.61,0.06599999999999999,-0.9,0.8240000000000001,1.294,0.19999999999999982,2.4099999999999997,6.2,7.5,107.28,4.0,1.0,767.93,-0.44000000000000006,0.020000000000000018,0.668,0.24000000000000005,-1.48,1.0699999999999998,5.9,9.16,89.83999999999999,7.0,1.0,720.79
Sequence_106,KWKLFKKIEKVGQGIGAVLKVLTTGL,-0.03730769230769228,-0.9115384615384615,0.6692307692307691,0.8903846153846152,-0.6846153846153844,1.521153846153846,5.211538461538462,8.253846153846153,90.72307692307692,21.0,-1.0,3731.06,-0.0020000000000000087,-1.22,0.748,1.032,-0.14000000000000004,1.592,5.5,7.540000000000001,94.06,3.0,0.0,743.8299999999999,0.08200000000000002,-0.8400000000000001,0.744,0.9239999999999998,0.82,0.25,5.4,7.62,87.22,4.0,0.0,646.7299999999999
seq_249,VLLNKARLSGFKTLRNTYRSNFKKHYHKHS,-0.15,-0.009999999999999988,0.6663333333333333,0.6096666666666665,-0.6,1.008333333333333,5.166666666666667,8.640000000000002,84.97666666666665,22.0,0.0,3995.420000000001,0.06599999999999999,-0.9,0.8240000000000001,1.294,0.19999999999999982,2.4099999999999997,6.2,7.5,107.28,4.0,1.0,767.93,-0.272,0.86,0.6699999999999999,0.12599999999999997,-1.3599999999999999,0.7979999999999999,4.8,10.020000000000001,80.26,4.0,-2.0,671.66
Sequence_598,LRDLVCYCRKRGCKRREHMNGTCRKGHLMYTLCCR,-0.37,0.3228571428571428,0.673142857142857,0.3202857142857143,-1.2714285714285718,1.0268571428571427,5.828571428571428,8.777142857142858,91.23428571428569,43.0,4.0,4924.51,0.22399999999999998,-1.36,0.7719999999999999,1.4,0.6,1.386,5.7,7.08,97.74000000000001,3.0,0.0,713.8299999999999,-0.6079999999999999,0.76,0.648,-0.11600000000000006,-1.36,0.9800000000000001,6.2,8.559999999999999,93.0,9.0,2.0,713.82
seq_373,VLLNKARLSGFKTLRNCYRSHYKKNYHKNL,-0.169,0.01666666666666666,0.6933333333333332,0.6289999999999999,-0.5066666666666666,1.1699999999999997,5.466666666666667,8.550000000000002,89.04999999999998,25.0,3.0,4071.640000000001,0.06599999999999999,-0.9,0.8240000000000001,1.294,0.19999999999999982,2.4099999999999997,6.2,7.5,107.28,4.0,1.0,767.93,-0.17,0.44000000000000006,0.768,0.542,-0.38000000000000006,1.278,5.7,9.020000000000001,93.76000000000002,4.0,0.0,696.7999999999998
Sequence_578,ALWKTLLKGAGKVFGHVAKQFLGSQGQPES,-0.016333333333333328,-0.7800000000000001,0.702,0.8836666666666668,-0.1333333333333334,1.0746666666666664,5.15,8.026666666666666,89.30000000000001,22.0,-2.0,4229.620000000002,0.08399999999999999,-1.1,0.6880000000000001,1.066,0.21999999999999997,1.302,5.2,7.7,86.78,3.0,0.0,675.73,-0.15999999999999998,-0.05999999999999993,0.6900000000000001,0.6579999999999998,-0.6200000000000001,0.25,4.8,8.719999999999999,84.92,4.0,-1.0,698.7400000000001
seq_40,VLLNKARLAGFKTLRNCYRGNFKKHYHKNC,-0.266,0.1633333333333333,0.6819999999999999,0.4726666666666666,-0.8666666666666667,1.2933333333333334,5.55,8.720000000000002,89.80999999999997,29.0,4.0,4143.7300000000005,0.06599999999999999,-0.9,0.8240000000000001,1.294,0.19999999999999982,2.4099999999999997,6.2,7.5,107.28,4.0,1.0,767.93,-0.6679999999999999,1.4,0.7,-0.258,-2.18,1.768,6.1,10.080000000000002,95.18000000000002,8.0,1.0,739.8299999999999
seq_288,VLLNKARLAGFNTLRNCYKANFKKHYHHHV,-0.18933333333333335,0.14333333333333337,0.6873333333333332,0.5470000000000002,-0.6433333333333333,1.4373333333333338,5.366666666666666,8.67666666666667,89.57999999999996,25.0,1.0,4140.68,0.06599999999999999,-0.9,0.8240000000000001,1.294,0.19999999999999982,2.4099999999999997,6.2,7.5,107.28,4.0,1.0,767.93,-0.18999999999999997,0.82,0.7,0.364,-1.44,2.148,5.4,9.64,94.92,4.0,-3.0,762.78
seq_241,VLLNKARLSGFNTFRNCYRHTFKKNYHKNY,-0.23566666666666672,0.16333333333333336,0.6649999999999999,0.5043333333333334,-0.6599999999999999,1.2440000000000002,5.4,8.580000000000002,87.78666666666663,26.0,4.0,4056.6600000000003,0.06599999999999999,-0.9,0.8240000000000001,1.294,0.19999999999999982,2.4099999999999997,6.2,7.5,107.28,4.0,1.0,767.93,-0.20800000000000002,0.5,0.716,0.462,-0.44000000000000006,1.278,5.6,9.16,90.38000000000002,4.0,0.0,682.7799999999999
seq_194,VLLNKARLSGFNTLRHCYRSNFKKHYHHHD,-0.23,0.3333333333333333,0.6786666666666666,0.40866666666666673,-0.8366666666666667,1.0779999999999998,5.25,8.910000000000002,86.45333333333329,26.0,-1.0,4061.4700000000007,0.06599999999999999,-0.9,0.8240000000000001,1.294,0.19999999999999982,2.4099999999999997,6.2,7.5,107.28,4.0,1.0,767.93,-0.392,1.54,0.7120000000000001,-0.27599999999999997,-1.9600000000000002,0.762,5.0,10.88,82.97999999999999,5.0,-3.0,690.66
Sequence_528,GIFGKILGVGKKVLCGLSGVC,-0.26,-0.5047619047619049,0.6595238095238094,0.48999999999999994,-1.3285714285714285,1.7876190476190477,5.404761904761905,8.557142857142859,92.38571428571429,27.0,2.0,3073.3900000000003,-0.316,-0.22000000000000003,0.5359999999999999,0.11600000000000002,-1.6200000000000003,0.79,4.3,9.18,75.17999999999999,5.0,0.0,643.68,-0.32199999999999995,-0.34,0.722,0.438,-1.04,2.126,5.8,8.16,98.22,8.0,1.0,760.8499999999999
Sequence_427,VLSHNNESSYSDTSSCTSQ,-0.3089473684210525,0.3842105263157894,0.6384210526315788,0.18999999999999997,-1.010526315789474,0.9468421052631578,4.684210526315789,9.121052631578944,79.53684210526318,22.0,1.0,2470.5499999999997,-0.176,0.21999999999999992,0.7220000000000001,0.636,-0.9199999999999999,2.3739999999999997,5.5,8.680000000000001,96.42,5.0,0.0,733.8199999999999,-0.37,0.13999999999999996,0.5880000000000001,0.1479999999999999,-0.8,0.49000000000000005,5.0,8.540000000000001,80.8,7.0,1.0,668.69
Sequence_662,KWCFRVCYRGICYRKCR,-0.42,0.0882352941176471,0.5752941176470587,0.29647058823529404,-1.5294117647058825,1.5258823529411762,5.735294117647059,8.423529411764706,90.04117647058823,22.0,4.0,2429.7400000000002,-0.434,-0.15999999999999998,0.612,0.34400000000000003,-1.6199999999999999,1.7920000000000003,5.8,8.120000000000001,91.82000000000001,6.0,1.0,746.83,-0.352,0.2,0.572,0.4880000000000001,-1.3399999999999999,0.78,5.9,8.559999999999999,86.66,5.0,1.0,676.77
Sequence_553,RLKLLLLRLK,0.344,-1.1800000000000002,0.8240000000000001,1.508,1.7399999999999998,0.29,5.6,6.800000000000002,94.3,2.0,0.0,1327.6000000000001,0.344,-1.18,0.8240000000000001,1.5079999999999998,1.7399999999999998,0.29,5.6,6.8,94.3,1.0,0.0,663.8,0.34400000000000003,-1.1800000000000002,0.8240000000000001,1.508,1.7399999999999998,0.29,5.6,6.8,94.3,1.0,0.0,663.8
Sequence_456,ALWKTLLKKVGKVAGKAVLNAVTNMANQNEQ,-0.0464516129032258,-0.6548387096774193,0.7064516129032257,0.9603225806451616,-0.3870967741935484,1.845483870967742,5.5,8.154838709677419,94.47419354838709,25.0,3.0,4454.030000000001,0.08399999999999999,-1.1,0.6880000000000001,1.066,0.21999999999999997,1.302,5.2,7.7,86.78,3.0,0.0,675.73,-0.34000000000000014,0.8,0.7040000000000001,0.45199999999999996,-1.1400000000000001,1.468,5.9,9.2,101.28,5.0,1.0,755.8599999999999
seq_230,VLLNKARLAGFKTLRNCYKSHFKKHYHKNY,-0.17,-2.960594732333751e-17,0.691,0.5753333333333334,-0.5266666666666667,1.138333333333333,5.316666666666666,8.636666666666668,87.77999999999999,24.0,1.0,4086.5900000000006,0.06599999999999999,-0.9,0.8240000000000001,1.294,0.19999999999999982,2.4099999999999997,6.2,7.5,107.28,4.0,1.0,767.93,-0.20800000000000002,0.5,0.716,0.462,-0.44000000000000006,1.278,5.6,9.16,90.38000000000002,4.0,0.0,682.7799999999999
seq_193,VLLNKARLAGFKTLRNCYRGNFKKHYKKNY,-0.18200000000000005,-0.10333333333333335,0.6853333333333332,0.6393333333333333,-0.5666666666666667,1.2176666666666667,5.5,8.503333333333336,89.24999999999999,25.0,4.0,4094.7100000000005,0.06599999999999999,-0.9,0.8240000000000001,1.294,0.19999999999999982,2.4099999999999997,6.2,7.5,107.28,4.0,1.0,767.93,-0.164,-0.2,0.7200000000000001,0.7420000000000001,-0.3799999999999999,1.314,5.8,8.78,91.82000000000001,4.0,1.0,690.8100000000001
Sequence_208,ILPFVAGVAAMEMEHVYCAASKKC,-0.09083333333333332,-0.30833333333333335,0.6670833333333333,0.6183333333333335,-0.15000000000000002,1.29625,4.604166666666667,8.233333333333333,84.6125,19.0,-1.0,3237.5499999999997,0.312,-1.5,0.624,1.456,1.52,1.386,4.4,6.159999999999999,87.94000000000001,1.0,0.0,680.84,-0.514,0.36,0.6260000000000001,-0.028000000000000025,-1.98,1.0699999999999998,5.0,9.719999999999999,80.08,7.0,1.0,678.7
Sequence_396,INWKKIFESVKNLV,-0.1807142857142857,-0.2928571428571428,0.6064285714285714,0.6192857142857143,-1.3285714285714285,2.1864285714285714,4.857142857142857,8.692857142857145,88.50714285714285,12.0,1.0,1988.18,-0.34400000000000003,-0.05999999999999996,0.556,0.4620000000000001,-2.4,2.3259999999999996,5.3,9.459999999999999,88.28,5.0,1.0,712.77,-0.006000000000000028,-1.22,0.76,1.434,-0.8800000000000001,3.7959999999999994,6.5,7.540000000000001,113.96,5.0,1.0,841.0
seq_195,VLLNKARLAGFNTLRNTYRSNYKKNYHHQM,-0.09566666666666666,-0.07333333333333333,0.6849999999999999,0.7533333333333333,-0.14,1.1140000000000003,5.416666666666667,8.296666666666669,88.8833333333333,21.0,3.0,4001.620000000001,0.06599999999999999,-0.9,0.8240000000000001,1.294,0.19999999999999982,2.4099999999999997,6.2,7.5,107.28,4.0,1.0,767.93,0.08800000000000001,0.039999999999999994,0.76,0.836,0.76,0.508,5.4,8.120000000000001,94.08,2.0,-2.0,707.7699999999999
seq_295,VLLNKARLSGFKTLRNTYKSNFKKHYHKQY,-0.09333333333333334,-0.26999999999999996,0.6859999999999999,0.7426666666666666,-0.27666666666666667,1.0143333333333333,5.3,8.373333333333335,87.56666666666665,21.0,1.0,4065.5700000000006,0.06599999999999999,-0.9,0.8240000000000001,1.294,0.19999999999999982,2.4099999999999997,6.2,7.5,107.28,4.0,1.0,767.93,0.134,-0.6,0.72,1.036,0.9,0.5439999999999999,5.5,7.94,92.14000000000001,2.0,-1.0,701.7799999999999
Sequence_388,GICACRRRFCLNFEQFSGYCRVNGARYVRCCSRR,-0.3732352941176471,0.29705882352941176,0.5799999999999997,0.2617647058823529,-1.1352941176470586,1.1661764705882354,5.294117647058823,8.447058823529412,85.4176470588235,39.0,7.0,4596.190000000001,-0.76,1.1400000000000001,0.512,-0.7500000000000001,-2.22,1.23,4.8,9.72,79.35999999999999,10.0,2.0,658.71,-0.784,1.26,0.522,-0.35800000000000004,-2.6,0.9800000000000001,5.8,9.24,84.05999999999999,9.0,2.0,683.75
Sequence_564,FINLLDKVEDALHTGAQAGFKLIRPVERGATPKKSEKPEK,-0.11649999999999998,-0.22250000000000006,0.65625,0.6260000000000001,-0.6849999999999999,0.7812499999999999,4.6875,8.759999999999994,82.13,28.0,-4.0,5327.740000000001,0.11199999999999996,-0.32,0.668,0.722,1.44,0.734,4.3,7.24,82.74,2.0,1.0,604.7499999999999,-0.396,0.74,0.74,0.25599999999999995,-2.3,0.58,4.6,10.499999999999998,83.66,4.0,-2.0,725.73
seq_58,VLLNKARLAGFKTLRNTYKSTFKKHYHHTC,-0.15600000000000003,-0.07333333333333338,0.6696666666666665,0.5749999999999998,-0.5,0.9676666666666665,5.216666666666667,8.57666666666667,85.49666666666666,24.0,0.0,4025.4500000000003,0.06599999999999999,-0.9,0.8240000000000001,1.294,0.19999999999999982,2.4099999999999997,6.2,7.5,107.28,4.0,1.0,767.93,-0.5279999999999999,1.42,0.66,-0.32,-1.6,0.998,5.5,9.92,86.96,7.0,-1.0,704.73
Sequence_498,GLLSGILGAGKNIVCGLSGLC,-0.24238095238095242,-0.12380952380952374,0.6761904761904761,0.3495238095238095,-0.7666666666666667,1.1642857142857141,5.142857142857143,8.647619047619045,87.32380952380953,26.0,3.0,2836.15,-0.03599999999999999,-0.5800000000000001,0.786,0.6739999999999999,0.24000000000000005,0.5,5.2,8.12,87.66,5.0,0.0,659.73,-0.25,-0.020000000000000018,0.786,0.29799999999999993,0.040000000000000036,0.74,5.5,8.12,91.54,7.0,1.0,687.78
Sequence_293,STPVLASVAVSMELLPTASVLYSDVAGCFKYSAKHHC,-0.03621621621621622,-0.5324324324324323,0.6854054054054054,0.7748648648648649,0.05135135135135131,1.24972972972973,4.824324324324325,7.994594594594595,85.42972972972971,30.0,-1.0,5009.5,0.184,-1.3199999999999998,0.706,1.486,0.8,1.386,5.3,6.82,92.24000000000001,3.0,0.0,708.83,-0.6300000000000001,1.6,0.652,-0.462,-2.58,1.2879999999999998,5.2,10.72,84.6,7.0,-1.0,712.71
Sequence_143,EKCLRWQWRMRKYGG,-0.16133333333333333,-0.45333333333333325,0.676,0.7959999999999998,-0.9,1.198,5.8,8.193333333333335,93.12666666666668,13.0,0.0,2162.3700000000003,-0.44399999999999995,0.74,0.704,0.08799999999999994,-1.6599999999999997,0.78,5.4,9.42,89.0,6.0,0.0,708.76,-0.26199999999999996,-0.32,0.636,0.5799999999999998,-1.52,0.79,5.7,9.059999999999999,86.0,5.0,0.0,679.7399999999999
seq_13,VLLNKARLSGFKTLRNTYKHNYKKHYHHHV,-0.14266666666666666,0.039999999999999994,0.6923333333333332,0.6423333333333332,-0.7,1.3239999999999996,5.416666666666667,8.773333333333335,89.5833333333333,23.0,-2.0,4164.610000000001,0.06599999999999999,-0.9,0.8240000000000001,1.294,0.19999999999999982,2.4099999999999997,6.2,7.5,107.28,4.0,1.0,767.93,-0.18999999999999997,0.82,0.7,0.364,-1.44,2.148,5.4,9.64,94.92,4.0,-3.0,762.78
Sequence_260,CFKFKFKFGSGFKFKFKFC,-0.38105263157894737,-0.2263157894736842,0.6531578947368419,0.11842105263157897,-0.8421052631578947,0.8473684210526314,4.7368421052631575,8.294736842105262,81.59473684210526,19.0,2.0,2645.9500000000003,-0.496,0.0,0.664,-0.01200000000000001,-1.1800000000000002,1.07,5.1,8.459999999999999,85.9,6.0,1.0,726.8199999999999,-0.496,0.0,0.6639999999999999,-0.01200000000000001,-1.1800000000000002,1.0699999999999998,5.1,8.459999999999999,85.9,6.0,1.0,726.8199999999999
Sequence_415,KTHYPTNAWKSLWKGFWESLRYTDGF,-0.13846153846153847,-0.37692307692307697,0.6715384615384614,0.6369230769230767,-0.5423076923076924,1.037307692307692,5.096153846153846,8.392307692307693,84.45000000000002,21.0,-1.0,3519.8000000000006,-0.08000000000000003,-0.13999999999999999,0.6839999999999999,0.86,-0.26000000000000006,0.5439999999999999,5.4,8.580000000000002,86.11999999999999,3.0,-1.0,687.77,-0.186,-0.5,0.664,0.316,-0.2,0.25,4.8,8.42,78.0,5.0,0.0,635.6899999999999
seq_376,VLLNKARLAGFNTLRNCYRHNFKKNYHHHM,-0.218,0.32999999999999996,0.6906666666666667,0.501,-0.6233333333333333,1.2803333333333338,5.45,8.68666666666667,89.60666666666663,25.0,2.0,4084.6800000000007,0.06599999999999999,-0.9,0.8240000000000001,1.294,0.19999999999999982,2.4099999999999997,6.2,7.5,107.28,4.0,1.0,767.93,-0.15799999999999997,1.1400000000000001,0.756,0.22399999999999998,-0.5,0.762,5.1,9.540000000000001,88.24,3.0,-3.0,689.7099999999999
Sequence_107,KIKWFKTMKSLAKFLAKEQMKKHLGE,-0.06807692307692306,-0.4500000000000001,0.7003846153846153,0.6834615384615385,-0.39615384615384625,0.7376923076923075,4.788461538461538,8.569230769230769,84.25769230769232,16.0,-3.0,3522.75,-0.11599999999999999,-0.86,0.5439999999999999,0.6519999999999999,-1.1200000000000003,1.5919999999999999,4.5,8.3,80.92,3.0,0.0,687.7299999999999,-0.33999999999999997,0.78,0.768,0.07199999999999998,-1.8399999999999999,0.7939999999999999,5.0,10.280000000000001,87.34,5.0,-2.0,712.7099999999999
Sequence_616,VSGNVAARKGKQQTSSGKGGGTN,-0.27347826086956517,-0.3043478260869566,0.6230434782608694,0.5595652173913043,-1.5826086956521739,1.4369565217391302,5.413043478260869,9.000000000000002,87.33043478260872,26.0,2.0,3220.440000000001,-0.262,-0.6599999999999999,0.658,0.884,-2.0,3.7560000000000002,6.0,8.360000000000001,104.1,7.0,1.0,805.9100000000001,-0.67,0.64,0.644,-0.142,-3.02,1.484,6.0,10.280000000000001,89.08,9.0,1.0,703.76
Sequence_403,KLLKWLKKLLK,0.15181818181818185,-1.2545454545454546,0.8454545454545453,1.3000000000000003,0.4727272727272726,1.119090909090909,5.863636363636363,7.654545454545456,98.7,6.0,0.0,1612.8400000000001,0.136,-1.38,0.8280000000000001,1.3359999999999999,0.2599999999999999,1.5919999999999999,6.0,7.480000000000001,100.79999999999998,3.0,0.0,753.8499999999999,0.05199999999999998,-1.02,0.828,1.144,-0.1200000000000001,0.8699999999999999,5.8,8.32,95.94000000000001,3.0,0.0,727.8199999999999
Sequence_550,ALLLAIRKR,0.2566666666666667,-0.7666666666666666,0.6133333333333334,1.1199999999999999,1.1444444444444448,0.1611111111111111,4.333333333333333,7.466666666666665,76.28888888888889,1.0,0.0,1032.1799999999998,0.538,-1.2799999999999998,0.82,1.408,3.4200000000000004,0.0,4.3,6.359999999999999,82.24000000000001,0.0,0.0,571.6899999999999,-0.026000000000000002,-0.2,0.388,0.742,-1.0,0.29,4.0,8.7,65.6,1.0,0.0,549.5799999999999
Sequence_213,SRWPSPGRPRPFPGRPKPIFRPRPCNCYAPPCPCDRW,-0.19945945945945948,-0.22972972972972988,0.6237837837837837,0.9183783783783781,-0.4756756756756758,0.7443243243243243,5.527027027027027,7.716216216216215,87.26756756756753,29.0,5.0,5115.17,-0.062,-0.6,0.5800000000000001,1.044,-0.5200000000000001,1.012,4.9,7.659999999999999,79.46,3.0,0.0,655.71,-0.438,-0.07999999999999999,0.6559999999999999,0.5,-1.8,1.502,6.2,8.4,94.46000000000001,7.0,1.0,751.8499999999999
Sequence_387,SVFAFQDESTSTIAQARLFI,0.047,-0.5700000000000001,0.5504999999999999,0.636,0.44499999999999995,0.3465,3.75,7.859999999999999,71.265,9.0,-1.0,2380.51,0.088,-1.1199999999999999,0.5980000000000001,0.808,1.02,1.386,3.7,6.74,75.9,2.0,0.0,640.72,0.22199999999999998,-0.6599999999999999,0.504,0.8300000000000001,1.3599999999999999,0.0,3.4,7.159999999999999,66.56,0.0,0.0,531.6099999999999
Sequence_340,FLGGLWKAMSNLL,0.047692307692307694,-0.7384615384615383,0.7823076923076925,0.9069230769230768,0.7615384615384616,0.9753846153846154,5.230769230769231,7.492307692307692,90.64615384615385,9.0,1.0,1746.0200000000002,0.02400000000000002,-0.8399999999999999,0.804,0.7479999999999999,0.9,0.5,5.2,7.38,90.34,4.0,0.0,675.79,0.12599999999999997,-0.42000000000000004,0.8460000000000001,1.028,1.6199999999999999,0.734,5.3,7.159999999999999,93.2,3.0,1.0,644.79
seq_260,VLLNKARLAGFKTLRNTYKTNYKKHYHHNL,-0.11500000000000002,-0.04666666666666672,0.6966666666666667,0.6899999999999998,-0.35333333333333344,1.1306666666666665,5.416666666666667,8.573333333333336,88.6233333333333,22.0,1.0,4046.5900000000006,0.06599999999999999,-0.9,0.8240000000000001,1.294,0.19999999999999982,2.4099999999999997,6.2,7.5,107.28,4.0,1.0,767.93,-0.21400000000000002,1.1400000000000001,0.764,0.262,-0.43999999999999984,1.242,5.5,9.400000000000002,92.32000000000001,4.0,-1.0,688.7699999999999
Sequence_481,GWLKKLGKRIERIGQHTRDATIQGLGIAQQAANVAATAR,-0.029230769230769244,-0.4384615384615384,0.5697435897435895,0.713846153846154,-0.42307692307692274,0.7058974358974359,4.628205128205129,8.471794871794874,79.29999999999998,24.0,-1.0,4936.260000000001,-0.148,-0.9799999999999999,0.76,0.9120000000000001,-1.34,1.8419999999999999,6.1,8.54,98.33999999999999,5.0,0.0,768.8299999999999,0.1,-0.38,0.484,0.7460000000000001,0.62,0.0,3.6,8.18,60.52,1.0,0.0,501.52
Sequence_485,QTCASRCPRPCNAGLCCSIYGYCGSGNAYCGAGNCRCQCRG,-0.5297560975609756,0.6097560975609755,0.6212195121951217,-0.010243902439024384,-1.4000000000000001,1.0795121951219513,5.609756097560975,8.943902439024392,87.6024390243902,64.0,13.0,5641.379999999999,-0.268,-0.019999999999999983,0.586,0.2799999999999999,-0.2800000000000001,0.49000000000000005,4.9,8.319999999999999,80.34,6.0,1.0,652.69,-0.734,0.74,0.62,-0.18400000000000008,-2.2600000000000002,1.23,6.6,8.940000000000001,99.08000000000001,10.0,2.0,774.8699999999999
seq_175,VLLNKARLSGFKTLRNCYKHHFKKNYHKNY,-0.215,0.11666666666666667,0.6963333333333332,0.5340000000000001,-0.7166666666666666,1.2606666666666666,5.466666666666667,8.743333333333336,89.52999999999999,26.0,2.0,4143.6900000000005,0.06599999999999999,-0.9,0.8240000000000001,1.294,0.19999999999999982,2.4099999999999997,6.2,7.5,107.28,4.0,1.0,767.93,-0.20800000000000002,0.5,0.716,0.462,-0.44000000000000006,1.278,5.6,9.16,90.38000000000002,4.0,0.0,682.7799999999999
Sequence_295,RRWRIVVIRVRR,0.08583333333333332,-1.0416666666666667,0.41333333333333333,1.383333333333333,-1.2,2.1541666666666663,5.166666666666667,7.366666666666667,86.38333333333333,4.0,0.0,1634.83,-0.006,-0.45999999999999996,0.356,1.04,-1.3,1.012,4.8,7.840000000000001,74.66,1.0,0.0,601.6499999999999,0.06399999999999999,-0.6799999999999999,0.356,1.24,-1.22,1.386,4.8,7.68,78.5,1.0,0.0,624.7
Sequence_305,FFPNVASVPGQVLKKIFCAISKKC,-0.14666666666666664,-0.5541666666666667,0.6191666666666664,0.7029166666666667,-0.5041666666666668,1.5170833333333336,4.916666666666667,7.979166666666668,87.10833333333335,21.0,3.0,3370.8300000000004,-0.078,-0.74,0.68,1.038,0.4200000000000001,2.12,5.2,6.68,94.96,3.0,1.0,741.94,-0.532,0.45999999999999996,0.522,-0.162,-2.4200000000000004,1.0699999999999998,4.6,9.9,76.82000000000001,7.0,1.0,664.6800000000001
seq_191,VLLDKARLAGFKTFRNCYKGNFKKHYHKNC,-0.2846666666666667,0.07999999999999995,0.6826666666666665,0.4023333333333335,-0.9733333333333333,1.2193333333333334,5.416666666666667,8.820000000000002,88.31666666666663,30.0,3.0,4159.67,0.15799999999999997,-1.46,0.8400000000000001,1.288,0.2799999999999999,1.6759999999999997,5.8,7.56,101.4,4.0,0.0,753.8599999999999,-0.6679999999999999,1.4,0.7,-0.258,-2.18,1.768,6.1,10.080000000000002,95.18000000000002,8.0,1.0,739.8299999999999
seq_253,VLLNKARLSGFNTLRNCYRSNFKKHYHIHD,-0.22000000000000006,0.23333333333333334,0.656,0.44033333333333335,-0.7466666666666666,1.1156666666666666,5.166666666666667,8.76666666666667,85.51999999999997,26.0,2.0,3988.4700000000007,0.06599999999999999,-0.9,0.8240000000000001,1.294,0.19999999999999982,2.4099999999999997,6.2,7.5,107.28,4.0,1.0,767.93,-0.236,0.9400000000000001,0.576,-0.124,-1.3399999999999999,0.508,4.1,10.22,73.3,4.0,-2.0,618.5999999999999
Sequence_405,GNNRPVYIPQPRPPHPRI,-0.01777777777777778,-0.33333333333333326,0.591111111111111,1.2377777777777774,-0.1611111111111111,0.9327777777777777,5.388888888888889,7.672222222222223,88.8111111111111,8.0,1.0,2463.0300000000007,-0.54,0.9800000000000001,0.6359999999999999,0.44800000000000006,-2.2,1.718,6.3,9.360000000000001,94.24,6.0,2.0,702.8700000000001,-0.001999999999999996,0.07999999999999999,0.52,1.048,-0.34,0.254,4.6,8.14,78.00000000000001,1.0,-1.0,635.75
Sequence_594,DERCTIIIHPGSPCDPSDCVQYCYAEYNGVGKCIASKPGRSANCMCTYNC,-0.3998000000000001,0.38,0.6144,0.14839999999999992,-1.2780000000000005,1.0728000000000004,5.09,9.027999999999999,84.18799999999999,65.0,8.0,6763.4699999999975,-0.674,1.16,0.612,-0.43600000000000005,-2.76,0.49000000000000005,5.1,10.34,79.6,8.0,0.0,673.67,-0.852,1.42,0.66,-0.55,-1.8800000000000001,1.714,6.4,9.36,95.92,11.0,3.0,730.8600000000001
seq_141,VLLNKARLAGFKTLRNCYRSNFKKNYHKHY,-0.175,0.01666666666666664,0.6796666666666665,0.6003333333333333,-0.4866666666666667,1.1700000000000004,5.366666666666666,8.523333333333335,87.84999999999997,24.0,3.0,4045.620000000001,0.06599999999999999,-0.9,0.8240000000000001,1.294,0.19999999999999982,2.4099999999999997,6.2,7.5,107.28,4.0,1.0,767.93,-0.11200000000000002,0.5,0.716,0.42400000000000004,-0.36,0.7979999999999999,5.2,9.360000000000001,86.3,3.0,-2.0,683.7199999999999
Sequence_619,IWNKIAKSIGKVLEKAL,-0.09058823529411765,-0.34117647058823525,0.5841176470588234,0.5835294117647059,-0.9,1.3358823529411763,4.352941176470588,8.870588235294118,79.72941176470589,12.0,0.0,2202.3300000000004,-0.23200000000000007,0.040000000000000036,0.41600000000000004,0.3340000000000001,-1.8400000000000003,2.036,4.2,9.18,77.16,4.0,1.0,632.6800000000001,0.118,-0.32,0.8039999999999999,0.7819999999999999,0.82,0.29,4.4,8.38,83.38000000000001,2.0,-1.0,639.6899999999999
Sequence_672,GMATKAGTALGKVAKAVIGAAL,0.014545454545454558,-0.7818181818181817,0.6309090909090908,0.8031818181818181,-0.08181818181818189,1.055,4.568181818181818,8.281818181818181,79.91818181818182,15.0,0.0,2789.010000000001,-0.09799999999999999,-0.6,0.6759999999999999,0.7020000000000001,-0.3600000000000001,0.54,5.0,8.5,81.47999999999999,4.0,0.0,640.6899999999999,0.14,-0.52,0.548,0.604,0.8400000000000001,0.25,3.4,8.180000000000001,66.64,2.0,0.0,530.5699999999999
Sequence_12,CLGVGSCNDFAGCGYAIVCFW,-0.43000000000000005,0.04285714285714291,0.646190476190476,0.08857142857142855,-1.2571428571428571,1.7804761904761905,5.333333333333333,8.59047619047619,89.67142857142856,32.0,5.0,2998.340000000001,-0.40800000000000003,-0.36,0.752,0.39199999999999996,-1.58,2.376,6.4,8.42,105.18000000000002,9.0,1.0,801.91,-0.23399999999999999,-0.74,0.54,0.496,-0.9199999999999999,2.8879999999999995,5.0,7.32,93.05999999999999,6.0,1.0,755.8499999999999
Sequence_604,GSNKGFNFMVDMINALSN,-0.26055555555555554,0.07777777777777779,0.6688888888888888,0.39277777777777767,-0.7388888888888888,1.4200000000000002,4.972222222222222,8.616666666666667,85.78333333333332,18.0,4.0,2378.7300000000005,-0.6279999999999999,0.64,0.654,-0.07199999999999998,-2.9799999999999995,1.524,5.6,10.379999999999999,86.26,8.0,1.0,698.74,-0.29600000000000004,0.8,0.686,0.288,-0.45999999999999996,1.468,5.0,9.02,83.93999999999998,5.0,2.0,617.73
Sequence_7,SAISCGETCFKFKCYTPRCSCSYPVCK,-0.45111111111111124,0.3185185185185185,0.6162962962962962,0.07444444444444441,-1.1888888888888889,1.0085185185185184,5.074074074074074,8.755555555555555,83.35185185185183,37.0,5.0,3707.08,-0.374,0.62,0.45200000000000007,-0.28200000000000003,-0.9400000000000001,0.49000000000000005,3.3,9.2,61.56,6.0,1.0,548.54,-0.198,-0.7399999999999999,0.724,1.008,-0.5000000000000002,2.1659999999999995,6.3,7.58,103.84,6.0,1.0,799.9599999999999
Sequence_508,GLFDVIKKVASVIGLASP,0.019444444444444448,-0.9388888888888888,0.6199999999999999,0.8877777777777777,-0.2777777777777778,1.4549999999999998,4.555555555555555,7.988888888888888,83.48333333333333,13.0,0.0,2418.6600000000003,-0.03799999999999999,-1.16,0.756,0.812,-0.18,1.636,5.3,7.639999999999999,94.22,5.0,0.0,734.83,0.05800000000000001,-0.62,0.7060000000000001,0.952,0.7799999999999999,0.25,4.6,7.74,79.38,3.0,0.0,620.71
seq_95,VLLDKARLAGFNTLRNCYKSNFKKHYHKNC,-0.2706666666666667,0.17333333333333328,0.6903333333333332,0.42033333333333345,-0.84,1.2516666666666665,5.433333333333334,8.79666666666667,88.71999999999998,30.0,4.0,4119.660000000001,0.15799999999999997,-1.46,0.8400000000000001,1.288,0.2799999999999999,1.6759999999999997,5.8,7.56,101.4,4.0,0.0,753.8599999999999,-0.6679999999999999,1.4,0.7,-0.258,-2.18,1.768,6.1,10.080000000000002,95.18000000000002,8.0,1.0,739.8299999999999
Sequence_5,VLPLISMALGKLL,0.2976923076923077,-1.230769230769231,0.7684615384615383,1.3461538461538463,1.6307692307692307,0.7407692307692307,4.923076923076923,6.861538461538463,90.03846153846153,5.0,0.0,1711.0300000000002,0.45,-1.6600000000000001,0.704,1.7600000000000002,1.92,1.386,4.9,6.1,94.68,1.0,0.0,690.8599999999999,0.22000000000000003,-1.1400000000000001,0.8880000000000001,1.2239999999999998,1.3599999999999999,0.54,5.7,7.3,97.52000000000001,3.0,0.0,694.8199999999999
Sequence_626,DLDVNVFNR,-0.22666666666666668,-0.35555555555555546,0.6977777777777778,0.7044444444444444,-1.2444444444444445,2.355555555555556,5.777777777777778,8.366666666666667,97.36666666666666,10.0,2.0,1332.5500000000002,-0.25600000000000006,-0.36,0.784,0.546,-1.46,2.12,5.9,9.02,98.78,7.0,1.0,745.8399999999999,-0.372,0.32,0.608,0.608,-1.5599999999999998,2.854,5.9,8.3,97.5,5.0,2.0,732.9
Sequence_536,FLPPSPWKETFRTT,-0.027142857142857135,-0.6,0.6535714285714286,0.9764285714285714,0.1928571428571428,0.46499999999999997,4.892857142857143,7.564285714285712,82.16428571428571,7.0,-1.0,1868.13,0.20600000000000002,-1.02,0.7460000000000001,1.418,2.0,0.0,4.7,6.26,84.11999999999999,1.0,0.0,655.83,-0.11400000000000002,-0.43999999999999995,0.496,0.628,-0.24,0.0,4.7,7.860000000000001,71.1,3.0,0.0,593.64
Sequence_219,VFGTLGSTDDSLFGRYKQDIFNDHRGHLQGQAYGSR,-0.1330555555555556,-0.33888888888888896,0.6469444444444443,0.5419444444444446,-0.538888888888889,0.6136111111111111,4.986111111111111,8.51388888888889,82.84444444444442,31.0,-1.0,4755.12,0.054000000000000006,-1.28,0.704,1.036,0.38000000000000006,1.636,5.3,7.040000000000001,93.32,4.0,0.0,721.8299999999999,-0.045999999999999985,-0.3,0.5700000000000001,0.632,0.019999999999999973,0.25,4.4,8.34,71.17999999999999,3.0,0.0,572.61
Sequence_479,LDTIKCLQGNNNCHIQKCPWFLLQVSTCYKGKGRCCQKRRWFARSHVYHV,-0.2618000000000001,-0.09399999999999999,0.6479999999999998,0.5168,-0.9680000000000001,1.4286,5.61,8.425999999999997,92.13599999999998,55.0,6.0,7206.049999999997,-0.06600000000000002,-0.5,0.5960000000000001,0.492,-0.66,0.29,4.4,8.959999999999999,75.42,4.0,0.0,612.64,0.008000000000000007,-0.45999999999999996,0.704,1.036,-0.9200000000000002,3.28,5.8,8.260000000000002,105.06000000000002,4.0,-2.0,819.89
seq_198,VLLNKARLAGFKTLRNTYRGNFKKHYKKHD,-0.15266666666666667,-0.16000000000000006,0.6793333333333333,0.6503333333333333,-0.6833333333333333,1.0559999999999998,5.35,8.663333333333336,86.99333333333331,23.0,1.0,4055.5400000000004,0.06599999999999999,-0.9,0.8240000000000001,1.294,0.19999999999999982,2.4099999999999997,6.2,7.5,107.28,4.0,1.0,767.93,-0.304,0.13999999999999999,0.7200000000000001,0.2840000000000001,-1.8399999999999999,0.834,5.4,10.120000000000001,85.85999999999999,5.0,-1.0,706.72
seq_336,VLLNKARLAGFKTLRNCYRHHFKKNYHKNY,-0.187,0.10666666666666665,0.6846666666666666,0.5746666666666667,-0.5766666666666667,1.2123333333333333,5.433333333333334,8.626666666666669,88.8433333333333,24.0,2.0,4087.6600000000008,0.06599999999999999,-0.9,0.8240000000000001,1.294,0.19999999999999982,2.4099999999999997,6.2,7.5,107.28,4.0,1.0,767.93,-0.20800000000000002,0.5,0.716,0.462,-0.44000000000000006,1.278,5.6,9.16,90.38000000000002,4.0,0.0,682.7799999999999
Sequence_582,GLFGILGSVAKHVLPHVVPVIAEHS,-0.006000000000000001,-0.5720000000000001,0.6551999999999998,0.8696,-0.4480000000000001,1.7464,4.8,8.156,88.712,18.0,-4.0,3540.88,-0.08999999999999997,-0.48,0.6000000000000001,0.368,-0.08,0.5,4.2,8.14,77.2,4.0,0.0,619.69,-0.238,1.16,0.49800000000000005,-0.256,-1.2799999999999998,0.254,2.7,10.320000000000002,59.379999999999995,3.0,-2.0,549.48
Sequence_46,LRDLVCYCRTRGCKRREHMNGTCRKGHLMYTLCCR,-0.3637142857142856,0.3257142857142857,0.6674285714285713,0.31685714285714295,-1.2000000000000002,0.9854285714285713,5.8,8.725714285714286,90.64285714285711,43.0,4.0,4888.47,0.22399999999999998,-1.36,0.7719999999999999,1.4,0.6,1.386,5.7,7.08,97.74000000000001,3.0,0.0,713.8299999999999,-0.6079999999999999,0.76,0.648,-0.11600000000000006,-1.36,0.9800000000000001,6.2,8.559999999999999,93.0,9.0,2.0,713.82
Sequence_385,IFGAILPLALGALKNLIK,0.10555555555555557,-0.577777777777778,0.6388888888888887,0.8088888888888889,0.766666666666667,0.5038888888888889,4.25,7.866666666666668,78.38888888888889,8.0,1.0,2167.5000000000005,-0.015999999999999986,-0.26,0.364,0.166,2.2204460492503132e-17,0.25,2.5,8.42,56.64,2.0,0.0,506.53000000000003,-0.202,0.039999999999999994,0.6199999999999999,0.522,-1.2399999999999998,1.314,5.0,9.260000000000002,85.44000000000001,4.0,1.0,662.75
seq_153,VLLNKARLAGFNTLRNTYRHNFKKHYKHQC,-0.17733333333333334,0.07666666666666666,0.6759999999999999,0.5973333333333332,-0.5399999999999999,1.1640000000000001,5.45,8.543333333333335,89.1133333333333,24.0,2.0,4099.660000000001,0.06599999999999999,-0.9,0.8240000000000001,1.294,0.19999999999999982,2.4099999999999997,6.2,7.5,107.28,4.0,1.0,767.93,-0.32599999999999996,0.3,0.704,0.31599999999999995,-0.8400000000000001,1.034,6.0,8.860000000000001,96.94000000000001,6.0,0.0,758.8299999999999
Sequence_599,FLIIRRPIVLGLL,0.2492307692307692,-0.9769230769230771,0.5830769230769229,1.166153846153846,1.0461538461538462,0.6292307692307693,4.346153846153846,6.992307692307694,81.16923076923078,3.0,0.0,1600.9000000000003,0.20400000000000001,-0.5599999999999999,0.4,0.696,0.9199999999999999,0.0,3.0,7.340000000000001,63.3,0.0,0.0,517.5899999999999,0.374,-1.72,0.8879999999999999,1.616,1.8199999999999998,1.636,5.9,6.3,106.22,3.0,0.0,743.8999999999999
Sequence_4,GLIGSIGKALGGLLVDVLKPKL,0.01818181818181819,-0.881818181818182,0.7095454545454543,0.9045454545454544,-0.15000000000000008,1.1118181818181816,5.113636363636363,8.104545454545455,89.11363636363639,18.0,0.0,3017.38,-0.14999999999999997,-0.22000000000000003,0.5820000000000001,0.294,-0.74,0.5,4.2,8.88,74.52,5.0,0.0,603.63,0.184,-1.18,0.8440000000000001,1.4959999999999998,0.9,0.58,5.8,7.380000000000001,97.1,2.0,0.0,721.8699999999999
Sequence_548,VRPYLVAF,0.31125,-1.6125,0.6825,1.65625,1.4375,1.7325,5.1875,6.15,93.76249999999999,2.0,0.0,1131.38,0.366,-1.6,0.724,1.92,1.6199999999999999,1.386,5.8,6.04,98.75999999999999,1.0,0.0,716.9,0.386,-1.64,0.724,1.41,2.42,1.386,4.6,6.0200000000000005,88.68,1.0,0.0,662.8
Sequence_294,INTWNTTATSTSIIISETFGNKGKVCTYTVECVNNCRG,-0.3889473684210526,0.3105263157894737,0.5539473684210524,0.1686842105263158,-1.6736842105263157,1.5315789473684214,4.934210526315789,9.173684210526316,82.21052631578947,47.0,6.0,5073.459999999998,-0.44000000000000006,0.66,0.512,0.19600000000000006,-2.04,2.48,5.3,9.280000000000001,86.78,6.0,2.0,667.76,-0.9440000000000002,1.8399999999999999,0.616,-0.45200000000000007,-3.4799999999999995,2.2079999999999997,6.6,10.32,96.52,10.0,3.0,727.86
Sequence_574,GLISGILGVGKMLVCGLSGLC,-0.15904761904761905,-0.4904761904761906,0.6990476190476189,0.559047619047619,-0.5285714285714287,1.3195238095238093,5.285714285714286,8.214285714285714,91.11904761904762,25.0,2.0,2936.2800000000007,-0.14999999999999997,-0.22000000000000003,0.5820000000000001,0.294,-0.74,0.5,4.2,8.879999999999999,74.52,5.0,0.0,603.63,-0.25,-0.020000000000000018,0.786,0.29799999999999993,0.040000000000000036,0.74,5.5,8.12,91.54,7.0,1.0,687.78
seq_117,VLLNKARLAGFKTFRNTYKGTFKKHYHKHC,-0.20066666666666666,-0.05333333333333338,0.6679999999999998,0.5206666666666665,-0.7400000000000001,1.0576666666666665,5.266666666666667,8.690000000000001,86.22333333333333,25.0,0.0,4092.53,0.06599999999999999,-0.9,0.8240000000000001,1.294,0.19999999999999982,2.4099999999999997,6.2,7.5,107.28,4.0,1.0,767.93,-0.5720000000000001,1.4,0.7,-0.29600000000000004,-2.1,1.2879999999999998,5.7,10.280000000000001,91.1,7.0,-1.0,740.77
Sequence_558,GGLKKLGKKLEGAGKRVFKASEKALPVVVGIKAIGK,-0.11611111111111105,-0.6083333333333333,0.6619444444444442,0.7358333333333336,-1.0416666666666667,1.3755555555555556,4.986111111111111,8.730555555555554,86.63611111111112,30.0,-2.0,5024.409999999998,-0.2899999999999999,-0.48,0.756,0.548,-1.78,1.08,5.9,9.4,93.03999999999999,6.0,0.0,733.79,-0.21600000000000003,-0.26,0.5199999999999999,0.346,-1.7,0.8300000000000001,4.2,9.68,72.47999999999999,4.0,0.0,620.63
Sequence_287,GLVTGLLKTAGKLLGDLFGSLTG,-0.026521739130434777,-0.7826086956521742,0.7499999999999999,0.7773913043478262,0.04782608695652173,0.7534782608695652,5.304347826086956,8.078260869565216,88.54347826086959,21.0,0.0,3114.4600000000005,-0.09199999999999998,-1.04,0.7160000000000001,0.9160000000000001,-0.82,1.886,5.9,8.040000000000001,97.6,6.0,0.0,746.83,-0.21799999999999997,-0.30000000000000004,0.682,0.398,-0.8,0.5,5.1,8.8,81.5,6.0,0.0,647.68
Sequence_667,SGKLYYRRKK,-0.04800000000000001,-0.58,0.657,0.9010000000000001,-0.42000000000000004,0.56,5.35,8.39,83.97,6.0,0.0,1312.45,-0.016000000000000014,-0.6599999999999999,0.7379999999999999,0.766,0.24000000000000005,0.54,5.1,8.24,84.72,4.0,0.0,654.7199999999999,-0.08,-0.5,0.576,1.036,-1.08,0.58,5.6,8.54,83.22,2.0,0.0,657.7299999999999
Sequence_407,GVIAAAKKVVNVLKNLF,-0.011764705882352953,-0.8823529411764707,0.656470588235294,1.0088235294117647,-0.47058823529411775,2.3917647058823532,5.176470588235294,7.947058823529413,93.15294117647059,13.0,2.0,2446.8,0.06800000000000002,-0.8399999999999999,0.484,0.744,-0.24000000000000016,1.636,3.7,8.22,73.32000000000002,3.0,0.0,603.64,-2.914335439641036e-17,-0.41999999999999993,0.808,0.85,0.8800000000000001,1.024,5.4,7.5200000000000005,93.86,3.0,1.0,684.8399999999999
Sequence_496,MTPFWRGVSLRPIGASCRDDSECITRLCKKRRCSLSVAQE,-0.21374999999999997,-0.12250000000000003,0.6097499999999999,0.5087500000000003,-0.8574999999999999,0.8529999999999998,4.9375,8.449999999999998,82.4175,38.0,2.0,5311.759999999999,0.13400000000000004,-1.3599999999999999,0.716,1.36,1.24,1.012,5.3,6.18,91.08,2.0,0.0,701.8399999999999,0.05,-0.6199999999999999,0.642,0.876,-0.1200000000000001,1.386,4.3,8.18,85.04,3.0,-1.0,696.7100000000002
seq_340,VLLNKARLAGFKTLRNTYRGTFKKHYHKNY,-0.10600000000000001,-0.2133333333333334,0.6726666666666666,0.7163333333333333,-0.3433333333333334,1.0076666666666665,5.316666666666666,8.413333333333336,86.61666666666665,21.0,1.0,4004.5300000000007,0.06599999999999999,-0.9,0.8240000000000001,1.294,0.19999999999999982,2.4099999999999997,6.2,7.5,107.28,4.0,1.0,767.93,-0.20800000000000002,0.5,0.716,0.462,-0.44000000000000006,1.278,5.6,9.16,90.38000000000002,4.0,0.0,682.7799999999999
Sequence_520,ILGKILKGIKKLF,-0.020769230769230776,-0.6153846153846154,0.6030769230769232,0.6307692307692307,-0.38461538461538464,0.6384615384615385,4.384615384615385,8.515384615384617,79.24615384615385,8.0,0.0,1652.8100000000002,-0.00799999999999999,-0.42000000000000004,0.4800000000000001,0.46399999999999997,-0.6000000000000001,0.54,3.7,8.82,71.24,3.0,0.0,582.6199999999999,0.025999999999999995,-0.76,0.608,0.712,0.039999999999999855,0.58,4.2,8.1,78.08000000000001,2.0,0.0,637.7099999999999
seq_281,VLLNKARLAGFKTLRNCYKSHFKKNYHKNQ,-0.1836666666666667,-0.03333333333333336,0.6889999999999998,0.6083333333333333,-0.5866666666666666,1.2183333333333333,5.433333333333334,8.580000000000004,89.42,25.0,3.0,4133.6900000000005,0.06599999999999999,-0.9,0.8240000000000001,1.294,0.19999999999999982,2.4099999999999997,6.2,7.5,107.28,4.0,1.0,767.93,-0.194,0.3,0.704,0.622,-0.7200000000000001,1.278,5.9,9.020000000000001,96.14000000000001,4.0,0.0,730.8199999999999
Sequence_453,RDCESDSHKFHGACFSDTNCANVCQTEGFTAGKCVGVQRHCHCTKDC,-0.5353191489361704,0.5893617021276596,0.6410638297872339,-0.09957446808510642,-2.021276595744681,1.322553191489362,5.351063829787234,9.506382978723405,87.00638297872337,71.0,4.0,6715.089999999997,-0.6899999999999998,1.3,0.6180000000000001,-0.538,-2.7800000000000002,0.49000000000000005,4.7,10.459999999999999,76.33999999999999,8.0,0.0,659.64,-0.9480000000000001,1.06,0.664,-0.728,-3.28,1.27,6.2,10.32,91.4,12.0,2.0,754.8
Sequence_133,LLSLVPHAINAVSAIAKHF,0.06789473684210524,-0.3894736842105264,0.6178947368421049,0.7857894736842105,0.35789473684210527,1.1326315789473682,4.184210526315789,8.036842105263158,79.05263157894737,9.0,-1.0,2384.64,0.45999999999999996,-1.7,0.858,1.6619999999999997,2.36,1.386,5.3,6.040000000000001,99.25999999999999,2.0,0.0,702.8399999999999,-0.11399999999999999,0.2,0.504,0.186,-0.5600000000000002,0.5439999999999999,3.4,9.059999999999999,66.76,2.0,-1.0,587.6
seq_168,VLLNKARLAGFNTLRNCYKSTFKKHYHHHS,-0.19666666666666666,0.18,0.6759999999999999,0.47500000000000014,-0.62,1.0839999999999999,5.183333333333334,8.750000000000002,85.8433333333333,25.0,0.0,4030.4600000000005,0.06599999999999999,-0.9,0.8240000000000001,1.294,0.19999999999999982,2.4099999999999997,6.2,7.5,107.28,4.0,1.0,767.93,-0.31599999999999995,1.56,0.666,-0.154,-1.42,0.762,4.6,10.4,78.82,4.0,-3.0,663.63
seq_70,VLLNKARLSGFKTLRNTYRGTFKKHYHHQS,-0.1,-0.19333333333333338,0.6653333333333332,0.6936666666666665,-0.38333333333333336,0.8793333333333332,5.216666666666667,8.42,85.73999999999998,21.0,-1.0,4019.440000000001,0.06599999999999999,-0.9,0.8240000000000001,1.294,0.19999999999999982,2.4099999999999997,6.2,7.5,107.28,4.0,1.0,767.93,-0.06999999999999999,0.45999999999999996,0.6700000000000002,0.4579999999999999,-0.16,0.508,4.9,8.98,84.66,3.0,-2.0,681.6899999999999
seq_296,VLLNKARLAGFKTLRNCYRGNFKKNYHHHL,-0.19033333333333335,0.11999999999999998,0.6926666666666665,0.5593333333333332,-0.5766666666666667,1.2056666666666669,5.45,8.606666666666671,89.3333333333333,25.0,2.0,4092.670000000001,0.06599999999999999,-0.9,0.8240000000000001,1.294,0.19999999999999982,2.4099999999999997,6.2,7.5,107.28,4.0,1.0,767.93,-0.11799999999999997,1.1400000000000001,0.764,0.22399999999999998,-0.36,0.762,5.1,9.600000000000001,88.24,3.0,-3.0,689.7099999999999
seq_31,VLLNKARLAGFKTLRNTYRHHFKKHYHKHT,-0.12633333333333335,0.029999999999999964,0.6699999999999999,0.6166666666666665,-0.5866666666666667,0.9706666666666665,5.216666666666667,8.720000000000002,85.75666666666665,20.0,-3.0,4036.4300000000007,0.06599999999999999,-0.9,0.8240000000000001,1.294,0.19999999999999982,2.4099999999999997,6.2,7.5,107.28,4.0,1.0,767.93,-0.256,0.72,0.6639999999999999,0.22799999999999998,-1.34,0.7979999999999999,5.2,9.900000000000002,83.52000000000001,4.0,-2.0,685.6899999999999
Sequence_154,SIGSALKKALPVAKKIGKIALPIAKAALP,0.07448275862068966,-0.6896551724137933,0.599310344827586,0.8796551724137932,0.20689655172413793,0.6251724137931034,4.155172413793103,8.2,75.53448275862068,13.0,0.0,3533.900000000001,-0.15999999999999998,0.06000000000000001,0.45199999999999996,0.09400000000000001,-0.74,0.25,3.0,9.2,57.67999999999999,4.0,0.0,520.49,0.21799999999999997,-0.9199999999999999,0.708,1.2559999999999998,1.36,0.29,4.5,7.5,79.36,1.0,0.0,613.72
Sequence_445,ESGINLQGDATLANN,-0.25000000000000006,0.36000000000000004,0.6486666666666666,0.26799999999999996,-0.8133333333333332,0.9006666666666666,4.766666666666667,9.206666666666667,81.61999999999999,15.0,2.0,1901.0800000000002,-0.522,1.3,0.53,-0.396,-2.42,0.984,3.8,10.6,70.88,6.0,0.0,605.6,-0.28,0.6599999999999999,0.68,0.39,-0.44000000000000006,1.468,5.4,8.9,87.2,5.0,2.0,631.76
seq_38,VLLNKARLAGFNTLRNTYKHTFKKHYHHQC,-0.165,0.06333333333333331,0.6806666666666666,0.5683333333333331,-0.49666666666666676,1.0839999999999999,5.366666666666666,8.59666666666667,88.35333333333331,24.0,0.0,4104.59,0.06599999999999999,-0.9,0.8240000000000001,1.294,0.19999999999999982,2.4099999999999997,6.2,7.5,107.28,4.0,1.0,767.93,-0.37,1.0,0.7000000000000001,0.03599999999999994,-0.9,0.998,5.8,9.24,95.5,6.0,-1.0,750.8
Sequence_23,KTCENLSGTFKGPCIPDGNCNKHCRNNEHLLSGRCRDDFRCWCTNRC,-0.5889361702127662,0.872340425531915,0.6472340425531915,-0.09489361702127662,-2.0978723404255315,1.2461702127659577,5.627659574468085,9.527659574468087,88.36382978723401,71.0,10.0,6611.319999999999,-0.8320000000000001,1.6199999999999999,0.6639999999999999,-0.5419999999999999,-3.16,1.514,5.6,10.76,89.14000000000001,9.0,1.0,727.77,-0.974,1.72,0.5800000000000001,-0.61,-3.04,1.714,6.5,9.780000000000001,93.62,11.0,3.0,728.8399999999999
seq_101,VLLNKARLAGFKTLRNTYRSNFKKHYHKTC,-0.16833333333333336,-0.060000000000000026,0.6649999999999998,0.6039999999999999,-0.5433333333333333,1.0476666666666665,5.3,8.523333333333335,86.25666666666665,24.0,2.0,4020.5200000000004,0.06599999999999999,-0.9,0.8240000000000001,1.294,0.19999999999999982,2.4099999999999997,6.2,7.5,107.28,4.0,1.0,767.93,-0.484,0.72,0.6639999999999999,-0.040000000000000036,-1.54,1.034,5.7,9.540000000000001,88.4,7.0,0.0,712.76
Sequence_88,GLLSRLRDFLSDRGRRLGEKIERIGQKIKDLSEFFQS,-0.08918918918918918,-0.23513513513513512,0.6227027027027028,0.5410810810810811,-0.5,0.2527027027027027,4.486486486486487,8.564864864864864,77.8810810810811,24.0,-3.0,4662.94,0.088,-0.6200000000000001,0.722,0.958,0.62,0.25,5.1,7.619999999999999,84.43999999999998,3.0,0.0,628.71,-0.05799999999999998,-0.24,0.6460000000000001,0.374,0.7,0.0,3.6,7.68,74.75999999999999,2.0,-1.0,645.68
seq_246,VLLNKARLAGFKTLRNCYKSHFKKTYHKHT,-0.16333333333333336,-0.0766666666666667,0.6763333333333332,0.5790000000000001,-0.5833333333333334,1.0159999999999998,5.25,8.636666666666668,86.18666666666665,24.0,0.0,4061.4900000000002,0.06599999999999999,-0.9,0.8240000000000001,1.294,0.19999999999999982,2.4099999999999997,6.2,7.5,107.28,4.0,1.0,767.93,-0.256,0.72,0.6639999999999999,0.22799999999999998,-1.34,0.7979999999999999,5.2,9.900000000000002,83.52000000000001,4.0,-2.0,685.6899999999999
seq_81,VLLNKARLSGFKTLRNCYRGTFKKHYHKHC,-0.23633333333333334,0.07666666666666666,0.6763333333333332,0.4806666666666665,-0.8333333333333334,1.091,5.433333333333334,8.700000000000001,88.07666666666664,28.0,1.0,4133.6,0.06599999999999999,-0.9,0.8240000000000001,1.294,0.19999999999999982,2.4099999999999997,6.2,7.5,107.28,4.0,1.0,767.93,-0.5720000000000001,1.4,0.7,-0.29600000000000004,-2.1,1.2879999999999998,5.7,10.280000000000001,91.1,7.0,-1.0,740.77
Sequence_593,QCRRLCYKQRCVTYCRGR,-0.2922222222222223,-0.10555555555555554,0.6133333333333332,0.5911111111111109,-0.8777777777777778,1.0794444444444444,6.111111111111111,8.016666666666667,94.03333333333333,21.0,4.0,2592.9700000000003,-0.11200000000000002,-0.26,0.6239999999999999,0.9,-0.08000000000000007,0.49000000000000005,6.1,7.38,94.44000000000001,4.0,1.0,700.8199999999999,-0.41,0.33999999999999997,0.568,0.31599999999999995,-1.4,0.74,5.9,8.58,86.21999999999998,6.0,1.0,667.76
seq_85,VLLNKARLSGFNTFRNCYKSNFKKHYHKNY,-0.24933333333333338,0.16999999999999998,0.6773333333333332,0.46866666666666673,-0.7166666666666666,1.2923333333333338,5.35,8.680000000000001,87.8533333333333,27.0,4.0,4082.6600000000003,0.06599999999999999,-0.9,0.8240000000000001,1.294,0.19999999999999982,2.4099999999999997,6.2,7.5,107.28,4.0,1.0,767.93,-0.20800000000000002,0.5,0.716,0.462,-0.44000000000000006,1.278,5.6,9.16,90.38000000000002,4.0,0.0,682.7799999999999
Sequence_666,LIGPVLGLVGSALGGLLKKI,0.07200000000000001,-0.9550000000000003,0.7074999999999998,0.9929999999999998,0.16999999999999996,1.1504999999999999,5.075,7.815,89.64500000000001,15.0,0.0,2730.1,0.166,-1.2600000000000002,0.6360000000000001,1.3359999999999999,0.31999999999999995,1.636,5.0,7.159999999999999,92.22,3.0,0.0,705.84,0.164,-0.9199999999999999,0.6880000000000001,1.0159999999999998,0.43999999999999995,0.58,4.7,8.040000000000001,84.82,2.0,0.0,647.73
Sequence_280,IIGHLIKTALGFLGL,0.028000000000000008,-0.39999999999999997,0.6093333333333333,0.5593333333333333,0.2133333333333333,0.4313333333333333,4.2,8.28,76.98,9.0,-1.0,1819.9900000000002,-0.052000000000000005,0.28,0.476,0.184,-0.6599999999999999,0.504,3.5,9.2,69.8,3.0,-1.0,574.5899999999999,0.02400000000000002,-0.8400000000000001,0.804,0.748,0.9,0.5,5.2,7.38,90.34,4.0,0.0,675.79
Sequence_58,FFPIVGKLLFGLSGLL,0.114375,-1.01875,0.7318749999999998,0.976875,1.0062499999999999,0.7581249999999999,4.8125,7.106250000000001,87.5125,9.0,0.0,2146.5200000000004,0.174,-1.3399999999999999,0.5439999999999999,1.152,1.1199999999999999,1.386,3.9,6.220000000000001,81.2,1.0,0.0,670.8199999999999,0.248,-0.9800000000000001,0.8539999999999999,1.098,1.8399999999999999,0.25,5.1,7.06,90.12,3.0,0.0,644.7499999999999
Sequence_363,GLMSTLKGAATNVAVTLLNKLQCKLTGTC,-0.1082758620689655,-0.4827586206896552,0.7120689655172412,0.735862068965517,-0.1379310344827587,1.1793103448275861,5.5,8.099999999999998,91.0551724137931,29.0,4.0,4004.5299999999997,0.026000000000000013,-0.7000000000000001,0.742,0.8219999999999998,0.6599999999999999,0.25,5.0,7.68,83.96,4.0,0.0,632.7,-0.41600000000000004,0.12000000000000002,0.676,0.12399999999999993,-0.9800000000000001,0.74,5.8,8.68,88.63999999999999,8.0,1.0,689.76
seq_243,VLLNKARLAGFKTLRNTYKHHFKKHYHKHC,-0.19,0.12666666666666662,0.6873333333333332,0.5106666666666666,-0.7666666666666667,1.1006666666666665,5.316666666666666,8.863333333333337,87.62999999999998,24.0,-2.0,4131.540000000001,0.06599999999999999,-0.9,0.8240000000000001,1.294,0.19999999999999982,2.4099999999999997,6.2,7.5,107.28,4.0,1.0,767.93,-0.5720000000000001,1.4,0.7,-0.29600000000000004,-2.1,1.2879999999999998,5.7,10.280000000000001,91.1,7.0,-1.0,740.77
Sequence_459,HFLGKLVNLAKKIL,0.009285714285714277,-0.5285714285714286,0.7185714285714285,0.8300000000000001,0.03571428571428565,1.2478571428571428,5.071428571428571,8.15,89.70000000000002,9.0,0.0,1919.18,-0.188,-0.020000000000000007,0.74,0.388,-0.64,0.7939999999999999,5.1,8.78,87.32000000000001,4.0,-1.0,700.7599999999999,0.06799999999999999,-0.6599999999999999,0.588,0.77,-0.10000000000000017,0.58,4.1,8.620000000000001,74.94,2.0,0.0,605.65
seq_158,VLLNKARLAGFNTLRNCYKGNFKKNYHKTC,-0.2856666666666667,0.15,0.6866666666666666,0.45633333333333337,-0.85,1.3733333333333337,5.6,8.706666666666669,90.40999999999998,31.0,6.0,4146.78,0.06599999999999999,-0.9,0.8240000000000001,1.294,0.19999999999999982,2.4099999999999997,6.2,7.5,107.28,4.0,1.0,767.93,-0.484,0.72,0.6639999999999999,-0.040000000000000036,-1.54,1.034,5.7,9.540000000000001,88.4,7.0,0.0,712.76
seq_123,VLLNKARLAGFKTLRNCYRGTFKKHYHKTC,-0.20466666666666666,-0.06333333333333334,0.6699999999999999,0.5453333333333332,-0.6533333333333334,1.0486666666666664,5.416666666666667,8.540000000000001,87.54999999999997,27.0,2.0,4089.59,0.06599999999999999,-0.9,0.8240000000000001,1.294,0.19999999999999982,2.4099999999999997,6.2,7.5,107.28,4.0,1.0,767.93,-0.484,0.72,0.6639999999999999,-0.040000000000000036,-1.54,1.034,5.7,9.540000000000001,88.4,7.0,0.0,712.76
Sequence_348,SIVPIRCRSNRDCRRFCGFRGGRCTYARQCLCGY,-0.3711764705882352,0.2264705882352941,0.5635294117647058,0.26823529411764707,-1.2000000000000004,0.8911764705882352,5.3088235294117645,8.508823529411762,83.67647058823526,40.0,7.0,4524.09,0.138,-0.8800000000000001,0.40199999999999997,1.002,-0.12000000000000004,1.386,3.4,7.659999999999999,72.12,2.0,0.0,608.6800000000001,-0.588,0.5800000000000001,0.764,-0.2040000000000001,-0.76,1.23,6.3,8.52,99.0,10.0,2.0,742.87
Sequence_660,GLLDTFKNLALNAPKSAGVSVLNSLSCKLSKTC,-0.1575757575757576,-0.26969696969696966,0.7112121212121211,0.6057575757575757,-0.29999999999999993,1.1536363636363638,5.181818181818182,8.333333333333332,87.32424242424243,33.0,5.0,4460.02,-0.009999999999999998,-0.72,0.796,0.7,0.26,0.25,5.4,8.22,88.11999999999999,5.0,0.0,659.73,-0.374,0.12000000000000002,0.686,0.19399999999999995,-0.9400000000000001,0.78,5.4,8.78,85.82000000000001,7.0,1.0,684.74
Sequence_384,GFMDTAKNVAKNVAATLLDKLKCKITGGC,-0.23965517241379308,-0.2655172413793105,0.6696551724137929,0.46275862068965523,-0.9517241379310344,1.2793103448275862,5.224137931034483,8.768965517241378,86.75172413793102,32.0,4.0,3962.3699999999994,-0.188,-0.5599999999999999,0.708,0.396,-0.28,0.25,4.9,8.22,81.38,5.0,0.0,649.71,-0.632,0.6,0.5080000000000001,-0.404,-2.52,0.99,5.0,9.82,79.2,9.0,1.0,660.69
Sequence_41,GLLDTLKNMAINAAKGAGQSVLNTLSCKLSKTC,-0.16363636363636364,-0.21212121212121218,0.6869696969696968,0.541212121212121,-0.3787878787878788,0.9815151515151513,5.136363636363637,8.518181818181816,85.88484848484848,33.0,5.0,4369.860000000001,-0.009999999999999998,-0.72,0.796,0.7,0.26,0.25,5.4,8.22,88.11999999999999,5.0,0.0,659.73,-0.374,0.12000000000000002,0.686,0.19399999999999995,-0.9400000000000001,0.78,5.4,8.78,85.82000000000001,7.0,1.0,684.74
Sequence_349,WNPFKELEKVGQRVRDAVISAGPAVATVAQATALAK,0.02083333333333335,-0.7749999999999999,0.6291666666666663,0.9694444444444448,-0.20277777777777745,1.3952777777777778,4.791666666666667,8.005555555555555,85.08333333333331,22.0,-1.0,4878.35,-0.23600000000000004,-0.41999999999999993,0.6960000000000001,0.89,-0.8,2.036,5.8,7.82,95.84,4.0,1.0,752.9,0.13,-0.74,0.6519999999999999,0.8799999999999999,0.8399999999999999,0.29,4.3,8.08,74.06000000000002,2.0,0.0,583.63
Sequence_435,GLFDIIKKVASVVGLASP,0.019444444444444445,-0.938888888888889,0.62,0.8877777777777777,-0.2777777777777778,1.4549999999999998,4.555555555555555,7.988888888888888,83.48333333333333,13.0,0.0,2418.6600000000003,-0.07999999999999999,-0.48,0.616,0.292,-0.08,0.25,4.0,8.36,74.4,4.0,0.0,605.6600000000001,0.05800000000000001,-0.62,0.7060000000000001,0.952,0.7799999999999999,0.25,4.6,7.74,79.38,3.0,0.0,620.71
seq_36,VLLNKARLAGFKTFRNTYRSNFKKHYHKHT,-0.15333333333333332,-0.03333333333333332,0.6516666666666666,0.598,-0.5766666666666667,1.008333333333333,5.133333333333334,8.593333333333335,84.31999999999998,21.0,0.0,3983.4300000000007,0.06599999999999999,-0.9,0.8240000000000001,1.294,0.19999999999999982,2.4099999999999997,6.2,7.5,107.28,4.0,1.0,767.93,-0.256,0.72,0.6639999999999999,0.22799999999999998,-1.34,0.7979999999999999,5.2,9.900000000000002,83.52000000000001,4.0,-2.0,685.6899999999999
Sequence_418,EQPGGDKVNLGYFTN,-0.24400000000000002,-0.1733333333333333,0.7133333333333333,0.576,-0.9466666666666668,1.2979999999999998,5.566666666666666,8.706666666666669,92.59333333333332,16.0,1.0,2158.4400000000005,-0.246,-0.08000000000000002,0.7200000000000001,0.6119999999999999,-1.1600000000000001,0.5,5.4,8.98,91.88,5.0,-1.0,739.8,-0.278,0.06000000000000005,0.648,0.32200000000000006,-0.27999999999999997,0.984,5.2,8.36,83.88,5.0,1.0,649.76
Sequence_62,MWGRILAFVAKYGTKAVQWAWKNKWFLLSLGEAVFDYIRSIWGG,-0.003409090909090917,-0.825,0.6368181818181818,0.8436363636363639,-0.17272727272727278,1.4047727272727275,4.8522727272727275,7.884090909090907,85.26363636363637,30.0,0.0,5930.479999999999,-0.009999999999999981,-0.7799999999999999,0.5439999999999999,0.8959999999999999,-0.6,1.262,4.9,7.720000000000001,83.56,3.0,0.0,648.71,-0.292,-0.31999999999999995,0.518,0.23400000000000004,-1.9,1.512,4.5,9.08,77.35999999999999,6.0,0.0,653.65
Sequence_539,GLLDFAKHVIGIASKLG,-0.05705882352941175,-0.4529411764705882,0.6370588235294117,0.546470588235294,-0.4,0.8735294117647059,4.4411764705882355,8.594117647058823,79.74705882352943,13.0,-1.0,2180.33,0.034,-0.8400000000000001,0.8200000000000001,0.6719999999999999,0.9,0.25,5.0,7.6,87.53999999999999,4.0,0.0,661.76,-0.074,-0.45999999999999996,0.6900000000000001,0.5999999999999999,-0.24000000000000005,0.54,4.6,8.68,78.22,4.0,0.0,626.66
Sequence_271,CVKCKCKCGSGVKVKVKVC,-0.5784210526315792,-0.22631578947368416,0.6836842105263156,0.31105263157894747,-2.8421052631578947,3.057894736842105,6.5,9.057894736842107,105.69473684210529,36.0,5.0,3220.5499999999993,-0.7899999999999999,0.32,0.692,-0.06399999999999999,-3.2600000000000002,2.9459999999999993,6.8,9.44,107.47999999999999,11.0,2.0,862.9599999999999,-0.364,-0.9600000000000002,0.696,0.8760000000000001,-2.54,3.8419999999999996,6.7,8.42,112.74000000000001,8.0,1.0,893.0
seq_294,VLLNKARLAGFKTFRNTYRGTFKKHYHKNC,-0.20566666666666666,-0.036666666666666715,0.6566666666666665,0.5456666666666666,-0.7,1.0893333333333333,5.316666666666666,8.57666666666667,86.29333333333332,25.0,2.0,4051.5600000000004,0.06599999999999999,-0.9,0.8240000000000001,1.294,0.19999999999999982,2.4099999999999997,6.2,7.5,107.28,4.0,1.0,767.93,-0.6679999999999999,1.4,0.7,-0.258,-2.18,1.768,6.1,10.080000000000002,95.18000000000002,8.0,1.0,739.8299999999999
Sequence_150,SGKRWWRRKK,-0.23200000000000004,-0.5599999999999999,0.5790000000000001,0.851,-2.13,1.5719999999999998,5.75,8.73,87.35,8.0,0.0,1424.4900000000002,-0.28,-0.45999999999999996,0.594,0.646,-2.08,1.552,5.5,8.860000000000001,85.26,5.0,0.0,702.72,-0.184,-0.6599999999999999,0.5640000000000001,1.0559999999999998,-2.18,1.592,6.0,8.6,89.43999999999998,3.0,0.0,721.77
seq_261,VLLNKARLAGFNTLRNCYRSNFKKHYHKHM,-0.18266666666666667,0.12333333333333334,0.6863333333333332,0.5670000000000001,-0.51,1.1640000000000001,5.35,8.553333333333336,88.1733333333333,24.0,2.0,4051.6100000000006,0.06599999999999999,-0.9,0.8240000000000001,1.294,0.19999999999999982,2.4099999999999997,6.2,7.5,107.28,4.0,1.0,767.93,-0.11400000000000002,0.44000000000000006,0.76,0.5039999999999999,-0.44000000000000006,0.7979999999999999,5.3,9.16,89.68,3.0,-2.0,697.7399999999999
Sequence_472,GSRYLCTPGSCWKLVCFTTTVK,-0.2595454545454545,-0.4136363636363637,0.6599999999999998,0.5781818181818182,-0.8363636363636363,1.4395454545454545,5.636363636363637,8.118181818181819,90.94545454545457,27.0,3.0,3166.5299999999997,0.05,-0.5599999999999999,0.67,0.8780000000000001,0.5599999999999999,0.25,5.0,7.760000000000001,81.05999999999999,3.0,0.0,614.6899999999999,-0.11400000000000002,-1.02,0.5800000000000001,0.96,-1.2399999999999998,1.6759999999999997,5.6,8.319999999999999,88.17999999999999,5.0,0.0,716.76
Sequence_325,QKECIGPCDMFTDCQAACVGIRKGYNYGQCVAWKPKDDDPFTCCCYKLTP,-0.33620000000000005,-0.10599999999999998,0.6632000000000001,0.3576,-1.024,1.0888000000000002,5.48,8.612,89.52199999999995,64.0,8.0,7121.959999999998,-0.422,0.6,0.5680000000000001,-0.07200000000000002,-1.7600000000000002,0.78,4.6,9.620000000000001,83.92000000000002,6.0,0.0,702.72,0.19,-1.1,0.752,1.3920000000000001,1.3399999999999999,0.29,5.5,7.160000000000001,89.58,2.0,0.0,671.8100000000001
Sequence_274,GFMDTAKNVAKNMAVTLLDNLKCKITKAC,-0.2117241379310345,-0.2379310344827587,0.6799999999999998,0.5237931034482759,-0.7137931034482758,1.3196551724137935,5.241379310344827,8.60344827586207,87.70689655172414,30.0,5.0,3947.4299999999994,-0.188,-0.5599999999999999,0.708,0.396,-0.28,0.25,4.9,8.22,81.38,5.0,0.0,649.71,-0.386,0.32,0.48,-0.054000000000000006,-1.4000000000000001,0.78,4.3,9.32,72.22,6.0,1.0,612.6400000000001
seq_316,VLLNKARLAGFKTLRNCYRSNFKKNYHKHC,-0.25166666666666665,0.16666666666666663,0.6769999999999998,0.4803333333333333,-0.7766666666666667,1.2516666666666671,5.45,8.67666666666667,88.64999999999996,28.0,4.0,4102.670000000001,0.06599999999999999,-0.9,0.8240000000000001,1.294,0.19999999999999982,2.4099999999999997,6.2,7.5,107.28,4.0,1.0,767.93,-0.5720000000000001,1.4,0.7,-0.29600000000000004,-2.1,1.2879999999999998,5.7,10.280000000000001,91.1,7.0,-1.0,740.77
seq_100,VLLNKARLSGFNTLRNTYKGNFKKHYKHQV,-0.13666666666666666,-0.22,0.6883333333333331,0.7313333333333333,-0.5599999999999999,1.361,5.5,8.430000000000001,90.84333333333332,24.0,2.0,4184.75,0.06599999999999999,-0.9,0.8240000000000001,1.294,0.19999999999999982,2.4099999999999997,6.2,7.5,107.28,4.0,1.0,767.93,0.1,-0.9800000000000001,0.708,1.2559999999999998,-0.12000000000000004,1.9299999999999997,5.9,7.840000000000001,102.2,3.0,-1.0,788.87
seq_79,VLLNKARLAGFKTLRNCYRSHFKKHYKHQC,-0.17866666666666667,-0.016666666666666698,0.6776666666666665,0.5696666666666665,-0.5400000000000001,1.049333333333333,5.366666666666666,8.506666666666668,88.26333333333332,25.0,1.0,4122.610000000001,0.06599999999999999,-0.9,0.8240000000000001,1.294,0.19999999999999982,2.4099999999999997,6.2,7.5,107.28,4.0,1.0,767.93,-0.32599999999999996,0.3,0.704,0.31599999999999995,-0.8400000000000001,1.034,6.0,8.860000000000001,96.94000000000001,6.0,0.0,758.8299999999999
seq_133,VLLNKARLSGFKTLRNTYRSNFKKHYHKNC,-0.21600000000000003,0.08000000000000002,0.6713333333333332,0.5456666666666664,-0.7366666666666666,1.1699999999999997,5.383333333333334,8.650000000000002,87.46333333333331,26.0,3.0,4063.5900000000006,0.06599999999999999,-0.9,0.8240000000000001,1.294,0.19999999999999982,2.4099999999999997,6.2,7.5,107.28,4.0,1.0,767.93,-0.6679999999999999,1.4,0.7,-0.258,-2.18,1.768,6.1,10.080000000000002,95.18000000000002,8.0,1.0,739.8299999999999
seq_88,VLLNKARLAGFKTLRNTYRHHFKKNYHHNM,-0.14200000000000002,0.09999999999999996,0.6853333333333332,0.6286666666666664,-0.47333333333333333,1.1246666666666665,5.333333333333333,8.593333333333335,87.90333333333332,21.0,0.0,4038.570000000001,0.06599999999999999,-0.9,0.8240000000000001,1.294,0.19999999999999982,2.4099999999999997,6.2,7.5,107.28,4.0,1.0,767.93,-0.254,1.1400000000000001,0.756,0.262,-0.5799999999999998,1.242,5.5,9.34,92.32000000000001,4.0,-1.0,688.7699999999999
seq_293,VLLNKARLAGFKTLRNTYKGTFKKNYHKNC,-0.20966666666666667,-0.08000000000000007,0.6813333333333332,0.584,-0.7,1.2176666666666667,5.483333333333333,8.613333333333337,88.70666666666666,27.0,4.0,4100.67,0.06599999999999999,-0.9,0.8240000000000001,1.294,0.19999999999999982,2.4099999999999997,6.2,7.5,107.28,4.0,1.0,767.93,-0.6679999999999999,1.4,0.7,-0.258,-2.18,1.768,6.1,10.080000000000002,95.18000000000002,8.0,1.0,739.8299999999999
Sequence_189,KRIVQRIKDFLRNLVPRTES,-0.027500000000000004,-0.5050000000000001,0.5804999999999999,0.916,-0.5800000000000003,1.0215,4.9,8.105,84.04,11.0,0.0,2662.9700000000003,0.13399999999999998,-1.28,0.492,1.3479999999999999,-0.6600000000000004,1.6759999999999997,5.1,7.6,90.22,2.0,0.0,714.79,-0.194,0.31999999999999995,0.5860000000000001,0.5859999999999997,-0.9400000000000001,0.0,4.4,8.9,73.16,3.0,-1.0,621.6500000000001
seq_322,VLLNKARLAGFNTLRNCYRSHFKKNYHHNY,-0.2056666666666667,0.25,0.6783333333333332,0.5133333333333333,-0.52,1.2380000000000002,5.366666666666666,8.616666666666669,88.04999999999997,25.0,3.0,4028.620000000001,0.06599999999999999,-0.9,0.8240000000000001,1.294,0.19999999999999982,2.4099999999999997,6.2,7.5,107.28,4.0,1.0,767.93,-0.252,1.2,0.7120000000000001,0.182,-0.49999999999999983,1.242,5.4,9.540000000000001,88.94000000000001,4.0,-1.0,674.7499999999999
Sequence_9,DSHAKRHHGYKRKFHEKHHSHRGY,-0.33499999999999996,0.7791666666666667,0.6349999999999998,0.11124999999999997,-1.8749999999999998,0.7162499999999999,4.854166666666667,10.045833333333336,79.40416666666668,20.0,-8.0,3208.1800000000007,-0.33399999999999996,0.5,0.6380000000000001,-0.008000000000000007,-1.8399999999999999,0.5439999999999999,4.3,10.319999999999999,71.96000000000001,5.0,-1.0,628.59,-0.21999999999999997,0.4,0.602,0.346,-1.04,0.504,4.9,9.18,77.6,4.0,-1.0,630.65
seq_382,VLLDKARLAGFKTLRNCYKGNFKKHYHHHT,-0.20033333333333334,0.0566666666666666,0.6893333333333332,0.48733333333333345,-0.7766666666666667,1.0516666666666665,5.316666666666666,8.843333333333335,87.25666666666663,26.0,-1.0,4107.52,0.15799999999999997,-1.46,0.8400000000000001,1.288,0.2799999999999999,1.6759999999999997,5.8,7.56,101.4,4.0,0.0,753.8599999999999,-0.29999999999999993,1.42,0.66,-0.052000000000000005,-1.4,0.762,5.0,10.280000000000001,82.08,4.0,-3.0,677.66
seq_238,VLLNKARLAGFKTLRNCYKATFKKHYHKNC,-0.215,0.009999999999999964,0.6819999999999999,0.52,-0.6366666666666667,1.1776666666666666,5.383333333333334,8.630000000000003,88.05333333333331,27.0,3.0,4099.63,0.06599999999999999,-0.9,0.8240000000000001,1.294,0.19999999999999982,2.4099999999999997,6.2,7.5,107.28,4.0,1.0,767.93,-0.6679999999999999,1.4,0.7,-0.258,-2.18,1.768,6.1,10.080000000000002,95.18000000000002,8.0,1.0,739.8299999999999
Sequence_333,MSKRDCNLMKACCAGQAVTYAIHSLLNRLGGDSSDPAGCNDIVRKYCK,-0.26729166666666665,0.010416666666666713,0.6545833333333333,0.3775,-0.8770833333333333,1.024791666666667,5.166666666666667,8.764583333333333,85.13541666666664,54.0,7.0,6415.079999999999,-0.168,-0.36,0.666,0.63,-1.06,0.29,5.0,8.82,79.61999999999999,4.0,0.0,638.67,-0.418,0.1,0.64,0.376,-1.6600000000000001,1.07,6.0,9.04,90.32000000000001,6.0,1.0,716.7999999999998
seq_109,VLLNKARLAGFKTLRNCYRSNFKKHYHKHC,-0.23566666666666666,0.16666666666666663,0.6769999999999998,0.47400000000000003,-0.7633333333333334,1.1716666666666666,5.383333333333334,8.710000000000003,87.96999999999997,27.0,2.0,4103.610000000001,0.06599999999999999,-0.9,0.8240000000000001,1.294,0.19999999999999982,2.4099999999999997,6.2,7.5,107.28,4.0,1.0,767.93,-0.5720000000000001,1.4,0.7,-0.29600000000000004,-2.1,1.2879999999999998,5.7,10.280000000000001,91.1,7.0,-1.0,740.77
Sequence_365,ITSHSLCTPGCAKTGSFNSFCC,-0.48363636363636364,0.5590909090909091,0.6054545454545454,-0.1,-1.2772727272727271,0.8495454545454546,4.886363636363637,9.027272727272726,79.81363636363636,31.0,4.0,2902.1400000000003,-0.23200000000000004,0.6399999999999999,0.44800000000000006,-0.044,-1.24,0.254,3.3,9.66,60.4,4.0,-1.0,551.5,-0.968,1.6600000000000001,0.6380000000000001,-0.8760000000000001,-2.2399999999999998,1.714,5.6,9.4,89.3,11.0,3.0,720.8299999999999
Sequence_176,LSCKRGTCHFGRCPSHLIKGSCSGG,-0.4787999999999999,0.5159999999999999,0.6263999999999998,-0.008000000000000037,-1.72,0.8595999999999999,5.22,9.276,83.29600000000002,35.0,2.0,3409.640000000001,-0.352,0.2,0.6579999999999999,0.32999999999999996,-1.1199999999999999,0.78,5.5,8.66,86.3,6.0,1.0,680.75,-0.732,0.8,0.62,-0.5040000000000002,-2.62,0.99,5.1,9.98,79.66,10.0,1.0,676.68
seq_176,VLLNKARLAGFKTLRNCYKGHFKKNYKKNY,-0.19300000000000006,-0.12000000000000002,0.6966666666666667,0.6206666666666668,-0.6199999999999999,1.2660000000000002,5.516666666666667,8.583333333333336,89.85999999999999,26.0,4.0,4134.74,0.06599999999999999,-0.9,0.8240000000000001,1.294,0.19999999999999982,2.4099999999999997,6.2,7.5,107.28,4.0,1.0,767.93,-0.164,-0.2,0.7200000000000001,0.7420000000000001,-0.3799999999999999,1.314,5.8,8.78,91.82000000000001,4.0,1.0,690.8100000000001
Sequence_25,GFLGPLLKLGLKGAAKLLPQLLPSRQQ,0.2011111111111111,-1.1111111111111112,0.7774074074074072,1.3025925925925923,1.285185185185185,0.34629629629629627,5.388888888888889,7.096296296296293,92.1962962962963,12.0,0.0,3693.360000000001,-0.06999999999999998,-0.74,0.756,0.8480000000000001,0.38,0.5,5.3,7.4799999999999995,89.47999999999999,4.0,0.0,693.83,0.22999999999999998,-1.2,0.6140000000000001,1.642,1.02,0.0,5.5,6.659999999999999,90.8,1.0,0.0,699.81
Sequence_512,GNGVLKTISHECNMNTWQFLFTCC,-0.38625,0.3083333333333334,0.6654166666666664,0.1983333333333334,-1.1374999999999997,1.4820833333333334,5.4375,8.716666666666665,90.82916666666665,31.0,4.0,3412.8099999999995,-0.27599999999999997,-0.35999999999999993,0.752,0.6980000000000001,-1.4600000000000002,2.62,6.3,8.58,104.38,7.0,1.0,773.9,-0.586,0.56,0.7000000000000001,-0.2800000000000001,-0.54,0.9800000000000001,5.7,8.059999999999999,91.94000000000001,9.0,2.0,719.8399999999999
Sequence_187,GLMDTVKNAAKNLAGQLLDTIKCKMTGC,-0.19071428571428575,-0.30000000000000016,0.6992857142857142,0.5439285714285714,-0.5964285714285714,1.0257142857142856,5.375,8.578571428571427,88.76785714285712,30.0,4.0,3820.2599999999993,-0.04999999999999999,-0.72,0.788,0.7,0.11999999999999997,0.25,5.4,8.16,88.11999999999999,5.0,0.0,659.73,-0.5,0.10000000000000009,0.708,0.14799999999999996,-1.6200000000000003,1.03,6.0,8.98,92.78,8.0,1.0,725.8
Sequence_81,GIFSLIKGAAKLITKTVAKEAGKTGLELMACKVTNQC,-0.1521621621621622,-0.2783783783783785,0.632162162162162,0.5029729729729729,-0.6378378378378377,0.9764864864864865,4.72972972972973,8.675675675675674,82.2945945945946,33.0,1.0,4879.249999999999,-0.0040000000000000036,-0.45999999999999996,0.5700000000000001,0.414,0.45999999999999996,0.25,3.6,7.880000000000001,70.24000000000001,3.0,0.0,578.63,-0.41200000000000003,-0.05999999999999996,0.652,0.5499999999999999,-1.44,2.6100000000000003,6.6,8.2,106.94000000000001,8.0,2.0,808.94
Sequence_42,ILSAIWSGIKSLF,0.029230769230769234,-0.5230769230769231,0.5269230769230769,0.5307692307692308,0.13076923076923078,0.5969230769230769,3.5384615384615383,8.130769230769232,68.94615384615383,7.0,0.0,1495.5600000000002,0.20800000000000002,-0.4,0.41400000000000003,0.516,0.9399999999999998,0.0,2.4,8.1,56.42,1.0,0.0,475.48999999999995,0.05399999999999999,-0.6,0.5740000000000001,0.586,0.5199999999999999,0.29,3.6,7.859999999999999,70.68,2.0,0.0,587.64
Sequence_541,FLPKLFAKITKKNMAHIR,-0.023333333333333338,-0.33888888888888885,0.6166666666666667,0.7305555555555556,4.9343245538895844e-17,0.5966666666666666,4.5,8.222222222222221,78.90555555555554,8.0,0.0,2261.55,0.27199999999999996,-1.2799999999999998,0.8280000000000001,1.4439999999999997,2.04,0.29,5.2,6.3999999999999995,92.38,1.0,0.0,687.8599999999999,0.05000000000000001,0.14000000000000004,0.508,0.602,0.019999999999999928,0.254,3.8,8.459999999999999,69.84,1.0,-1.0,557.5899999999999
Sequence_318,ITSVSWCTPGCTSEGGGSGCSHCC,-0.6091666666666665,0.6375000000000001,0.6070833333333332,-0.22291666666666665,-2.2416666666666667,1.323333333333333,5.229166666666667,9.516666666666666,84.20000000000002,42.0,3.0,3374.5,-0.03400000000000001,-0.64,0.45199999999999996,0.6279999999999999,-0.7200000000000001,1.386,3.7,8.280000000000001,70.53999999999999,4.0,0.0,608.61,-1.232,2.46,0.6500000000000001,-1.4100000000000001,-3.56,1.7240000000000002,6.1,10.6,93.38,14.0,2.0,774.8199999999999
Sequence_370,RILSILRHQNLLKELQDLALQGAK,0.11624999999999998,-0.5166666666666667,0.6870833333333332,0.911666666666667,0.6000000000000001,0.37875,4.8125,7.954166666666666,85.12500000000001,11.0,-1.0,3092.4400000000005,0.144,-0.3,0.382,0.6219999999999999,0.25999999999999995,0.0,3.0,8.08,60.61999999999999,1.0,0.0,501.53000000000003,0.09999999999999998,-1.02,0.724,1.0579999999999998,0.47999999999999987,0.54,5.3,7.88,90.02000000000001,3.0,0.0,686.76
seq_162,VLLNKARLAGFNTLRNCYRGNFKKHYHHHD,-0.24333333333333335,0.30333333333333334,0.6833333333333333,0.42933333333333334,-0.8533333333333334,1.1996666666666669,5.4,8.883333333333336,88.21666666666663,27.0,1.0,4085.5900000000006,0.06599999999999999,-0.9,0.8240000000000001,1.294,0.19999999999999982,2.4099999999999997,6.2,7.5,107.28,4.0,1.0,767.93,-0.392,1.54,0.7120000000000001,-0.27599999999999997,-1.9600000000000002,0.762,5.0,10.88,82.97999999999999,5.0,-3.0,690.66
Sequence_116,GLFSKFAGKGIKNLIFKGVKHIGKEVGMDVIRTGIDVAGCKIKGEC,-0.27891304347826085,-0.15000000000000005,0.5997826086956521,0.31130434782608707,-1.580434782608696,1.3132608695652177,4.760869565217392,9.15,82.91086956521738,49.0,0.0,6270.649999999999,-0.11599999999999999,-0.56,0.7100000000000002,0.542,-0.1,0.54,4.7,8.16,81.35999999999999,4.0,0.0,658.72,-0.682,1.1400000000000001,0.564,-0.576,-3.02,1.03,4.5,10.68,79.08,8.0,0.0,683.6800000000001
Sequence_576,GVIPCGESCVFIPCISAAIGCSCKNKVCYRN,-0.4467741935483871,0.36129032258064514,0.5699999999999998,0.0880645161290322,-1.5935483870967742,1.5961290322580646,4.967741935483871,8.958064516129031,84.83225806451611,43.0,7.0,4277.749999999999,-0.33199999999999996,-0.3,0.5680000000000001,0.5359999999999998,-1.48,2.126,5.4,8.219999999999999,93.64000000000001,7.0,1.0,748.8699999999999,-0.4040000000000001,0.22000000000000003,0.6359999999999999,0.526,-1.34,2.61,6.4,8.22,101.66000000000001,7.0,2.0,756.9100000000001
Sequence_180,YENPYGCPTDEGKCFDRCNDSEFEGGYCGGSYRATCVCYRT,-0.47439024390243917,0.5048780487804879,0.6585365853658536,0.01195121951219509,-1.4951219512195122,0.9248780487804878,5.2682926829268295,9.253658536585366,85.0073170731707,57.0,4.0,5631.129999999999,-0.096,0.34,0.748,0.726,0.5800000000000001,0.734,5.1,8.36,88.28,3.0,0.0,662.8,-0.22000000000000003,-0.45999999999999996,0.5999999999999999,0.744,-0.7,1.876,6.0,7.68,94.88000000000001,6.0,1.0,729.84
seq_355,VLLNKARLAGFNTLRNCYKHNFKKHYKKTV,-0.18900000000000006,-0.08666666666666666,0.688,0.6353333333333335,-0.7066666666666667,1.4493333333333334,5.516666666666667,8.566666666666668,90.67999999999999,26.0,3.0,4186.7699999999995,0.06599999999999999,-0.9,0.8240000000000001,1.294,0.19999999999999982,2.4099999999999997,6.2,7.5,107.28,4.0,1.0,767.93,-0.014000000000000002,-1.26,0.672,1.1800000000000002,-0.76,1.966,5.8,8.14,95.1,4.0,0.0,750.83
Sequence_87,INWKKIASIGKEVL,-0.15142857142857147,-0.21428571428571427,0.5492857142857143,0.47928571428571437,-1.3142857142857143,1.5185714285714285,4.285714285714286,9.07857142857143,79.20714285714284,11.0,0.0,1826.91,-0.34400000000000003,-0.05999999999999996,0.556,0.4620000000000001,-2.4,2.3259999999999996,5.3,9.459999999999999,88.28,5.0,1.0,712.77,-0.142,-0.5,0.772,0.744,-1.3199999999999998,1.9259999999999997,5.4,8.9,97.48,5.0,-1.0,769.8199999999999
Sequence_487,KINWGSVGGSCVGGAVIGGALGGLGGAGGGCLTGAIGSIWDQW,-0.28023255813953474,-0.33953488372093027,0.6165116279069767,0.36232558139534865,-1.474418604651163,1.5346511627906976,5.116279069767442,8.895348837209303,85.86744186046509,55.0,3.0,5926.289999999999,-0.40199999999999997,0.08000000000000004,0.552,0.29000000000000004,-2.46,2.286,5.3,9.48,87.84,6.0,1.0,703.7599999999999,0.03399999999999999,-1.38,0.5720000000000001,0.9800000000000001,-0.74,2.024,5.2,7.639999999999999,91.66,4.0,0.0,734.76
Sequence_103,FFPIVGKLLSGLF,0.08153846153846155,-0.9923076923076923,0.6915384615384614,0.926923076923077,0.8153846153846154,0.8369230769230769,4.615384615384615,7.13846153846154,85.11538461538461,7.0,0.0,1738.0300000000002,0.174,-1.3399999999999999,0.5439999999999999,1.152,1.1199999999999999,1.386,3.9,6.220000000000001,81.2,1.0,0.0,670.8199999999999,0.11000000000000001,-0.82,0.774,0.7939999999999999,1.44,0.25,4.6,7.119999999999999,83.38000000000001,3.0,0.0,634.7299999999999
seq_255,VLLNKARLAGFNTLRNCYKHHFKKHYHKTC,-0.25133333333333335,0.24333333333333332,0.6866666666666666,0.42566666666666675,-0.8233333333333334,1.214,5.433333333333334,8.833333333333337,88.8833333333333,28.0,1.0,4149.64,0.06599999999999999,-0.9,0.8240000000000001,1.294,0.19999999999999982,2.4099999999999997,6.2,7.5,107.28,4.0,1.0,767.93,-0.484,0.72,0.6639999999999999,-0.040000000000000036,-1.54,1.034,5.7,9.540000000000001,88.4,7.0,0.0,712.76
Sequence_186,GDPTFCGETCRVIPVCTYSAALGCTCDDRSDGLCKRN,-0.4213513513513513,0.20540540540540542,0.6362162162162162,0.15432432432432436,-1.4567567567567568,1.0454054054054054,5.337837837837838,8.975675675675674,85.46216216216213,52.0,6.0,5085.569999999999,-0.242,-0.45999999999999996,0.6679999999999999,0.496,-0.6599999999999999,0.25,5.0,8.379999999999999,80.52000000000001,5.0,0.0,667.75,-0.5200000000000001,0.74,0.6880000000000001,0.21399999999999997,-1.7400000000000002,1.514,6.3,9.080000000000002,96.34,7.0,2.0,721.8499999999999
seq_11,VLLNKARLAGFKTLRHCYRGNFKKHYHKHC,-0.234,0.1633333333333333,0.6819999999999999,0.46,-0.8400000000000001,1.1333333333333333,5.416666666666667,8.786666666666669,88.44999999999997,27.0,0.0,4145.610000000001,0.06599999999999999,-0.9,0.8240000000000001,1.294,0.19999999999999982,2.4099999999999997,6.2,7.5,107.28,4.0,1.0,767.93,-0.5720000000000001,1.4,0.7,-0.29600000000000004,-2.1,1.2879999999999998,5.7,10.280000000000001,91.1,7.0,-1.0,740.77
Sequence_514,FLPLLAGLAANFLPKIFCKITKKC,-0.07208333333333332,-0.3875,0.6708333333333331,0.6475000000000002,0.35416666666666696,0.6508333333333333,4.75,7.883333333333334,83.02083333333334,17.0,3.0,3115.629999999999,0.49800000000000005,-1.5399999999999998,0.892,1.6960000000000002,3.5799999999999996,0.0,5.1,5.359999999999999,94.4,0.0,0.0,663.8699999999999,-0.516,0.32,0.516,-0.05999999999999996,-2.4,1.0699999999999998,5.0,9.78,80.08,7.0,1.0,678.71
seq_8,VLLNKARLAGFKTLRNCYRGNFKKHYKKNL,-0.17566666666666672,-0.11333333333333334,0.6939999999999998,0.6526666666666666,-0.5566666666666666,1.2176666666666667,5.516666666666667,8.480000000000002,89.81333333333332,25.0,4.0,4108.7300000000005,0.06599999999999999,-0.9,0.8240000000000001,1.294,0.19999999999999982,2.4099999999999997,6.2,7.5,107.28,4.0,1.0,767.93,-0.12600000000000003,-0.26,0.772,0.8220000000000001,-0.31999999999999995,1.314,5.9,8.64,95.2,4.0,1.0,704.83
seq_142,VLLNKARLAGFKTLRNCYRSNFKKHYHKNV,-0.1806666666666667,-0.0466666666666667,0.6776666666666665,0.6370000000000001,-0.6566666666666666,1.4009999999999998,5.433333333333334,8.50666666666667,89.52666666666664,25.0,3.0,4132.710000000001,0.06599999999999999,-0.9,0.8240000000000001,1.294,0.19999999999999982,2.4099999999999997,6.2,7.5,107.28,4.0,1.0,767.93,-0.242,0.12000000000000002,0.704,0.682,-1.4600000000000002,2.664,6.0,9.06,100.44000000000001,5.0,0.0,769.8699999999999
Sequence_597,KSTCKAESNTFPGLCITKPPCRKACLSEKFTDGKCSKILRRCICYKPC,-0.39541666666666675,0.29375,0.6204166666666667,0.18604166666666666,-1.2729166666666667,0.7785416666666666,5.072916666666667,8.974999999999996,82.55833333333332,58.0,7.0,6467.109999999998,-0.6,0.38,0.6220000000000001,-0.05800000000000003,-2.4799999999999995,1.07,5.5,9.82,83.8,8.0,1.0,708.7299999999999,-0.624,0.54,0.72,0.06799999999999998,-1.22,1.27,6.4,8.6,98.58,9.0,2.0,769.9200000000001
Sequence_618,VTCDLLSFEAKGFAANHSICAAHCLVIGRKGGACQNGVCVCRN,-0.3574418604651163,0.2302325581395349,0.6279069767441858,0.20162790697674415,-1.2651162790697674,1.514418604651163,5.127906976744186,8.893023255813953,86.7488372093023,54.0,6.0,5946.519999999999,-0.296,-0.48,0.732,0.46399999999999997,-1.02,1.876,6.0,8.260000000000002,98.68,8.0,1.0,760.85,-0.8640000000000001,1.1199999999999999,0.62,-0.194,-3.08,3.0999999999999996,6.9,9.14,106.46000000000001,11.0,3.0,813.96
Sequence_162,MSKLVQAISDAVQAQQNQDWAKLGTSIVGIVENGVGILGKLFGF,-0.009318181818181824,-0.7999999999999999,0.6361363636363635,0.8329545454545457,-0.25909090909090915,1.3386363636363636,4.875,8.034090909090907,87.37954545454546,34.0,1.0,6049.619999999997,0.194,-1.44,0.7859999999999999,1.4099999999999997,0.6799999999999999,1.6759999999999997,5.4,7.0200000000000005,97.24000000000001,3.0,0.0,726.8299999999999,-0.05600000000000001,-0.82,0.728,0.6159999999999999,0.5599999999999999,0.54,4.7,7.42,84.03999999999999,3.0,0.0,674.78
Sequence_589,LKWLKKWLK,0.07,-1.3333333333333333,0.8066666666666668,1.2733333333333334,-0.21111111111111114,1.7688888888888887,6.055555555555555,7.733333333333334,100.66666666666667,6.0,0.0,1376.53,0.136,-1.38,0.828,1.336,0.25999999999999995,1.592,6.0,7.4799999999999995,100.8,3.0,0.0,753.8499999999999,-0.09000000000000001,-1.1199999999999999,0.7639999999999999,1.0839999999999999,-1.28,1.8819999999999997,6.1,8.52,98.78,4.0,0.0,777.8399999999999
seq_184,VLLNKARLAGFKTLRNTYRSNFKKHYHKNC,-0.199,0.05333333333333332,0.6709999999999998,0.5676666666666665,-0.65,1.1699999999999997,5.366666666666666,8.613333333333337,87.38666666666664,25.0,3.0,4047.5900000000006,0.06599999999999999,-0.9,0.8240000000000001,1.294,0.19999999999999982,2.4099999999999997,6.2,7.5,107.28,4.0,1.0,767.93,-0.6679999999999999,1.4,0.7,-0.258,-2.18,1.768,6.1,10.080000000000002,95.18000000000002,8.0,1.0,739.8299999999999
Sequence_424,ATCDLLSGFGVGDSACAAHCIARRNRGGYCNAKTVCVC,-0.3892105263157895,0.2210526315789474,0.6189473684210525,0.15789473684210523,-1.3263157894736841,1.3631578947368421,5.2105263157894735,8.926315789473684,84.99473684210523,51.0,7.0,5151.639999999999,-0.32,0.10000000000000005,0.696,0.07799999999999993,-0.4800000000000001,0.49000000000000005,5.1,8.8,82.12,7.0,1.0,645.6999999999999,-0.592,-0.23999999999999985,0.652,0.304,-2.3,3.752,6.8,8.08,112.04,11.0,2.0,876.0
seq_103,VLLNKARLAGFNTLRNCYKSNFKKHYHKTS,-0.20533333333333334,0.06333333333333334,0.6766666666666665,0.528,-0.6233333333333333,1.1700000000000004,5.283333333333333,8.653333333333336,86.7633333333333,26.0,3.0,4037.55,0.06599999999999999,-0.9,0.8240000000000001,1.294,0.19999999999999982,2.4099999999999997,6.2,7.5,107.28,4.0,1.0,767.93,-0.184,0.18,0.634,0.382,-0.8,0.5439999999999999,4.8,9.280000000000001,77.56,4.0,-1.0,643.65
seq_323,VLLNKARLAGFNTLRNCYRGTFKKHYHKHD,-0.20533333333333334,0.07333333333333333,0.678,0.5123333333333334,-0.7366666666666667,1.0833333333333333,5.366666666666666,8.730000000000002,87.32666666666663,26.0,1.0,4066.55,0.06599999999999999,-0.9,0.8240000000000001,1.294,0.19999999999999982,2.4099999999999997,6.2,7.5,107.28,4.0,1.0,767.93,-0.34800000000000003,0.8400000000000001,0.716,0.003999999999999981,-1.9,0.7979999999999999,5.2,10.500000000000002,84.42,5.0,-2.0,698.6899999999999
Sequence_603,GICRCICTRGFCRCICVL,-0.5950000000000001,0.6555555555555554,0.52,-0.2244444444444445,-1.9222222222222218,1.3405555555555555,5.305555555555555,8.872222222222222,85.58888888888889,30.0,6.0,2483.7799999999997,-0.8240000000000001,1.24,0.4800000000000001,-0.6440000000000001,-2.9,1.23,5.4,9.7,83.55999999999999,10.0,2.0,684.75,-0.45200000000000007,0.16,0.616,0.05999999999999996,-1.1600000000000001,2.366,5.6,8.120000000000001,98.38,9.0,2.0,758.88
Sequence_125,FLPIIAGMAAKVICAITKKC,-0.10099999999999998,-0.35,0.5409999999999998,0.49400000000000005,-0.27,0.8714999999999998,4.15,8.32,75.78999999999999,15.0,2.0,2472.7299999999996,0.26999999999999996,-0.82,0.484,0.9359999999999999,1.6199999999999999,0.0,3.1,6.88,68.12,0.0,0.0,551.67,-0.516,0.32,0.516,-0.05999999999999996,-2.4,1.0699999999999998,5.0,9.78,80.08,7.0,1.0,678.71
seq_57,VLLNKARLSGFKTLRNTYRSHFKKNYHKTQ,-0.10633333333333335,-0.21666666666666667,0.6659999999999999,0.7286666666666666,-0.3866666666666666,0.9659999999999999,5.283333333333333,8.383333333333335,86.49333333333333,21.0,1.0,4027.5100000000007,0.06599999999999999,-0.9,0.8240000000000001,1.294,0.19999999999999982,2.4099999999999997,6.2,7.5,107.28,4.0,1.0,767.93,-0.009999999999999986,-0.38,0.6679999999999999,0.8399999999999999,-0.08000000000000007,0.5439999999999999,5.5,8.48,89.36000000000001,3.0,-1.0,703.75
Sequence_32,LLKKLLKWLKK,0.15181818181818185,-1.2545454545454546,0.8454545454545453,1.3,0.4727272727272726,1.119090909090909,5.863636363636363,7.654545454545456,98.7,6.0,0.0,1612.8400000000001,0.278,-1.2799999999999998,0.8920000000000001,1.3959999999999997,1.42,0.58,5.7,7.280000000000001,97.96,2.0,0.0,703.8299999999999,-0.09000000000000001,-1.1199999999999999,0.764,1.084,-1.28,1.8820000000000001,6.1,8.52,98.78,4.0,0.0,777.8399999999999
Sequence_181,FKTWKRPPFQTSCWGIIKE,-0.18368421052631576,-0.39473684210526316,0.5794736842105263,0.6163157894736843,-0.8789473684210526,0.9563157894736841,4.842105263157895,8.294736842105262,82.35263157894738,15.0,0.0,2595.82,-0.184,-0.9399999999999998,0.6439999999999999,0.756,-1.1800000000000002,1.592,5.4,8.22,87.9,4.0,0.0,731.78,-0.29799999999999993,0.54,0.42799999999999994,-0.15599999999999997,-2.2,0.54,3.1,10.379999999999999,64.52000000000001,4.0,-1.0,584.55
Sequence_20,AQCGAQGGGATCPGGLCCSQWGWCGSTPKYCGAGCQSNCR,-0.46049999999999996,0.1525,0.6547499999999998,0.16550000000000004,-1.3800000000000003,1.1835000000000002,5.75,8.789999999999997,90.70999999999998,62.0,9.0,5751.329999999998,-0.26799999999999996,-0.06,0.62,0.26399999999999996,-0.32000000000000006,0.74,5.0,8.48,83.58000000000001,6.0,1.0,663.72,-0.516,0.76,0.5900000000000001,0.16799999999999993,-1.6,1.224,5.9,8.84,91.32000000000001,7.0,2.0,705.8
seq_34,VLLNKARLAGFKTLRNTYRGNFKKHYHHHC,-0.20466666666666666,0.1666666666666666,0.6753333333333332,0.5069999999999999,-0.7366666666666667,1.1256666666666666,5.366666666666666,8.753333333333336,87.62666666666662,25.0,0.0,4081.560000000001,0.06599999999999999,-0.9,0.8240000000000001,1.294,0.19999999999999982,2.4099999999999997,6.2,7.5,107.28,4.0,1.0,767.93,-0.616,2.1,0.6960000000000001,-0.576,-2.16,1.252,5.5,10.66,89.66,7.0,-2.0,732.74
seq_127,VLLNKARLAGFKTFRNTYRSNFKKNYHKNC,-0.23800000000000002,0.08000000000000002,0.6576666666666665,0.5233333333333333,-0.73,1.25,5.35,8.590000000000002,86.94333333333333,26.0,5.0,4036.6300000000006,0.06599999999999999,-0.9,0.8240000000000001,1.294,0.19999999999999982,2.4099999999999997,6.2,7.5,107.28,4.0,1.0,767.93,-0.6679999999999999,1.4,0.7,-0.258,-2.18,1.768,6.1,10.080000000000002,95.18000000000002,8.0,1.0,739.8299999999999
Sequence_443,RTCESQSHRFHGTCVRESNCASVCQTEGFIGGNCRAFRRRCFCTRNC,-0.49106382978723423,0.6723404255319149,0.5778723404255318,-0.0027659574468085085,-1.7234042553191493,1.1065957446808514,5.170212765957447,9.087234042553192,83.57446808510636,61.0,6.0,6404.919999999997,-0.5979999999999999,1.18,0.5660000000000001,-0.314,-2.22,0.49000000000000005,4.7,9.86,75.44,7.0,0.0,646.64,-0.974,1.72,0.5800000000000001,-0.6100000000000001,-3.04,1.714,6.5,9.780000000000001,93.62,11.0,3.0,728.8399999999999
seq_61,VLLNKARLSGFKTLRNCYKHTFKKHYHKHT,-0.19233333333333336,0.039999999999999994,0.6816666666666665,0.5313333333333334,-0.7599999999999999,1.0583333333333331,5.333333333333333,8.776666666666669,87.25666666666665,25.0,-1.0,4119.530000000001,0.06599999999999999,-0.9,0.8240000000000001,1.294,0.19999999999999982,2.4099999999999997,6.2,7.5,107.28,4.0,1.0,767.93,-0.256,0.72,0.6639999999999999,0.22799999999999998,-1.34,0.7979999999999999,5.2,9.900000000000002,83.52000000000001,4.0,-2.0,685.6899999999999
Sequence_253,RFRPPIRRPPIRPPFRPPFRPPVRPPIRPPFRPPFRPPIGPFP,0.11604651162790697,-0.8186046511627908,0.5734883720930234,1.5316279069767442,0.683720930232558,0.19023255813953488,4.965116279069767,6.672093023255811,82.41162790697672,3.0,0.0,5628.200000000001,0.084,-0.72,0.5800000000000001,1.516,0.6199999999999999,0.0,5.2,6.58,82.17999999999999,0.0,0.0,649.83,0.006000000000000022,-0.68,0.5720000000000001,0.9919999999999998,0.48,0.25,4.3,7.279999999999999,77.94,2.0,0.0,640.7900000000001
seq_380,VLLNKARLAGFNTLRNTYKTNFKKNYHHHC,-0.23800000000000002,0.24666666666666665,0.6799999999999999,0.47899999999999976,-0.7333333333333333,1.2863333333333338,5.45,8.766666666666671,88.73999999999997,27.0,3.0,4084.65,0.06599999999999999,-0.9,0.8240000000000001,1.294,0.19999999999999982,2.4099999999999997,6.2,7.5,107.28,4.0,1.0,767.93,-0.616,2.1,0.6960000000000001,-0.576,-2.16,1.252,5.5,10.66,89.66,7.0,-2.0,732.74
Sequence_395,INLKAIAALAKKLLG,0.08333333333333331,-0.49999999999999994,0.6413333333333333,0.7606666666666666,0.49333333333333335,0.618,4.266666666666667,8.280000000000001,77.43333333333334,7.0,1.0,1789.0000000000005,-0.07200000000000002,0.039999999999999994,0.5840000000000001,0.528,-0.24,1.024,4.3,8.8,77.58,3.0,1.0,596.68,-0.006000000000000005,-0.8799999999999999,0.8240000000000001,0.9720000000000001,-0.18000000000000008,0.8300000000000001,5.8,8.34,95.5,4.0,0.0,718.81
seq_185,VLLNKARLSGFNTLRNMYRSNFKKHYHHHC,-0.207,0.26666666666666666,0.6859999999999999,0.49833333333333313,-0.6066666666666667,1.1580000000000001,5.333333333333333,8.653333333333336,88.00999999999996,25.0,1.0,4059.580000000001,0.06599999999999999,-0.9,0.8240000000000001,1.294,0.19999999999999982,2.4099999999999997,6.2,7.5,107.28,4.0,1.0,767.93,-0.616,2.1,0.6960000000000001,-0.576,-2.16,1.252,5.5,10.66,89.66,7.0,-2.0,732.74
seq_310,VLLDKARLSGFKTFRNCYRGTFKKNYHKHC,-0.26,0.010000000000000024,0.6656666666666665,0.43533333333333335,-0.8999999999999999,1.0486666666666664,5.35,8.686666666666667,86.65333333333332,29.0,2.0,4108.570000000001,0.15799999999999997,-1.46,0.8400000000000001,1.288,0.2799999999999999,1.6759999999999997,5.8,7.56,101.4,4.0,0.0,753.8599999999999,-0.5720000000000001,1.4,0.7,-0.29600000000000004,-2.1,1.2879999999999998,5.7,10.280000000000001,91.1,7.0,-1.0,740.77
Sequence_377,ATCDILSFQSQWVTPNHAGCALHCVIKGYKGGQCKITVCHCRR,-0.2983720930232558,0.0,0.6120930232558138,0.35720930232558135,-1.144186046511628,1.3344186046511632,5.290697674418604,8.674418604651162,87.91860465116278,51.0,4.0,6044.589999999998,-0.434,0.4600000000000001,0.492,-0.30200000000000005,-1.4600000000000002,0.49000000000000005,4.1,9.559999999999999,68.98,7.0,1.0,589.5999999999999,-0.8560000000000001,1.8,0.5519999999999999,-0.5120000000000001,-3.1399999999999997,1.234,6.2,9.86,90.02000000000001,9.0,1.0,725.79
Sequence_127,SLGSFMKGVGKGLATVGKIVADQFGKLLEA,-0.05466666666666665,-0.7533333333333335,0.6873333333333331,0.7449999999999999,-0.3733333333333333,1.1363333333333334,4.916666666666667,8.253333333333332,86.39000000000001,25.0,-1.0,4110.46,-0.088,-0.4,0.6759999999999999,0.41600000000000004,0.38,0.25,4.1,7.919999999999999,73.96000000000001,4.0,0.0,608.65,0.11800000000000002,-0.31999999999999995,0.8039999999999999,0.7819999999999998,0.82,0.29,4.4,8.379999999999999,83.38,2.0,-1.0,639.69
Sequence_575,GIGASILSAGKSALKGLAKGLAEHFAN,-0.11444444444444445,-0.06666666666666662,0.6307407407407405,0.38222222222222224,-0.3666666666666667,0.5755555555555555,4.166666666666667,8.918518518518518,74.5037037037037,20.0,-1.0,3268.4300000000007,-0.24599999999999994,0.04,0.48200000000000004,0.04800000000000001,-1.28,0.5,3.6,9.459999999999999,64.64,5.0,0.0,561.5500000000001,-0.43,1.5,0.652,-0.296,-1.3199999999999998,0.9879999999999999,4.0,10.040000000000001,75.82000000000001,4.0,-1.0,636.6600000000001
Sequence_400,GIPCGESCVYIPCLTSAIGCSCKSKVCYRN,-0.4246666666666666,0.32333333333333325,0.5986666666666666,0.11933333333333329,-1.3766666666666665,1.296,5.083333333333333,8.91,84.84333333333332,42.0,6.0,4114.540000000001,-0.5439999999999999,0.42000000000000004,0.5640000000000001,-0.028000000000000073,-2.0,0.99,5.2,9.24,84.49999999999999,8.0,1.0,690.78,-0.4040000000000001,0.22000000000000003,0.6359999999999999,0.526,-1.34,2.61,6.4,8.22,101.66000000000001,7.0,2.0,756.9100000000001
seq_263,VLLNKARLAGFNTLRNCYRGNYKKHYHKHM,-0.18033333333333335,0.10333333333333335,0.696,0.5966666666666665,-0.5433333333333333,1.2056666666666669,5.516666666666667,8.610000000000003,89.89333333333329,25.0,2.0,4088.6700000000005,0.06599999999999999,-0.9,0.8240000000000001,1.294,0.19999999999999982,2.4099999999999997,6.2,7.5,107.28,4.0,1.0,767.93,-0.11400000000000002,0.44000000000000006,0.76,0.5039999999999999,-0.44000000000000006,0.7979999999999999,5.3,9.16,89.68,3.0,-2.0,697.7399999999999
Sequence_95,QFTNVSCTTSKECWSVCQRLHNTSRGKCMNKKCRCYS,-0.42972972972972984,0.29459459459459464,0.6391891891891891,0.23999999999999994,-1.5162162162162165,1.4310810810810815,5.621621621621622,8.854054054054052,90.07027027027026,50.0,7.0,5298.799999999998,-0.052000000000000025,-0.86,0.64,1.046,-0.040000000000000056,2.12,5.7,7.2,98.78,4.0,1.0,755.8900000000001,-0.6619999999999999,0.96,0.6020000000000001,-0.298,-1.44,0.9800000000000001,5.7,8.819999999999999,86.35999999999999,9.0,2.0,685.77
Sequence_391,EKYTEAPEYI,-0.09899999999999999,0.32999999999999996,0.6299999999999999,0.363,-0.26999999999999996,0.145,3.75,9.260000000000002,72.51,5.0,-3.0,1221.25,-0.296,0.72,0.696,0.052000000000000005,-1.34,0.29,4.2,10.18,77.0,4.0,-2.0,657.63,0.09800000000000002,-0.06000000000000001,0.5640000000000001,0.674,0.8,0.0,3.3,8.34,68.02000000000001,1.0,-1.0,563.6199999999999
Sequence_399,FVPYNPPRPGQSKPFPSFPGHGPFNPKIQWPYPLPNPGH,-0.04025641025641026,-0.5384615384615387,0.6897435897435897,1.1489743589743586,0.21282051282051284,0.8574358974358975,5.423076923076923,7.482051282051281,90.81794871794871,22.0,1.0,5533.740000000001,0.021999999999999974,-0.8400000000000001,0.708,1.262,0.76,2.12,5.6,6.76,98.32000000000001,3.0,1.0,737.94,-0.378,0.72,0.7200000000000001,0.6500000000000001,-1.42,1.238,6.0,9.1,94.97999999999999,5.0,0.0,737.89
Sequence_339,WFYQGMNIAIYANIGGVANIIGYTEAAVATLLGAVVAVAPVVP,0.06069767441860466,-0.7999999999999999,0.5967441860465114,0.9427906976744187,0.16279069767441856,1.6472093023255814,4.593023255813954,7.7581395348837185,84.47441860465115,27.0,2.0,5658.41,0.10400000000000001,-1.42,0.6920000000000001,1.1119999999999999,0.9399999999999998,1.262,5.5,6.659999999999999,94.64,3.0,0.0,730.83,0.302,-1.98,0.6960000000000001,2.134,0.76,2.772,5.7,6.0600000000000005,103.76000000000002,2.0,0.0,795.99
Sequence_164,SGKLWWRRKK,-0.152,-0.74,0.6450000000000001,0.921,-1.52,1.5719999999999998,5.75,8.450000000000001,90.19,8.0,0.0,1440.5300000000002,-0.12000000000000002,-0.82,0.726,0.786,-0.86,1.552,5.5,8.3,90.94,5.0,0.0,718.76,-0.184,-0.6599999999999999,0.5640000000000001,1.0559999999999998,-2.18,1.592,6.0,8.6,89.43999999999998,3.0,0.0,721.77
seq_21,VLLNKARLAGFKTLRNCYKHNFKKHYHKNS,-0.22466666666666668,0.14999999999999997,0.6883333333333332,0.5063333333333334,-0.7966666666666667,1.2606666666666666,5.383333333333334,8.81666666666667,88.44666666666666,26.0,2.0,4115.63,0.06599999999999999,-0.9,0.8240000000000001,1.294,0.19999999999999982,2.4099999999999997,6.2,7.5,107.28,4.0,1.0,767.93,-0.368,0.86,0.6699999999999999,0.16399999999999998,-1.44,1.278,5.2,9.820000000000002,84.34,5.0,0.0,670.7199999999999
seq_221,VLLNKARLAGFNTLRNCYRGNFKKHYHHHD,-0.24333333333333335,0.30333333333333334,0.6833333333333333,0.42933333333333334,-0.8533333333333334,1.1996666666666669,5.4,8.883333333333336,88.21666666666663,27.0,1.0,4085.5900000000006,0.06599999999999999,-0.9,0.8240000000000001,1.294,0.19999999999999982,2.4099999999999997,6.2,7.5,107.28,4.0,1.0,767.93,-0.392,1.54,0.7120000000000001,-0.27599999999999997,-1.9600000000000002,0.762,5.0,10.88,82.97999999999999,5.0,-3.0,690.66
Sequence_120,AVKDTYSCFIMRGKCRHECHDFEKPIGFCTKLNANCYM,-0.3752631578947369,0.3736842105263157,0.6434210526315788,0.13131578947368416,-1.1763157894736844,0.9831578947368421,5.026315789473684,9.013157894736842,84.12631578947368,44.0,3.0,5147.639999999999,-0.12000000000000002,-0.9200000000000002,0.6359999999999999,0.766,-1.3000000000000003,1.6759999999999997,5.1,8.82,85.35999999999999,5.0,0.0,699.73,-0.30800000000000005,0.44000000000000006,0.7240000000000001,0.27999999999999997,0.2800000000000001,1.224,5.5,8.139999999999999,90.78,6.0,2.0,657.8
Sequence_633,GLVASIGRALGGLLADVVKSKEQPA,0.022,-0.784,0.6719999999999997,0.9040000000000002,-0.15200000000000005,1.1476,4.84,8.124,85.70400000000004,18.0,-1.0,3368.6800000000003,0.08,-1.04,0.6900000000000001,0.992,0.21999999999999997,1.636,4.8,7.6800000000000015,86.92,4.0,0.0,675.74,-2.2204460492503132e-17,-0.36,0.6920000000000001,0.962,-0.04000000000000008,0.29,4.7,8.48,84.9,2.0,-1.0,691.75
seq_399,VLLNKARLAGFNTLRNCYRHNFKKHYHKNY,-0.21033333333333337,0.2233333333333333,0.6839999999999999,0.5343333333333333,-0.6,1.2863333333333338,5.466666666666667,8.65666666666667,89.2833333333333,25.0,3.0,4078.6900000000005,0.06599999999999999,-0.9,0.8240000000000001,1.294,0.19999999999999982,2.4099999999999997,6.2,7.5,107.28,4.0,1.0,767.93,-0.20800000000000002,0.5,0.716,0.462,-0.44000000000000006,1.278,5.6,9.16,90.38000000000002,4.0,0.0,682.7799999999999
seq_390,VLLNKARLSGFKTLRNCYRGNFKKHYHKHY,-0.19033333333333335,0.04000000000000001,0.6849999999999999,0.5643333333333334,-0.65,1.1316666666666668,5.416666666666667,8.636666666666668,88.40666666666662,25.0,1.0,4103.620000000001,0.06599999999999999,-0.9,0.8240000000000001,1.294,0.19999999999999982,2.4099999999999997,6.2,7.5,107.28,4.0,1.0,767.93,-0.11200000000000002,0.5,0.716,0.42400000000000004,-0.36,0.7979999999999999,5.2,9.360000000000001,86.3,3.0,-2.0,683.7199999999999
Sequence_227,MDVVRTLILCVCLFGLTFA,-0.012105263157894727,-0.8473684210526319,0.6884210526315787,0.8394736842105265,0.34210526315789463,1.417894736842105,5.2105263157894735,7.278947368421053,91.64736842105263,17.0,2.0,2655.0700000000006,0.11200000000000002,-1.6800000000000002,0.7,1.54,-0.6200000000000001,2.772,6.0,7.06,104.42,4.0,0.0,786.9,0.03000000000000001,-0.7,0.668,0.65,0.9199999999999999,0.25,4.4,7.58,76.76,3.0,0.0,606.6800000000001
seq_303,VLLNKARLSGFKTLRNCYKGNFKKHYHKHC,-0.2780000000000001,0.17333333333333334,0.6936666666666665,0.42566666666666675,-0.9933333333333334,1.2616666666666667,5.516666666666667,8.870000000000003,89.81666666666663,30.0,2.0,4200.700000000001,0.06599999999999999,-0.9,0.8240000000000001,1.294,0.19999999999999982,2.4099999999999997,6.2,7.5,107.28,4.0,1.0,767.93,-0.5720000000000001,1.4,0.7,-0.29600000000000004,-2.1,1.2879999999999998,5.7,10.280000000000001,91.1,7.0,-1.0,740.77
seq_160,VLLNKARLAGFKTLRNCYKGTFKKHYHKNT,-0.19366666666666668,-0.08,0.6813333333333332,0.5776666666666667,-0.6866666666666668,1.1376666666666666,5.416666666666667,8.64666666666667,88.02666666666664,26.0,2.0,4101.610000000001,0.06599999999999999,-0.9,0.8240000000000001,1.294,0.19999999999999982,2.4099999999999997,6.2,7.5,107.28,4.0,1.0,767.93,-0.352,0.72,0.6639999999999999,0.266,-1.4200000000000002,1.278,5.6,9.700000000000001,87.60000000000001,5.0,0.0,684.7499999999999
seq_48,VLLNKARLSGFKTFRNTYKGTFKKHYHHND,-0.2036666666666667,-0.0033333333333333565,0.6703333333333333,0.5083333333333332,-0.8166666666666667,1.0499999999999998,5.233333333333333,8.793333333333335,85.62666666666664,25.0,0.0,4057.4800000000005,0.06599999999999999,-0.9,0.8240000000000001,1.294,0.19999999999999982,2.4099999999999997,6.2,7.5,107.28,4.0,1.0,767.93,-0.488,1.54,0.7120000000000001,-0.238,-2.04,1.242,5.4,10.680000000000001,87.06,6.0,-1.0,689.7199999999999
Sequence_477,QGVRNRLSCHRNKGVCVPSRCPRHMRQIGTCRGPPVKCCRKK,-0.3442857142857143,0.038095238095238126,0.6209523809523807,0.5942857142857142,-1.5761904761904766,1.5023809523809528,5.916666666666667,8.540476190476188,93.59285714285713,49.0,6.0,6169.009999999999,-0.17600000000000002,-0.5399999999999998,0.624,1.0619999999999998,-1.42,2.37,6.4,8.080000000000002,103.54,5.0,1.0,776.9000000000001,-0.8779999999999999,1.0,0.624,-0.344,-3.4,1.56,6.5,9.959999999999999,95.11999999999998,10.0,2.0,773.8499999999999
Sequence_411,GIVDFAKGVLGKIKNVLGI,-0.12421052631578947,-0.6736842105263159,0.6073684210526314,0.6589473684210526,-1.1368421052631579,1.779473684210526,4.894736842105263,8.594736842105263,87.12105263157896,18.0,1.0,2638.9000000000005,-0.15199999999999997,-0.7999999999999999,0.5519999999999999,0.43199999999999994,-1.1600000000000001,1.636,4.3,8.4,81.08,5.0,0.0,678.73,-0.10600000000000001,-0.4,0.616,0.742,-0.8400000000000001,2.37,5.2,8.280000000000001,93.7,5.0,1.0,702.8199999999999
seq_279,VLLNKARLSGFNTLRNTYKTHFKKHYHKHM,-0.13933333333333334,-0.0033333333333333587,0.691,0.6243333333333332,-0.5066666666666666,1.0506666666666666,5.3,8.620000000000003,87.45999999999998,22.0,-1.0,4067.53,0.06599999999999999,-0.9,0.8240000000000001,1.294,0.19999999999999982,2.4099999999999997,6.2,7.5,107.28,4.0,1.0,767.93,-0.11400000000000002,0.44000000000000006,0.76,0.5039999999999999,-0.44000000000000006,0.7979999999999999,5.3,9.16,89.68,3.0,-2.0,697.7399999999999
Sequence_314,GLLSGILGAGKHIVCGLSGPCQSLNRKSSDVEYHLAKC,-0.21947368421052627,-0.03947368421052629,0.6734210526315789,0.4157894736842106,-0.8078947368421053,1.033421052631579,5.052631578947368,8.768421052631576,85.92631578947369,41.0,1.0,5166.6,-0.03599999999999999,-0.5800000000000001,0.786,0.6739999999999999,0.24000000000000005,0.5,5.2,8.12,87.66,5.0,0.0,659.73,-0.36,0.64,0.72,0.07000000000000002,-0.9800000000000001,1.034,5.3,9.3,88.05999999999999,6.0,0.0,696.75
seq_167,VLLNKARLAGFKTLRNMYRSNFKKHYKHNC,-0.17533333333333337,0.006666666666666643,0.6869999999999998,0.6136666666666666,-0.5000000000000001,1.1699999999999997,5.383333333333334,8.490000000000002,88.41333333333331,24.0,3.0,4059.640000000001,0.06599999999999999,-0.9,0.8240000000000001,1.294,0.19999999999999982,2.4099999999999997,6.2,7.5,107.28,4.0,1.0,767.93,-0.6679999999999999,1.4,0.7000000000000001,-0.258,-2.18,1.768,6.1,10.080000000000002,95.17999999999999,8.0,1.0,739.8299999999999
Sequence_646,GLLDSLKGFAATAGKGVLQSLLSTASCKLAKTC,-0.08242424242424241,-0.515151515151515,0.6975757575757574,0.6184848484848485,0.009090909090909005,0.6857575757575757,4.924242424242424,8.236363636363633,83.27575757575758,30.0,2.0,4317.700000000001,-0.026000000000000002,-0.5800000000000001,0.8020000000000002,0.598,0.24,0.25,5.0,8.34,84.85999999999999,5.0,0.0,645.7,-0.272,-0.039999999999999945,0.684,0.32599999999999996,-0.4200000000000001,0.78,5.3,8.56,85.35999999999999,6.0,1.0,668.74
Sequence_458,APRWKFGKRLEKLGRNVFRAAKKALPVIAGYKAL,-0.0026470588235293947,-0.6411764705882353,0.646470588235294,0.932058823529412,-0.1529411764705881,1.0305882352941176,4.911764705882353,8.055882352941175,83.8941176470588,18.0,0.0,4491.050000000001,0.012,-0.9199999999999999,0.6120000000000001,1.3019999999999998,-0.4800000000000001,1.302,5.4,7.68,86.4,2.0,0.0,689.78,0.08600000000000001,-0.82,0.736,0.898,0.76,0.54,5.0,8.02,84.26000000000002,3.0,0.0,638.72
Sequence_535,ILSAIWSGIKS,-0.03545454545454545,-0.36363636363636365,0.4736363636363637,0.41999999999999993,-0.4818181818181818,0.7054545454545454,3.409090909090909,8.636363636363638,65.99999999999999,7.0,0.0,1243.24,0.20800000000000002,-0.4,0.41400000000000003,0.516,0.9399999999999998,0.0,2.4,8.1,56.42,1.0,0.0,475.48999999999995,-0.29,0.06,0.488,0.08800000000000001,-1.7400000000000002,0.54,3.7,9.66,65.53999999999999,5.0,0.0,586.5600000000001
seq_170,VLLNKARLSGFKTLRNCYKTNFKKHYHKHN,-0.23900000000000005,0.15333333333333332,0.6876666666666665,0.5013333333333334,-0.88,1.2606666666666666,5.466666666666667,8.833333333333336,89.06666666666663,27.0,2.0,4145.66,0.06599999999999999,-0.9,0.8240000000000001,1.294,0.19999999999999982,2.4099999999999997,6.2,7.5,107.28,4.0,1.0,767.93,-0.44000000000000006,1.4,0.7,0.009999999999999986,-1.98,1.532,5.6,10.440000000000001,90.3,5.0,-1.0,712.76
Sequence_347,SLFSLIKAGAKFLGKNLLKQGAQYAACKVSKEC,-0.10060606060606062,-0.3909090909090909,0.6796969696969695,0.5924242424242425,-0.10606060606060601,0.8469696969696968,4.818181818181818,8.333333333333334,83.97272727272728,27.0,2.0,4382.810000000001,0.196,-0.8,0.744,0.8399999999999999,1.98,0.0,4.0,6.859999999999999,76.41999999999999,2.0,0.0,593.67,-0.554,0.48,0.674,-0.010000000000000054,-2.58,2.1659999999999995,5.2,9.7,91.94000000000001,8.0,0.0,771.79
Sequence_242,LRDLVCYCRKRGCKRRERMNGTCRKGHLMYTLCCR,-0.35428571428571426,0.23714285714285716,0.6639999999999998,0.3762857142857142,-1.2171428571428573,0.9905714285714284,5.8428571428571425,8.654285714285715,90.91714285714284,42.0,5.0,4892.51,0.22399999999999998,-1.36,0.7719999999999999,1.4,0.6,1.386,5.7,7.08,97.74000000000001,3.0,0.0,713.8299999999999,-0.6079999999999999,0.76,0.648,-0.11600000000000006,-1.36,0.9800000000000001,6.2,8.559999999999999,93.0,9.0,2.0,713.82
Sequence_353,LLPIVGNLLNSLL,0.15538461538461534,-0.6923076923076924,0.7823076923076921,1.1576923076923076,1.1923076923076923,1.1938461538461538,5.346153846153846,7.200000000000001,95.0923076923077,8.0,2.0,1759.16,0.45,-1.6600000000000001,0.7040000000000001,1.7599999999999998,1.92,1.386,4.9,6.1,94.67999999999999,1.0,0.0,690.8599999999999,0.16599999999999998,-0.42000000000000004,0.8540000000000001,1.028,1.7600000000000002,0.734,5.3,7.220000000000001,93.2,3.0,1.0,644.79
seq_352,VLLNKARLAGFKTFRNTYRSTFKKNYHKNM,-0.13099999999999998,-0.19333333333333333,0.6616666666666666,0.693,-0.34666666666666673,1.0459999999999998,5.216666666666667,8.313333333333336,85.57666666666665,21.0,3.0,3966.5300000000007,0.06599999999999999,-0.9,0.8240000000000001,1.294,0.19999999999999982,2.4099999999999997,6.2,7.5,107.28,4.0,1.0,767.93,-0.21000000000000002,0.44000000000000006,0.76,0.542,-0.5200000000000001,1.278,5.7,8.96,93.76000000000002,4.0,0.0,696.7999999999998
Sequence_144,ACYCRIPACLAGERRYGTCFYLGRVWAFCC,-0.2946666666666666,0.07000000000000003,0.6213333333333331,0.3066666666666667,-0.5,1.0146666666666666,5.166666666666667,8.196666666666665,84.98666666666665,34.0,5.0,4018.55,-0.5599999999999999,0.8,0.6,-0.16600000000000006,-0.9199999999999999,0.9800000000000001,5.6,8.6,85.9,8.0,2.0,669.7699999999999,-0.642,0.44000000000000006,0.64,-0.31000000000000005,-1.2,1.9920000000000002,5.5,8.16,91.06000000000002,9.0,2.0,739.8299999999999
Sequence_469,TSRCYIGYRRKVVCS,-0.23599999999999993,-0.25999999999999995,0.5533333333333333,0.5706666666666667,-1.1066666666666667,1.4306666666666665,5.266666666666667,8.3,85.26,16.0,2.0,2042.2500000000002,-0.346,0.27999999999999997,0.5660000000000001,0.22599999999999998,-0.6799999999999999,0.49000000000000005,5.2,8.44,78.78,6.0,1.0,630.6899999999999,-0.33599999999999997,-0.8,0.6619999999999999,0.7499999999999999,-2.06,3.5519999999999996,6.1,8.180000000000001,105.34,8.0,1.0,842.93
Sequence_50,WNPFKELERAGQRVRDAVISAAAVATVGQAAAIARGG,-0.013243243243243255,-0.5567567567567568,0.5775675675675673,0.7972972972972978,-0.34324324324324323,1.1594594594594594,4.472972972972973,8.235135135135135,79.48648648648646,22.0,-1.0,4740.1,-0.23600000000000004,-0.41999999999999993,0.6960000000000001,0.89,-0.8,2.036,5.8,7.82,95.84,4.0,1.0,752.9,-0.20799999999999996,-0.019999999999999997,0.44800000000000006,0.28600000000000003,-1.44,0.5,4.1,9.22,68.38,4.0,0.0,571.5899999999999
seq_66,VLLNKARLAGFKTLRNCYRSNFKKHYHKNM,-0.17533333333333337,0.006666666666666636,0.6869999999999998,0.6136666666666667,-0.5,1.1699999999999997,5.383333333333334,8.490000000000002,88.41333333333331,24.0,3.0,4059.640000000001,0.06599999999999999,-0.9,0.8240000000000001,1.294,0.19999999999999982,2.4099999999999997,6.2,7.5,107.28,4.0,1.0,767.93,-0.21000000000000002,0.44000000000000006,0.76,0.542,-0.5200000000000001,1.278,5.7,8.96,93.76000000000002,4.0,0.0,696.7999999999998
Sequence_489,GLFSKFNKKKIKSGLIKIIKTAGKEAGLEALRTGIDVIGCKIKGEC,-0.25999999999999995,0.006521739130434798,0.5834782608695651,0.2417391304347826,-1.376086956521739,0.8423913043478263,4.434782608695652,9.315217391304348,77.58260869565217,44.0,0.0,5928.189999999999,-0.11599999999999999,-0.56,0.7100000000000002,0.542,-0.1,0.54,4.7,8.16,81.35999999999999,4.0,0.0,658.72,-0.682,1.1400000000000001,0.564,-0.576,-3.02,1.03,4.5,10.68,79.08,8.0,0.0,683.6800000000001
Sequence_455,GAPICGESCFTGKCYTVQCSCSWPVCTRN,-0.4606896551724138,0.22758620689655168,0.619655172413793,0.16724137931034483,-1.4689655172413794,1.4651724137931035,5.4655172413793105,8.713793103448275,88.95172413793104,43.0,6.0,4161.599999999999,-0.356,0.27999999999999997,0.532,0.15,-0.9400000000000001,0.74,4.5,8.76,77.08,6.0,1.0,633.72,-0.548,0.44000000000000006,0.584,0.32999999999999996,-2.3200000000000003,2.61,6.4,8.76,98.88,8.0,2.0,758.8800000000001
Sequence_437,ALLHHGLNCAKGVLA,-0.12266666666666666,-0.013333333333333272,0.7413333333333332,0.5479999999999999,-0.2066666666666667,1.3026666666666666,5.266666666666667,8.553333333333335,90.40666666666668,14.0,0.0,2058.3,0.09399999999999997,0.38000000000000006,0.784,0.5900000000000001,0.7600000000000001,0.508,4.7,8.620000000000001,85.2,2.0,-2.0,645.6899999999999,0.052000000000000025,-1.2,0.724,1.1179999999999999,-0.2600000000000001,1.9259999999999997,5.4,7.919999999999999,94.32000000000001,4.0,0.0,725.8100000000001
Sequence_432,RNKLAYNMGHYAGKATIFGLAAWALLA,0.020740740740740744,-0.39259259259259266,0.6622222222222219,0.7262962962962963,0.4851851851851852,0.7525925925925925,4.62962962962963,8.099999999999998,80.06666666666666,15.0,1.0,3313.7200000000016,-0.11800000000000006,0.039999999999999994,0.6559999999999999,0.768,-0.47999999999999987,1.024,5.3,8.600000000000001,85.04,3.0,1.0,636.74,0.396,-1.38,0.756,1.348,2.2600000000000002,1.012,4.6,6.56,85.08000000000001,1.0,0.0,621.7099999999999
seq_273,VLLNKARLAGFKTLRNCYRSTFKKHYHKTT,-0.13766666666666666,-0.17333333333333342,0.6589999999999999,0.6403333333333332,-0.4366666666666667,0.9253333333333331,5.233333333333333,8.433333333333334,85.12666666666664,23.0,1.0,3993.4500000000003,0.06599999999999999,-0.9,0.8240000000000001,1.294,0.19999999999999982,2.4099999999999997,6.2,7.5,107.28,4.0,1.0,767.93,-0.16799999999999998,0.039999999999999994,0.6279999999999999,0.484,-0.78,0.5439999999999999,5.2,9.16,80.82000000000001,4.0,-1.0,657.68
Sequence_330,GIMDSVKNVAKNIAGQLLDKLKCKITGC,-0.23071428571428568,-0.25357142857142867,0.6424999999999998,0.46321428571428575,-1.1107142857142853,1.3249999999999997,5.142857142857143,8.849999999999998,87.1892857142857,31.0,4.0,3845.2199999999993,-0.18,-0.22000000000000003,0.5900000000000001,0.21800000000000003,-0.8800000000000001,0.25,4.0,9.040000000000001,71.72,5.0,0.0,589.6,-0.5740000000000001,0.45999999999999996,0.512,-0.23199999999999998,-2.46,1.03,5.0,9.8,79.63999999999999,8.0,1.0,669.7
Sequence_217,GFKDWIKGAAKKLIKTVAANIANQ,-0.12083333333333333,-0.40833333333333327,0.5758333333333331,0.5695833333333332,-0.8166666666666663,1.2116666666666667,4.541666666666667,8.783333333333333,79.32083333333333,18.0,2.0,3085.3200000000006,-0.33399999999999996,-0.6799999999999999,0.692,0.36000000000000004,-1.8,1.552,5.4,8.84,88.36,6.0,0.0,735.77,-0.23600000000000004,0.6,0.516,0.366,-0.7200000000000001,1.468,4.7,8.98,82.6,4.0,2.0,621.73
seq_312,VLLNKARLAGFNTLRNCYRHNFKKHYHKHS,-0.22100000000000003,0.2833333333333333,0.6763333333333333,0.4783333333333334,-0.7533333333333334,1.2063333333333337,5.333333333333333,8.800000000000004,87.59666666666664,25.0,1.0,4067.5700000000006,0.06599999999999999,-0.9,0.8240000000000001,1.294,0.19999999999999982,2.4099999999999997,6.2,7.5,107.28,4.0,1.0,767.93,-0.272,0.86,0.6699999999999999,0.12599999999999997,-1.3599999999999999,0.7979999999999999,4.8,10.020000000000001,80.26,4.0,-2.0,671.66
seq_29,VLLNKARLAGFKTLRNCYRGNFKKNYHHQC,-0.23233333333333336,0.09666666666666665,0.6819999999999999,0.5279999999999999,-0.6666666666666666,1.2450000000000003,5.566666666666666,8.54666666666667,90.54333333333331,28.0,4.0,4153.760000000001,0.06599999999999999,-0.9,0.8240000000000001,1.294,0.19999999999999982,2.4099999999999997,6.2,7.5,107.28,4.0,1.0,767.93,-0.37,1.0,0.7000000000000001,0.03599999999999994,-0.9,0.998,5.8,9.24,95.5,6.0,-1.0,750.8
seq_165,VLLNKARLAGFNTLRNCYRHHFKKHYHKHY,-0.17833333333333334,0.2233333333333333,0.6839999999999999,0.5216666666666667,-0.5733333333333334,1.1263333333333334,5.333333333333333,8.723333333333336,87.9233333333333,23.0,-1.0,4080.5700000000006,0.06599999999999999,-0.9,0.8240000000000001,1.294,0.19999999999999982,2.4099999999999997,6.2,7.5,107.28,4.0,1.0,767.93,-0.11200000000000002,0.5,0.716,0.42400000000000004,-0.36,0.7979999999999999,5.2,9.360000000000001,86.3,3.0,-2.0,683.7199999999999
seq_98,VLLNKARLAGFNTLRNTYRSNFKKNYHKQC,-0.18133333333333335,-0.013333333333333345,0.6709999999999998,0.6293333333333333,-0.46333333333333326,1.201666666666667,5.45,8.406666666666668,88.79999999999998,25.0,5.0,4056.6800000000003,0.06599999999999999,-0.9,0.8240000000000001,1.294,0.19999999999999982,2.4099999999999997,6.2,7.5,107.28,4.0,1.0,767.93,-0.32599999999999996,0.3,0.704,0.31599999999999995,-0.8400000000000001,1.034,6.0,8.860000000000001,96.94000000000001,6.0,0.0,758.8299999999999
Sequence_474,GVVTDLLNTAGGLLGNLVGSLSG,-0.09217391304347824,-0.6217391304347828,0.7391304347826084,0.7769565217391307,-0.40000000000000013,1.5491304347826087,5.543478260869565,8.186956521739129,93.35217391304347,25.0,2.0,3238.6500000000005,-0.154,-1.3599999999999999,0.6679999999999999,0.9800000000000001,-1.9,3.022,6.0,8.3,101.47999999999999,7.0,0.0,805.87,-0.23399999999999999,-0.16,0.688,0.296,-0.82,0.5,4.7,8.919999999999998,78.24,6.0,0.0,633.65
Sequence_689,KYYGNGVTCGKHSCSVNWGQAFSCSVSHLANFGHGKC,-0.4024324324324324,0.21621621621621623,0.6608108108108106,0.20216216216216212,-1.491891891891892,1.6843243243243247,5.4324324324324325,9.01081081081081,89.61351351351351,50.0,4.0,5308.76,-0.22199999999999998,-0.05999999999999996,0.716,0.5700000000000001,-0.43999999999999995,1.274,5.8,8.8,91.38,5.0,1.0,681.8,-0.8320000000000001,1.1800000000000002,0.684,-0.532,-3.6399999999999997,1.534,6.1,10.84,93.02000000000001,10.0,0.0,768.79
seq_131,VLLNKARLAGFKTLRNCYRGTFKKNYKKTM,-0.137,-0.34,0.6806666666666666,0.7316666666666667,-0.37999999999999995,1.053,5.45,8.256666666666668,88.23333333333332,24.0,4.0,4053.65,0.06599999999999999,-0.9,0.8240000000000001,1.294,0.19999999999999982,2.4099999999999997,6.2,7.5,107.28,4.0,1.0,767.93,0.018000000000000006,-0.9400000000000001,0.728,1.04,0.17999999999999988,0.58,5.5,8.040000000000001,88.41999999999999,3.0,0.0,677.76
seq_403,VLLNKARLAGFKTLRNMYRGTFKKNYHKNC,-0.175,-0.11000000000000008,0.6859999999999999,0.6486666666666666,-0.49666666666666676,1.1693333333333333,5.483333333333333,8.410000000000002,89.1233333333333,25.0,4.0,4072.6900000000005,0.06599999999999999,-0.9,0.8240000000000001,1.294,0.19999999999999982,2.4099999999999997,6.2,7.5,107.28,4.0,1.0,767.93,-0.6679999999999999,1.4,0.7,-0.258,-2.18,1.768,6.1,10.080000000000002,95.18000000000002,8.0,1.0,739.8299999999999
Sequence_250,RIWVIRWR,0.065,-0.9999999999999999,0.3975,1.175,-1.1375000000000002,2.1312499999999996,4.8125,7.4750000000000005,82.65,3.0,0.0,1062.15,0.128,-1.14,0.352,1.08,-0.9200000000000002,2.3979999999999997,4.1,7.5200000000000005,79.56,2.0,0.0,650.7,0.082,-1.14,0.42400000000000004,1.32,-1.1600000000000001,2.3979999999999997,5.1,7.3199999999999985,87.02000000000001,2.0,0.0,690.76
seq_368,VLLNKARLAGFKTLRNCYKANFKKHYHKTC,-0.215,0.00999999999999998,0.6819999999999999,0.5200000000000001,-0.6366666666666667,1.1776666666666666,5.383333333333334,8.630000000000003,88.0533333333333,27.0,3.0,4099.63,0.06599999999999999,-0.9,0.8240000000000001,1.294,0.19999999999999982,2.4099999999999997,6.2,7.5,107.28,4.0,1.0,767.93,-0.484,0.72,0.6639999999999999,-0.040000000000000036,-1.54,1.034,5.7,9.540000000000001,88.4,7.0,0.0,712.76
seq_97,VLLNKARLAGFNTFRNTYRSNFKKNYHKHC,-0.24533333333333335,0.19666666666666666,0.6569999999999999,0.4766666666666665,-0.74,1.2440000000000004,5.316666666666666,8.653333333333334,86.70333333333332,26.0,4.0,4028.6000000000004,0.06599999999999999,-0.9,0.8240000000000001,1.294,0.19999999999999982,2.4099999999999997,6.2,7.5,107.28,4.0,1.0,767.93,-0.5720000000000001,1.4,0.7,-0.29600000000000004,-2.1,1.2879999999999998,5.7,10.280000000000001,91.1,7.0,-1.0,740.77
Sequence_417,FFSLIPSLIGGLVFAIK,0.08058823529411763,-0.7705882352941176,0.5905882352941175,0.7488235294117649,0.6352941176470587,0.6399999999999999,3.911764705882353,7.535294117647059,75.68235294117646,8.0,0.0,2082.35,0.14200000000000002,-0.7,0.558,0.534,1.6599999999999997,0.0,3.0,6.88,65.96000000000001,1.0,0.0,553.6299999999999,0.08399999999999999,-1.08,0.508,0.858,-0.039999999999999945,1.6759999999999997,3.8,7.68,76.9,2.0,0.0,644.71
Sequence_85,ILKKWPWWPWRRK,0.01153846153846154,-1.1615384615384616,0.6307692307692309,1.3399999999999999,-0.776923076923077,1.8915384615384612,5.769230769230769,7.507692307692309,93.95384615384616,7.0,0.0,1925.1600000000005,0.021999999999999995,-1.02,0.624,0.9560000000000001,-0.7200000000000001,1.5919999999999999,5.0,8.24,87.66,3.0,0.0,697.75,-0.052000000000000005,-0.82,0.5799999999999998,1.408,-1.1600000000000001,1.302,6.0,7.659999999999999,90.6,2.0,0.0,715.8199999999999
Sequence_572,GIFSKISGKAIKNLFIKGAKNVGKEVGIDVVRTGMDVVGCKIKGEC,-0.2806521739130434,-0.23478260869565226,0.5913043478260869,0.3839130434782609,-1.7217391304347827,1.6395652173913045,4.858695652173913,9.102173913043476,84.78260869565216,51.0,2.0,6384.809999999998,-0.22999999999999998,-0.2,0.506,0.162,-1.08,0.54,3.7,8.92,68.22,4.0,0.0,602.62,-0.682,1.1400000000000001,0.564,-0.576,-3.02,1.03,4.5,10.68,79.08,8.0,0.0,683.6800000000001
seq_225,VLLNKARLAGFKTLRNCYRGNFKKHYHKHC,-0.25000000000000006,0.1633333333333333,0.6819999999999999,0.4663333333333332,-0.8533333333333334,1.2133333333333336,5.483333333333333,8.753333333333336,89.12999999999997,28.0,2.0,4144.670000000001,0.06599999999999999,-0.9,0.8240000000000001,1.294,0.19999999999999982,2.4099999999999997,6.2,7.5,107.28,4.0,1.0,767.93,-0.5720000000000001,1.4,0.7,-0.29600000000000004,-2.1,1.2879999999999998,5.7,10.280000000000001,91.1,7.0,-1.0,740.77
seq_304,VLLNKARLSGFNTLRNTYRGNFKKHYHKHT,-0.185,0.08,0.6696666666666665,0.5786666666666666,-0.7100000000000001,1.124,5.366666666666666,8.693333333333335,87.11999999999996,24.0,1.0,4041.5400000000004,0.06599999999999999,-0.9,0.8240000000000001,1.294,0.19999999999999982,2.4099999999999997,6.2,7.5,107.28,4.0,1.0,767.93,-0.256,0.72,0.6639999999999999,0.22799999999999998,-1.34,0.7979999999999999,5.2,9.900000000000002,83.52000000000001,4.0,-2.0,685.6899999999999
Sequence_530,KRKKHRCRVYNNGMPTGMYRWC,-0.29954545454545456,-0.00454545454545453,0.6572727272727271,0.6409090909090909,-1.2863636363636364,1.4704545454545455,6.0,8.527272727272727,93.51363636363637,23.0,3.0,3156.61,-0.378,0.3,0.628,0.4720000000000001,-2.94,1.1239999999999999,5.7,10.3,86.79999999999998,4.0,-1.0,727.7399999999999,-0.148,-0.5199999999999999,0.696,0.82,0.1200000000000001,1.502,6.1,7.1,97.2,5.0,1.0,718.8399999999999
Sequence_172,SVPTSVYTLGIKILWSAYKHRKTIEKSFNKGFYH,-0.09352941176470587,-0.3264705882352942,0.6058823529411763,0.6235294117647059,-0.5382352941176471,1.0258823529411765,4.617647058823529,8.511764705882355,80.31470588235295,24.0,-2.0,4443.77,-0.014000000000000002,-0.9000000000000001,0.608,1.1079999999999999,-0.26000000000000006,1.386,4.8,7.619999999999999,82.82,4.0,0.0,682.7500000000001,-0.22599999999999998,0.040000000000000036,0.688,0.30799999999999994,-0.7,0.794,5.0,8.919999999999998,83.94,4.0,-1.0,686.74
Sequence_231,KWKLFKKLKVLTTGL,0.019999999999999997,-1.1333333333333335,0.752,1.0799999999999998,-0.17333333333333342,1.3659999999999999,5.666666666666667,7.840000000000001,94.63333333333335,11.0,0.0,2191.4500000000003,-0.0020000000000000087,-1.22,0.748,1.032,-0.14000000000000004,1.592,5.5,7.540000000000001,94.06,3.0,0.0,743.8299999999999,0.08200000000000002,-0.8400000000000001,0.744,0.9239999999999998,0.82,0.25,5.4,7.62,87.22,4.0,0.0,646.7299999999999
Sequence_289,LLGPVLGLVSNALGGLLKNI,0.04500000000000001,-0.7300000000000002,0.7574999999999998,1.01,0.36,1.3824999999999998,5.425,7.710000000000001,94.35999999999999,16.0,2.0,2777.2700000000004,0.27999999999999997,-1.6199999999999999,0.8400000000000001,1.716,1.3,1.636,6.0,6.4,105.35999999999999,3.0,0.0,761.94,0.023999999999999994,-0.21999999999999992,0.684,0.7739999999999999,0.3,1.024,4.9,8.22,87.46000000000001,3.0,1.0,638.76
seq_111,VLLNKARLAGFKTLRNTYRHHFKKNYHKTQ,-0.10133333333333334,-0.15333333333333338,0.6706666666666666,0.7249999999999999,-0.38999999999999996,1.008333333333333,5.333333333333333,8.450000000000001,87.41,20.0,0.0,4053.5500000000006,0.06599999999999999,-0.9,0.8240000000000001,1.294,0.19999999999999982,2.4099999999999997,6.2,7.5,107.28,4.0,1.0,767.93,-0.009999999999999986,-0.38,0.6679999999999999,0.8399999999999999,-0.08000000000000007,0.5439999999999999,5.5,8.48,89.36000000000001,3.0,-1.0,703.75
seq_22,VLLNKARLAGFNTLRNCYRHHFKKHYKKHC,-0.24766666666666667,0.25666666666666665,0.6819999999999999,0.4483333333333334,-0.8533333333333333,1.214,5.45,8.813333333333336,88.96333333333331,27.0,1.0,4145.650000000001,0.06599999999999999,-0.9,0.8240000000000001,1.294,0.19999999999999982,2.4099999999999997,6.2,7.5,107.28,4.0,1.0,767.93,-0.528,0.7,0.7040000000000001,-0.015999999999999924,-2.04,1.324,5.9,9.9,92.53999999999999,7.0,0.0,748.8
seq_171,VLLNKARLAGFKTLRNTYKSTFKKHYKKNY,-0.09533333333333333,-0.3433333333333334,0.6796666666666665,0.7520000000000001,-0.29666666666666675,1.020333333333333,5.266666666666667,8.386666666666668,86.30666666666667,21.0,2.0,4011.53,0.06599999999999999,-0.9,0.8240000000000001,1.294,0.19999999999999982,2.4099999999999997,6.2,7.5,107.28,4.0,1.0,767.93,-0.164,-0.2,0.7200000000000001,0.7420000000000001,-0.3799999999999999,1.314,5.8,8.78,91.82000000000001,4.0,1.0,690.8100000000001
seq_345,VLLNKARLAGFKTFRNTYRGTFKKNYHKNY,-0.14500000000000002,-0.1866666666666667,0.6593333333333332,0.672,-0.4233333333333333,1.0876666666666666,5.3,8.390000000000002,86.17333333333333,22.0,3.0,3993.5700000000006,0.06599999999999999,-0.9,0.8240000000000001,1.294,0.19999999999999982,2.4099999999999997,6.2,7.5,107.28,4.0,1.0,767.93,-0.20800000000000002,0.5,0.716,0.462,-0.44000000000000006,1.278,5.6,9.16,90.38000000000002,4.0,0.0,682.7799999999999
seq_73,VLLNKARLAGFNCLRNTYKGTFKKHYHHHC,-0.261,0.26666666666666666,0.6859999999999999,0.397,-0.8333333333333334,1.2073333333333334,5.433333333333334,8.83666666666667,88.80999999999996,29.0,1.0,4140.63,0.06599999999999999,-0.9,0.8240000000000001,1.294,0.19999999999999982,2.4099999999999997,6.2,7.5,107.28,4.0,1.0,767.93,-0.616,2.1,0.6960000000000001,-0.576,-2.16,1.252,5.5,10.66,89.66,7.0,-2.0,732.74
Sequence_368,QLINSPVTCMSYGGSCQRSCNGGFRLGGHCGHPKIRCCRRK,-0.3951219512195121,0.30000000000000004,0.6204878048780486,0.25902439024390234,-1.4000000000000004,1.0526829268292686,5.487804878048781,8.824390243902437,87.690243902439,52.0,6.0,5695.330000000001,0.027999999999999935,-0.19999999999999996,0.586,0.7279999999999999,0.43999999999999984,0.734,4.5,7.9799999999999995,82.43999999999998,3.0,1.0,622.71,-0.8119999999999999,1.1,0.556,-0.23200000000000004,-3.0799999999999996,1.27,6.4,9.48,91.46,9.0,2.0,733.8199999999999
Sequence_43,YAFGYPS,0.09714285714285717,-0.7571428571428571,0.6642857142857144,0.8914285714285713,1.4714285714285713,0.17857142857142858,4.357142857142857,7.257142857142857,76.2,3.0,0.0,844.99,0.13600000000000004,-0.86,0.6679999999999999,0.7659999999999999,1.8399999999999999,0.25,4.3,7.18,76.16,2.0,0.0,590.6899999999999,-0.021999999999999974,-0.6599999999999999,0.674,0.8139999999999998,0.86,0.25,4.6,7.359999999999999,79.14,3.0,0.0,638.7500000000001
seq_216,VLLNKARLAGFKTLRNTYRGNFKKHYHHHV,-0.13366666666666666,-0.046666666666666724,0.6759999999999999,0.6636666666666665,-0.6166666666666667,1.2749999999999997,5.35,8.583333333333336,88.5033333333333,22.0,-1.0,4111.600000000001,0.06599999999999999,-0.9,0.8240000000000001,1.294,0.19999999999999982,2.4099999999999997,6.2,7.5,107.28,4.0,1.0,767.93,-0.18999999999999997,0.82,0.7,0.364,-1.44,2.148,5.4,9.64,94.92,4.0,-3.0,762.78
Sequence_460,SVLGTVKDLLIGAGKSAAQSVLTTLSCKLSNSC,-0.1096969696969697,-0.4878787878787878,0.6696969696969696,0.6369696969696969,-0.34242424242424246,1.1351515151515152,4.984848484848484,8.287878787878785,85.24242424242425,33.0,3.0,4425.81,-0.005999999999999994,-1.02,0.686,0.9620000000000001,-0.28,1.636,5.3,7.779999999999999,90.64,5.0,0.0,705.77,-0.53,0.96,0.688,-0.15000000000000005,-1.1,1.224,5.2,9.08,85.2,8.0,2.0,661.74
Sequence_497,RLKELITTGGQKIGEKIRRIGQRIKDFFKNLQPREEKS,-0.1471052631578947,-0.09736842105263159,0.576578947368421,0.5210526315789474,-1.0,0.4571052631578947,4.552631578947368,8.910526315789474,78.77368421052633,25.0,-3.0,4901.190000000001,0.05399999999999998,-0.21999999999999997,0.772,0.8879999999999999,0.13999999999999996,0.29,5.0,8.360000000000001,87.58,2.0,-1.0,665.7299999999999,-0.434,1.16,0.6220000000000001,-0.10999999999999999,-2.5200000000000005,0.29,3.9,10.719999999999999,71.44,4.0,-2.0,641.58
seq_106,VLLNKARLSGFKTLRNCYRSNYKKHYKKHL,-0.1456666666666667,-0.1,0.6939999999999998,0.6693333333333331,-0.48333333333333334,1.0959999999999999,5.433333333333334,8.520000000000001,88.60999999999997,24.0,2.0,4080.6100000000006,0.06599999999999999,-0.9,0.8240000000000001,1.294,0.19999999999999982,2.4099999999999997,6.2,7.5,107.28,4.0,1.0,767.93,-0.030000000000000006,-0.26,0.772,0.784,-0.24000000000000005,0.834,5.5,8.84,91.11999999999999,3.0,-1.0,705.77
Sequence_636,RLKRMTPFWRGVSLRPVGASCRDNSECITMLCRKNRCFLRTASE,-0.21909090909090911,-0.04318181818181823,0.6272727272727271,0.5590909090909089,-0.7568181818181817,0.9422727272727273,5.1477272727272725,8.313636363636364,84.47272727272728,40.0,4.0,5859.54,0.144,-0.82,0.6839999999999999,1.3679999999999999,0.3799999999999999,0.29,5.6,7.3,88.62,1.0,0.0,647.7599999999999,-0.196,0.48,0.534,0.24,-0.96,0.0,3.7,9.38,64.14000000000001,3.0,-1.0,561.5300000000001
seq_92,VLLNKARLAGFKTLRNCYRATFKKHYHKHM,-0.11166666666666668,-0.13333333333333336,0.6806666666666666,0.6656666666666665,-0.29333333333333333,0.9676666666666665,5.233333333333333,8.396666666666668,86.52666666666664,21.0,0.0,4017.5100000000007,0.06599999999999999,-0.9,0.8240000000000001,1.294,0.19999999999999982,2.4099999999999997,6.2,7.5,107.28,4.0,1.0,767.93,-0.11400000000000002,0.44000000000000006,0.76,0.5039999999999999,-0.44000000000000006,0.7979999999999999,5.3,9.16,89.68,3.0,-2.0,697.7399999999999
Sequence_554,FLSLIPTAINAVSALAKHF,0.07368421052631578,-0.4421052631578948,0.6042105263157893,0.7363157894736843,0.6842105263157895,0.7010526315789473,3.973684210526316,7.847368421052631,74.81052631578947,8.0,0.0,2273.54,0.27999999999999997,-0.86,0.638,0.8379999999999999,2.0599999999999996,0.0,3.5,6.8199999999999985,72.70000000000002,1.0,0.0,563.6499999999999,-6.938893903907228e-18,-0.15999999999999998,0.7080000000000001,0.5660000000000001,0.41999999999999993,0.5439999999999999,4.4,8.3,79.9,2.0,-1.0,643.6999999999999
Sequence_209,QETCHDLIMKRDCDEATCVNMCQQKWKGSGGSCFQNFNVMSCICNFPCQV,-0.3898000000000001,0.15599999999999997,0.6630000000000001,0.24399999999999994,-1.236,1.3900000000000003,5.49,8.687999999999999,91.89999999999998,67.0,9.0,7257.049999999995,-0.534,1.22,0.664,-0.24800000000000005,-1.8800000000000001,0.744,5.3,9.919999999999998,89.46000000000001,7.0,-1.0,738.7399999999999,-0.096,-1.0399999999999998,0.6960000000000001,1.116,0.36000000000000004,1.876,6.0,6.459999999999999,104.88,5.0,1.0,813.99
Sequence_275,GLPGKKNVLKKSRESSGKPGGTNKKPF,-0.2796296296296296,-0.18148148148148147,0.6877777777777777,0.6211111111111111,-1.466666666666667,1.1359259259259258,5.444444444444445,9.018518518518519,88.1740740740741,27.0,1.0,3827.23,-0.15799999999999997,-0.64,0.772,0.9,-0.76,0.79,5.9,8.459999999999999,94.2,5.0,0.0,727.8399999999999,-0.31999999999999995,-0.06000000000000001,0.6960000000000001,0.698,-1.1800000000000002,1.314,5.6,8.66,90.97999999999999,4.0,1.0,726.87
Sequence_608,GLLSFLPKVIGVIGHLIHPPS,0.034761904761904765,-0.5809523809523811,0.6476190476190475,0.8980952380952381,0.04285714285714272,1.0285714285714285,4.690476190476191,7.909523809523808,85.20476190476191,13.0,-2.0,2825.2000000000007,0.11000000000000001,-0.8200000000000001,0.774,0.7939999999999999,1.44,0.25,4.6,7.119999999999999,83.38,3.0,0.0,634.73,-0.039999999999999994,0.13999999999999999,0.554,0.8099999999999999,-0.18000000000000002,0.254,4.1,8.38,74.25999999999999,2.0,-1.0,625.71
Sequence_324,FTMKKSLLLIFFLGTISLSLCEQER,0.002399999999999991,-0.392,0.6755999999999999,0.6228,0.54,0.264,4.4,7.855999999999999,80.22000000000001,15.0,-1.0,3162.4800000000005,-0.082,-0.8400000000000001,0.7,0.8160000000000001,-0.16000000000000014,0.58,5.1,7.959999999999999,85.05999999999999,3.0,0.0,681.76,-0.5319999999999999,1.3,0.6519999999999999,-0.20000000000000004,-2.0599999999999996,0.49000000000000005,4.9,9.940000000000001,86.67999999999999,6.0,-1.0,720.7199999999999
seq_318,VLLNKARLAGFKTLRNTYRSHFKKHIKHTS,-0.11500000000000003,-0.10000000000000002,0.6346666666666665,0.618,-0.5600000000000002,0.8859999999999998,4.933333333333334,8.616666666666669,82.14333333333335,20.0,-1.0,3910.270000000001,0.06599999999999999,-0.9,0.8240000000000001,1.294,0.19999999999999982,2.4099999999999997,6.2,7.5,107.28,4.0,1.0,767.93,-0.26,0.48,0.48200000000000004,0.082,-1.72,0.5439999999999999,3.9,9.9,67.79999999999998,4.0,-1.0,601.57
Sequence_174,KKINNPVSCLRKGGRCWNRCIGNTRQIGSCGVPFLKCCKRK,-0.438780487804878,0.22926829268292678,0.6043902439024389,0.30439024390243913,-1.8487804878048784,1.5426829268292688,5.670731707317073,8.941463414634145,90.2780487804878,54.0,10.0,5858.599999999999,-0.5680000000000001,1.0,0.552,0.028000000000000025,-2.9200000000000004,2.048,5.3,10.48,86.06000000000002,6.0,2.0,677.77,-0.8779999999999999,1.0,0.624,-0.34400000000000003,-3.4,1.56,6.5,9.959999999999999,95.12,10.0,2.0,773.8499999999999
Sequence_291,GRRRSVQWCAVSQPEATKCFQWQRNMRKVRGPPVSCIKRDSPIQCIQA,-0.1202083333333333,-0.5166666666666667,0.5874999999999999,0.8533333333333332,-0.6645833333333332,1.2116666666666667,5.260416666666667,7.9416666666666655,88.16458333333334,39.0,4.0,6723.499999999998,-0.23200000000000004,0.1,0.458,0.6779999999999999,-1.8199999999999998,0.25,5.1,8.74,73.08,3.0,0.0,596.63,-0.025999999999999978,-0.5,0.52,0.6339999999999999,0.5,0.49000000000000005,4.7,7.6,85.16000000000001,4.0,1.0,668.74
Sequence_192,RDCRSQSKTFVGLCVSDTNCASVCLTEHFPGGKCDGYRRCFCTKDC,-0.4506521739130436,0.21956521739130433,0.6465217391304349,0.12695652173913047,-1.5739130434782609,1.1886956521739136,5.467391304347826,8.943478260869565,87.64130434782605,66.0,7.0,6515.089999999997,-0.5599999999999999,0.7,0.538,-0.05800000000000001,-2.4,0.49000000000000005,5.3,9.459999999999999,77.38,7.0,1.0,641.67,-0.9480000000000001,1.06,0.664,-0.728,-3.28,1.27,6.2,10.32,91.4,12.0,2.0,754.8
Sequence_134,YSRCQLQGFNCVVRSYGLPTIPCCRGLTCRSYFPGSTYGRCQRF,-0.20750000000000002,-0.240909090909091,0.6304545454545454,0.6061363636363635,-0.309090909090909,0.8745454545454546,5.443181818181818,7.854545454545454,88.09545454545452,45.0,7.0,6042.949999999998,-0.188,-0.13999999999999999,0.6060000000000001,0.582,0.020000000000000018,0.49000000000000005,5.5,7.760000000000001,87.32000000000001,5.0,1.0,676.76,-0.25000000000000006,-0.1,0.544,0.5959999999999999,-0.4800000000000001,0.49000000000000005,5.6,7.44,87.70000000000002,4.0,1.0,690.8
Sequence_168,FIMDLLGKIF,0.06599999999999999,-0.7499999999999999,0.64,0.6279999999999999,0.6799999999999999,0.27,4.05,7.6800000000000015,77.24999999999999,5.0,0.0,1219.3799999999999,0.16399999999999998,-0.8799999999999999,0.676,0.716,1.3800000000000001,0.0,3.9,7.24,76.86,2.0,0.0,590.68,-0.031999999999999994,-0.62,0.6040000000000001,0.5399999999999999,-0.020000000000000018,0.54,4.2,8.120000000000001,77.64000000000001,3.0,0.0,628.7
seq_200,VLLNKARLAGFKTLRNTYRGNFKKHYHKHT,-0.14466666666666667,-0.0633333333333334,0.6699999999999999,0.6409999999999999,-0.6,1.0499999999999998,5.316666666666666,8.626666666666669,86.6033333333333,22.0,0.0,4034.5100000000007,0.06599999999999999,-0.9,0.8240000000000001,1.294,0.19999999999999982,2.4099999999999997,6.2,7.5,107.28,4.0,1.0,767.93,-0.256,0.72,0.6639999999999999,0.22799999999999998,-1.34,0.7979999999999999,5.2,9.900000000000002,83.52000000000001,4.0,-2.0,685.6899999999999
Sequence_466,FLFSLIPHAISGLISAFK,0.05888888888888889,-0.39444444444444443,0.5772222222222221,0.5705555555555555,0.7055555555555555,0.22055555555555553,3.5555555555555554,7.877777777777776,69.65,7.0,-1.0,2073.27,0.256,-1.06,0.762,0.9139999999999999,2.6399999999999997,0.0,4.0,6.119999999999999,79.1,1.0,0.0,609.73,-0.042,-0.33999999999999997,0.47400000000000003,0.34,-0.020000000000000108,0.29,3.0,8.44,60.8,2.0,0.0,545.56
Sequence_93,KTCENLADTFRGPCFATSNCDDHCKNKEHLLSGRCRDDFRCWCTRNC,-0.5412765957446811,0.7212765957446806,0.6510638297872339,-0.09021276595744683,-1.848936170212766,1.036808510638298,5.425531914893617,9.425531914893618,85.6510638297872,68.0,8.0,6485.049999999997,-0.8320000000000001,1.6199999999999999,0.6639999999999999,-0.5419999999999999,-3.16,1.514,5.6,10.76,89.14000000000001,9.0,1.0,727.77,-0.974,1.72,0.5800000000000001,-0.6100000000000001,-3.04,1.714,6.5,9.780000000000001,93.62,11.0,3.0,728.8399999999999
Sequence_682,GVVDILKGAAKDLAGHLASKVMNKI,-0.07120000000000001,-0.5640000000000001,0.6587999999999998,0.6984,-0.7000000000000002,1.4112,4.84,8.648000000000001,85.20000000000002,21.0,0.0,3365.6400000000003,-0.086,-1.2799999999999998,0.568,0.8760000000000001,-1.8400000000000003,3.022,5.1,8.379999999999999,94.5,6.0,0.0,761.8199999999999,-0.08800000000000001,-0.54,0.6119999999999999,0.914,-0.9200000000000002,2.4099999999999997,5.2,8.2,94.14,4.0,1.0,711.8299999999999
Sequence_634,FLPLLASLFSRLF,0.28384615384615386,-1.0153846153846153,0.7446153846153846,1.1484615384615386,2.346153846153846,0.0,4.346153846153846,6.361538461538462,80.66153846153846,2.0,0.0,1582.9099999999999,0.49800000000000005,-1.5399999999999998,0.892,1.6960000000000002,3.5799999999999996,0.0,5.1,5.359999999999999,94.4,0.0,0.0,663.8699999999999,0.09599999999999999,-0.7,0.63,0.7739999999999999,1.42,0.0,4.0,6.68,73.41999999999999,1.0,0.0,593.6899999999999
Sequence_319,ESDTVTCRKMKGKCSFLLCPFFKRSSGTCYNGLAKCCRPFW,-0.34878048780487797,0.019512195121951216,0.6653658536585365,0.3185365853658536,-0.9658536585365854,1.008780487804878,5.329268292682927,8.499999999999998,86.64146341463412,49.0,6.0,5693.339999999999,-0.28600000000000003,-0.05999999999999996,0.65,0.266,-1.8800000000000001,1.386,4.5,9.559999999999999,81.12,6.0,-1.0,693.6700000000001,-0.302,-0.31999999999999995,0.6279999999999999,0.696,-0.5999999999999999,1.502,5.8,7.18,92.97999999999999,5.0,1.0,740.8799999999999
seq_397,VLLNKARLAGFKTLRNTYKGNFKKHYKKTL,-0.10333333333333333,-0.35666666666666674,0.6933333333333332,0.7576666666666667,-0.3766666666666667,1.0619999999999998,5.383333333333334,8.406666666666668,88.02999999999999,22.0,2.0,4066.61,0.06599999999999999,-0.9,0.8240000000000001,1.294,0.19999999999999982,2.4099999999999997,6.2,7.5,107.28,4.0,1.0,767.93,0.057999999999999996,-0.9400000000000001,0.736,1.04,0.31999999999999995,0.58,5.5,8.100000000000001,88.41999999999999,3.0,0.0,677.76
seq_258,VLLNKARLAGFNTLRNTYRHNFKKHYHHHT,-0.173,0.26333333333333336,0.6686666666666666,0.5359999999999998,-0.6333333333333333,1.1186666666666667,5.283333333333333,8.780000000000003,86.63666666666661,22.0,-1.0,4018.4900000000007,0.06599999999999999,-0.9,0.8240000000000001,1.294,0.19999999999999982,2.4099999999999997,6.2,7.5,107.28,4.0,1.0,767.93,-0.29999999999999993,1.42,0.66,-0.052000000000000005,-1.4,0.762,5.0,10.280000000000001,82.08,4.0,-3.0,677.66
seq_283,VLLNKARLAGFNTLRNCYRGNFKKHYHHHC,-0.28066666666666673,0.39666666666666667,0.6806666666666666,0.37933333333333336,-0.8866666666666667,1.2813333333333337,5.483333333333333,8.84666666666667,89.32999999999996,29.0,2.0,4127.670000000001,0.06599999999999999,-0.9,0.8240000000000001,1.294,0.19999999999999982,2.4099999999999997,6.2,7.5,107.28,4.0,1.0,767.93,-0.616,2.1,0.6960000000000001,-0.576,-2.16,1.252,5.5,10.66,89.66,7.0,-2.0,732.74
seq_232,VLLNKARLAGFNTLRNTYKSNFKKHYHKHC,-0.21733333333333335,0.15333333333333332,0.6816666666666665,0.5023333333333332,-0.7133333333333334,1.2123333333333335,5.35,8.756666666666668,87.75666666666665,26.0,2.0,4079.59,0.06599999999999999,-0.9,0.8240000000000001,1.294,0.19999999999999982,2.4099999999999997,6.2,7.5,107.28,4.0,1.0,767.93,-0.5720000000000001,1.4,0.7,-0.29600000000000004,-2.1,1.2879999999999998,5.7,10.280000000000001,91.1,7.0,-1.0,740.77
seq_237,VLLNKARLAGFNTLRNCYRSHFKKHYHKHD,-0.20566666666666666,0.19,0.6789999999999999,0.4773333333333334,-0.74,1.0839999999999999,5.266666666666667,8.810000000000002,86.61666666666663,25.0,0.0,4053.5000000000005,0.06599999999999999,-0.9,0.8240000000000001,1.294,0.19999999999999982,2.4099999999999997,6.2,7.5,107.28,4.0,1.0,767.93,-0.34800000000000003,0.8400000000000001,0.716,0.003999999999999981,-1.9,0.7979999999999999,5.2,10.500000000000002,84.42,5.0,-2.0,698.6899999999999
Sequence_51,GKNGVFKTISHECHLNTWAFLATCCS,-0.388076923076923,0.40384615384615385,0.6369230769230769,0.0907692307692308,-1.3038461538461534,1.3315384615384613,5.019230769230769,9.073076923076922,84.44615384615385,32.0,2.0,3555.82,-0.502,-0.09999999999999991,0.6880000000000001,0.44600000000000006,-3.0,2.91,6.4,9.620000000000001,102.36000000000001,8.0,1.0,797.89,-0.742,1.0799999999999998,0.5820000000000001,-0.6000000000000001,-1.7400000000000002,0.9800000000000001,5.1,9.38,79.38,10.0,2.0,661.6999999999999
Sequence_57,FLPILASLAAKLGPKLFCLVTKKC,0.000416666666666667,-0.6749999999999999,0.7104166666666664,0.8433333333333333,0.5458333333333335,0.7866666666666666,4.958333333333333,7.633333333333334,86.46250000000002,17.0,2.0,3213.7199999999993,0.384,-1.18,0.688,1.316,2.6,0.0,4.1,6.119999999999999,81.26,0.0,0.0,607.77,-0.47400000000000003,-0.36,0.6559999999999999,0.4600000000000001,-2.5,2.4559999999999995,6.3,9.059999999999999,99.9,8.0,1.0,807.8799999999999
Sequence_567,ILGPVIGTIGNVLGGLLKNL,-0.05499999999999998,-0.5500000000000003,0.6619999999999999,0.8009999999999999,-0.3900000000000001,1.4449999999999998,5.2,8.18,90.46000000000001,18.0,2.0,2736.1600000000003,0.166,-1.2600000000000002,0.6360000000000001,1.3359999999999999,0.31999999999999995,1.636,5.0,7.159999999999999,92.22,3.0,0.0,705.84,0.13799999999999998,-0.5799999999999998,0.8880000000000001,1.154,1.28,1.024,5.9,7.460000000000001,100.6,3.0,1.0,694.86
Sequence_587,RECQSQSHRYKGACVHDTNCASVCQTEGFSGGKCVGFRGRCFCTKHC,-0.47276595744680866,0.3978723404255318,0.6285106382978722,0.0644680851063829,-1.748936170212766,1.270638297872341,5.414893617021277,9.127659574468083,87.85319148936169,66.0,4.0,6727.189999999997,-0.44000000000000006,0.76,0.6060000000000001,0.04199999999999995,-1.52,0.49000000000000005,5.0,9.180000000000001,83.97999999999999,6.0,0.0,692.7099999999999,-0.944,1.6199999999999999,0.648,-0.76,-3.28,1.524,6.2,10.459999999999999,93.2,11.0,1.0,769.81
Sequence_360,GLKDIFKAGLGSLVKNIAAHVAN,-0.11739130434782608,-0.28695652173913044,0.636086956521739,0.5534782608695652,-0.6565217391304348,1.3291304347826087,4.673913043478261,8.72608695652174,82.5391304347826,19.0,1.0,3010.2900000000013,-0.16799999999999998,-0.38,0.632,0.344,-1.2200000000000002,0.54,4.6,9.34,79.12,5.0,0.0,639.6700000000001,-0.17,0.32,0.62,0.522,-0.9400000000000001,2.3739999999999997,4.8,9.040000000000001,86.08000000000001,4.0,0.0,675.74
Sequence_1,LLKELWTKIKGAGKAVLGKIKGLL,-0.019583333333333324,-0.7125,0.6974999999999998,0.8008333333333332,-0.4083333333333334,1.0704166666666666,5.020833333333333,8.458333333333334,87.13333333333334,18.0,-1.0,3268.5500000000006,0.21400000000000002,-0.5799999999999998,0.9039999999999999,1.0279999999999998,1.3599999999999999,0.29,5.0,7.8,93.25999999999999,2.0,-1.0,681.77,0.10600000000000001,-0.78,0.6839999999999999,0.844,0.38000000000000006,0.54,4.7,8.06,84.38,3.0,0.0,638.7199999999999
Sequence_647,LKWLKKLLKKL,0.15181818181818182,-1.2545454545454546,0.8454545454545453,1.3000000000000003,0.47272727272727266,1.119090909090909,5.863636363636363,7.654545454545456,98.69999999999999,6.0,0.0,1612.8400000000001,0.136,-1.38,0.828,1.336,0.25999999999999995,1.592,6.0,7.4799999999999995,100.8,3.0,0.0,753.8499999999999,0.278,-1.2799999999999998,0.8920000000000001,1.3959999999999997,1.42,0.58,5.7,7.280000000000001,97.96,2.0,0.0,703.8299999999999
Sequence_350,KTKLTEEEKNRLNFLKKISQRYQKFALPQYLKTVYQHQK,0.008205128205128203,-0.5153846153846153,0.6869230769230767,0.9107692307692307,0.07692307692307704,0.6958974358974358,5.141025641025641,8.128205128205126,88.31794871794872,21.0,-2.0,5365.959999999999,-0.08600000000000002,-0.72,0.6839999999999999,0.8440000000000001,-0.6600000000000001,0.58,5.5,8.64,85.64,4.0,0.0,679.7299999999999,0.14799999999999996,-0.8,0.708,1.196,0.6199999999999999,0.5439999999999999,5.8,7.8,97.9,2.0,-1.0,749.82
seq_239,VLLNKARLAGFKTLRNCYKANFKKNYHHNC,-0.269,0.23999999999999996,0.6873333333333332,0.44333333333333336,-0.7666666666666667,1.374,5.483333333333333,8.750000000000004,89.62333333333329,29.0,5.0,4117.7300000000005,0.06599999999999999,-0.9,0.8240000000000001,1.294,0.19999999999999982,2.4099999999999997,6.2,7.5,107.28,4.0,1.0,767.93,-0.712,2.1,0.6960000000000001,-0.538,-2.2399999999999998,1.732,5.9,10.46,93.74000000000001,8.0,0.0,731.8
seq_297,VLLNKARLAGFKTLRNCYRHNFKKHYHKHY,-0.171,0.10666666666666665,0.6846666666666666,0.5683333333333332,-0.5633333333333334,1.1323333333333332,5.366666666666666,8.660000000000002,88.16333333333331,23.0,0.0,4088.600000000001,0.06599999999999999,-0.9,0.8240000000000001,1.294,0.19999999999999982,2.4099999999999997,6.2,7.5,107.28,4.0,1.0,767.93,-0.11200000000000002,0.5,0.716,0.42400000000000004,-0.36,0.7979999999999999,5.2,9.360000000000001,86.3,3.0,-2.0,683.7199999999999
Sequence_233,EALYNSEDLYEETSDSDD,-0.26166666666666666,0.5111111111111111,0.7183333333333332,0.013888888888888888,-0.8777777777777778,0.2038888888888889,4.138888888888889,9.788888888888886,74.67777777777779,18.0,-3.0,2227.19,-0.06000000000000001,0.44000000000000006,0.748,0.4600000000000001,0.62,0.734,4.5,8.7,82.64000000000001,3.0,0.0,616.7,-0.4880000000000001,0.24,0.6679999999999999,-0.356,-2.42,0.0,4.2,10.639999999999999,67.38,8.0,0.0,606.54
Sequence_559,GIGCGESCVWIPCVSAAIGCSCSNKICYRN,-0.5016666666666666,0.5199999999999999,0.5593333333333331,-0.06333333333333338,-1.8433333333333328,1.5803333333333336,4.933333333333334,9.22,83.24333333333333,45.0,7.0,4080.420000000001,-0.7339999999999999,0.72,0.544,-0.552,-3.08,1.24,5.2,10.2,82.89999999999999,10.0,1.0,687.7199999999999,-0.44600000000000006,0.9,0.496,0.005999999999999983,-1.24,1.224,5.1,8.940000000000001,81.83999999999999,6.0,2.0,627.74
Sequence_292,GGAGHVPEYFVGIGTPISFYG,-0.1395238095238095,-0.37142857142857144,0.609047619047619,0.5561904761904761,-0.6238095238095239,1.0776190476190475,4.619047619047619,8.438095238095238,81.6952380952381,18.0,-2.0,2804.0700000000006,-0.488,0.62,0.648,-0.15,-2.44,1.004,5.1,10.38,81.28,7.0,-1.0,674.67,-0.04199999999999998,-0.4,0.518,0.334,0.4,0.25,3.5,8.02,66.86,3.0,0.0,564.61
Sequence_413,GIFLDKLKNFAKGVAQSLLNKASCKLSGQC,-0.166,-0.32333333333333336,0.6869999999999997,0.5366666666666666,-0.4,1.0056666666666665,5.083333333333333,8.41333333333333,86.71,29.0,4.0,4077.53,-0.07999999999999999,-0.48,0.616,0.292,-0.07999999999999999,0.25,4.0,8.36,74.4,4.0,0.0,605.66,-0.274,-0.15999999999999998,0.722,0.37799999999999995,-0.3,0.74,5.7,8.12,93.92,7.0,1.0,721.8
Sequence_61,HRHQGPIFDTRPSPFNPNQPRPGPIY,-0.08192307692307692,-0.19615384615384615,0.6080769230769228,0.9265384615384614,-0.1653846153846153,0.4761538461538461,5.096153846153846,7.953846153846152,84.13846153846154,14.0,0.0,3465.100000000001,-0.278,0.74,0.62,0.352,-1.86,0.758,5.6,9.66,89.32,4.0,-2.0,720.7299999999999,0.10600000000000002,-0.78,0.6,1.216,0.82,0.25,4.7,7.359999999999999,81.3,2.0,0.0,636.7900000000001
Sequence_303,FLPIAGKLLSGLSGLL,0.13125,-0.80625,0.7399999999999999,0.928125,1.09375,0.325,4.6875,7.487500000000001,83.60625,9.0,0.0,2025.3300000000002,0.288,-0.9199999999999999,0.588,1.0699999999999998,2.06,0.0,3.5,6.7,71.38000000000001,0.0,0.0,565.6899999999999,0.248,-0.9800000000000001,0.8539999999999999,1.098,1.8399999999999999,0.25,5.1,7.06,90.12,3.0,0.0,644.7499999999999
Sequence_245,GLLDVVKGAAKNLLASALDKLKCKVTGC,-0.13999999999999999,-0.5571428571428572,0.7296428571428569,0.6778571428571427,-0.5857142857142856,1.4414285714285715,5.428571428571429,8.45,91.35714285714286,30.0,3.0,3953.39,0.1,-1.3199999999999998,0.8360000000000001,1.116,0.22000000000000003,1.636,5.8,7.58,100.96,5.0,0.0,744.85,-0.532,-0.21999999999999992,0.652,0.288,-2.56,2.4159999999999995,6.3,9.08,99.46,9.0,1.0,798.8699999999999
Sequence_615,YQWQRRMRKL,0.24300000000000002,-1.2900000000000003,0.664,1.574,0.8800000000000001,0.651,5.85,6.7,94.58000000000001,2.0,0.0,1391.6100000000001,0.34199999999999997,-1.7600000000000002,0.644,1.78,1.3800000000000001,1.012,6.1,6.1,100.54,1.0,0.0,743.85,0.144,-0.82,0.6839999999999999,1.3679999999999999,0.3799999999999999,0.29,5.6,7.3,88.62,1.0,0.0,647.7599999999999
Sequence_316,VDKPDYRPRPRPPNM,-0.016666666666666673,-0.6866666666666669,0.6880000000000002,1.3646666666666663,-0.15333333333333332,0.8033333333333332,5.8,7.573333333333334,92.01333333333334,8.0,1.0,2109.59,-0.21000000000000002,-0.96,0.74,0.8880000000000001,-1.8400000000000003,1.6759999999999997,5.8,8.940000000000001,95.28,6.0,0.0,772.85,-0.02400000000000002,-0.28,0.716,1.466,0.41999999999999993,0.734,6.0,7.12,95.22,2.0,1.0,690.91
Sequence_492,GLNTLKKVFQGLHEAIKLINNHVQ,-0.10541666666666667,-0.16666666666666666,0.6724999999999999,0.6675,-0.5916666666666667,1.4275000000000002,5.166666666666667,8.579166666666667,90.8125,19.0,0.0,3366.7500000000005,-0.10200000000000001,-0.16000000000000003,0.78,0.706,0.18000000000000008,0.984,5.8,8.16,93.99999999999999,5.0,1.0,673.8,-0.36800000000000005,0.6199999999999999,0.6880000000000001,0.6,-1.8800000000000003,3.1079999999999997,6.5,9.100000000000001,108.83999999999999,6.0,1.0,808.94
seq_108,VLLNKARLAGFNTLRNCYRTTFKKNYHKTC,-0.227,0.03333333333333335,0.6633333333333333,0.5359999999999998,-0.5966666666666666,1.161,5.483333333333333,8.473333333333334,88.0533333333333,28.0,5.0,4052.6499999999996,0.06599999999999999,-0.9,0.8240000000000001,1.294,0.19999999999999982,2.4099999999999997,6.2,7.5,107.28,4.0,1.0,767.93,-0.484,0.72,0.6639999999999999,-0.040000000000000036,-1.54,1.034,5.7,9.540000000000001,88.4,7.0,0.0,712.76
seq_378,VLLNKARLAGFNTLRNTYRHNFKKNYHKNY,-0.17366666666666666,0.11,0.678,0.6279999999999999,-0.4866666666666666,1.2846666666666668,5.45,8.560000000000002,88.69999999999997,23.0,4.0,4022.6700000000005,0.06599999999999999,-0.9,0.8240000000000001,1.294,0.19999999999999982,2.4099999999999997,6.2,7.5,107.28,4.0,1.0,767.93,-0.20800000000000002,0.5,0.716,0.462,-0.44000000000000006,1.278,5.6,9.16,90.38000000000002,4.0,0.0,682.7799999999999
seq_71,VLLNKARLAGFNTLRNCYRGNFKKHYHKHT,-0.2206666666666667,0.16666666666666666,0.6753333333333332,0.5133333333333333,-0.75,1.2056666666666669,5.433333333333334,8.720000000000002,88.30666666666663,26.0,2.0,4080.6200000000003,0.06599999999999999,-0.9,0.8240000000000001,1.294,0.19999999999999982,2.4099999999999997,6.2,7.5,107.28,4.0,1.0,767.93,-0.256,0.72,0.6639999999999999,0.22799999999999998,-1.34,0.7979999999999999,5.2,9.900000000000002,83.52000000000001,4.0,-2.0,685.6899999999999
Sequence_259,IDWKKVDWKKVSKKTCKVMLKACKFL,-0.20192307692307693,-0.7653846153846154,0.6873076923076922,0.716923076923077,-1.3423076923076929,1.8792307692307697,5.5576923076923075,8.542307692307693,93.25384615384618,28.0,2.0,3887.2099999999996,-0.252,-0.6199999999999999,0.5720000000000001,0.45600000000000007,-2.3200000000000003,1.592,4.9,9.52,82.4,5.0,0.0,698.6999999999999,-0.22800000000000004,-0.16,0.708,0.29799999999999993,0.21999999999999992,0.78,4.9,7.94,84.78,5.0,1.0,670.7699999999999
Sequence_269,VFIDILDKMENAIHKAAQAGIGIAKPIENMILPKLTK,-0.05243243243243245,-0.2189189189189189,0.5848648648648647,0.5597297297297297,-0.36486486486486475,0.6835135135135133,4.135135135135135,8.7054054054054,76.57567567567568,22.0,-1.0,4572.960000000001,0.017999999999999988,-0.8400000000000001,0.41600000000000004,0.476,-0.5399999999999999,1.386,3.2,8.1,70.4,3.0,0.0,607.6499999999999,0.0019999999999999905,-0.9,0.74,1.2199999999999998,-0.14000000000000004,0.58,5.7,8.059999999999999,90.94000000000001,3.0,0.0,709.8199999999999
seq_391,VLLNKARLAGFKTLRNCYKSNFKKHYHKNT,-0.21000000000000002,0.03666666666666664,0.6823333333333331,0.5489999999999999,-0.7033333333333333,1.2183333333333333,5.383333333333334,8.693333333333335,87.99666666666664,26.0,3.0,4087.6200000000003,0.06599999999999999,-0.9,0.8240000000000001,1.294,0.19999999999999982,2.4099999999999997,6.2,7.5,107.28,4.0,1.0,767.93,-0.352,0.72,0.6639999999999999,0.266,-1.4200000000000002,1.278,5.6,9.700000000000001,87.60000000000001,5.0,0.0,684.7499999999999
Sequence_18,GTVPCGESCVFIPCITGIAGCSCKNKVCYIN,-0.4780645161290322,0.3483870967741935,0.5787096774193548,0.053870967741935484,-1.7322580645161287,1.6364516129032258,5.129032258064516,9.035483870967743,86.47741935483872,46.0,7.0,4352.829999999999,-0.4,-0.38000000000000006,0.668,0.6400000000000001,-1.5400000000000003,2.126,6.3,8.14,100.62,8.0,1.0,792.9200000000001,-0.358,0.22000000000000003,0.564,0.28600000000000003,-1.1,2.61,5.4,8.42,94.2,7.0,2.0,716.8500000000001
Sequence_665,GIINTLQKYYCRVRGGRCAVLTCLPKEEQIGKCSTRGRKCCRRKK,-0.3115555555555556,0.04666666666666669,0.6024444444444442,0.4157777777777778,-1.3444444444444446,1.048444444444445,5.4,8.791111111111109,86.97999999999999,50.0,5.0,6217.839999999998,-0.32999999999999996,0.56,0.372,-0.05399999999999998,-1.7799999999999998,0.984,3.8,9.68,67.72,5.0,1.0,561.5999999999999,-0.54,0.4,0.5599999999999999,0.31599999999999995,-2.8199999999999994,1.07,6.1,9.459999999999999,88.01999999999998,6.0,1.0,714.78
seq_334,VLLNKARLAGFNTLRNCYRGNFKKHYHHHC,-0.28066666666666673,0.39666666666666667,0.6806666666666666,0.37933333333333336,-0.8866666666666667,1.2813333333333337,5.483333333333333,8.84666666666667,89.32999999999996,29.0,2.0,4127.670000000001,0.06599999999999999,-0.9,0.8240000000000001,1.294,0.19999999999999982,2.4099999999999997,6.2,7.5,107.28,4.0,1.0,767.93,-0.616,2.1,0.6960000000000001,-0.576,-2.16,1.252,5.5,10.66,89.66,7.0,-2.0,732.74
Sequence_29,SLNVMRKGIRKQPVSSGKRGGVNDYDM,-0.14666666666666664,-0.5296296296296298,0.655185185185185,0.815925925925926,-1.0259259259259261,1.3881481481481484,5.444444444444445,8.429629629629632,89.88148148148149,25.0,2.0,3780.210000000001,0.05399999999999998,-0.74,0.7819999999999999,1.168,0.54,2.12,5.6,7.2,99.88,4.0,1.0,717.86,-0.26200000000000007,0.020000000000000018,0.788,0.32599999999999996,-0.5800000000000001,0.734,5.5,9.059999999999999,88.72,6.0,1.0,658.75
Sequence_243,GTQRCWNLYGKCRYRCSKKERVYVYCINNKMCCVKPKYQPKERWWPF,-0.2753191489361703,-0.17659574468085104,0.6614893617021276,0.6370212765957447,-1.0319148936170215,1.581489361702128,5.808510638297872,8.317021276595742,94.32553191489362,51.0,7.0,6906.859999999999,-0.418,0.05999999999999996,0.5840000000000001,0.33999999999999997,-1.5,0.74,6.1,8.559999999999999,91.5,7.0,1.0,719.79,0.054000000000000006,-1.38,0.632,1.4360000000000002,0.039999999999999945,2.024,5.7,6.319999999999999,94.4,2.0,0.0,747.87
Sequence_523,DYHHGVRVL,-0.06999999999999999,-0.41111111111111104,0.7044444444444447,0.828888888888889,-0.9666666666666668,1.961111111111111,5.666666666666667,8.511111111111113,96.25555555555555,8.0,-2.0,1344.46,-0.40599999999999997,0.9800000000000001,0.7120000000000001,-0.16799999999999998,-1.9600000000000002,0.758,5.2,10.52,83.97999999999999,6.0,-2.0,689.68,0.142,-1.6800000000000002,0.692,1.616,-0.4800000000000001,3.022,6.2,6.9,107.22,4.0,0.0,800.93
Sequence_214,RVCRRRSAGFKGVCMSDHNCAQVCLQEGYGGGNCDGIMRQCKCIRQC,-0.39851063829787226,0.17659574468085107,0.6263829787234041,0.2506382978723405,-1.4851063829787234,1.290425531914894,5.574468085106383,8.795744680851062,90.41702127659573,63.0,8.0,6698.389999999997,-0.32,-0.07999999999999999,0.492,0.82,-2.04,1.876,6.2,7.9799999999999995,93.06000000000002,5.0,1.0,723.83,-0.5640000000000001,0.7,0.484,-0.14000000000000007,-1.64,0.9800000000000001,5.5,8.64,88.4,8.0,2.0,703.79
Sequence_602,RRLCRIVWVIRVCRR,-0.11733333333333335,-0.5533333333333333,0.4893333333333334,0.9533333333333331,-1.2600000000000002,2.05,5.5,7.640000000000001,90.45333333333332,12.0,2.0,2114.4,-0.248,0.24,0.5559999999999999,0.6799999999999999,-0.9600000000000002,0.49000000000000005,5.9,7.94,86.38,4.0,1.0,650.7599999999999,-0.32,-0.07999999999999999,0.492,0.82,-2.04,1.876,6.2,7.9799999999999995,93.06000000000002,5.0,1.0,723.83
seq_119,VLLNKARLAGFKTLRNCYRGNFKKHYHKHS,-0.20000000000000004,0.0733333333333333,0.6769999999999999,0.5366666666666666,-0.7300000000000001,1.1316666666666668,5.333333333333333,8.710000000000003,87.32333333333331,25.0,1.0,4075.560000000001,0.06599999999999999,-0.9,0.8240000000000001,1.294,0.19999999999999982,2.4099999999999997,6.2,7.5,107.28,4.0,1.0,767.93,-0.272,0.86,0.6699999999999999,0.12599999999999997,-1.3599999999999999,0.7979999999999999,4.8,10.020000000000001,80.26,4.0,-2.0,671.66
seq_337,VLLNKARLSGFKTFRNMYRSTFKKHYKKNM,-0.101,-0.33,0.6786666666666665,0.7573333333333333,-0.26000000000000006,0.9719999999999999,5.216666666666667,8.196666666666667,86.24,20.0,2.0,4003.5500000000006,0.06599999999999999,-0.9,0.8240000000000001,1.294,0.19999999999999982,2.4099999999999997,6.2,7.5,107.28,4.0,1.0,767.93,-0.166,-0.26,0.764,0.8220000000000001,-0.45999999999999996,1.314,5.9,8.58,95.2,4.0,1.0,704.83
seq_155,VLLNKARLAGFKTLRNMYRGTFKKNYHHTM,-0.07533333333333335,-0.2666666666666668,0.6893333333333334,0.7716666666666665,-0.12333333333333339,0.9593333333333331,5.316666666666666,8.196666666666669,87.51666666666664,20.0,1.0,3994.560000000001,0.06599999999999999,-0.9,0.8240000000000001,1.294,0.19999999999999982,2.4099999999999997,6.2,7.5,107.28,4.0,1.0,767.93,-0.06999999999999998,0.45999999999999996,0.72,0.48,0.05999999999999996,0.508,5.1,8.8,85.53999999999999,3.0,-2.0,661.6999999999999
Sequence_420,LFGLIPSMMGGLVSAFK,0.08117647058823531,-0.911764705882353,0.7094117647058822,0.9370588235294117,0.776470588235294,0.7135294117647059,4.676470588235294,7.347058823529412,84.67058823529413,10.0,0.0,2219.55,0.194,-0.8799999999999999,0.668,0.7919999999999999,1.52,0.25,4.1,7.08,79.66,2.0,0.0,604.71,-1.1102230246251566e-17,-1.02,0.6140000000000001,0.86,-0.1200000000000001,1.6759999999999997,4.3,7.720000000000001,80.62,3.0,0.0,674.73
Sequence_196,GLWNSIKIAGKKLFVNVLDKIRCKVAGGCKTSPDVE,-0.2411111111111111,-0.3111111111111112,0.6344444444444444,0.5216666666666668,-1.3611111111111112,1.6311111111111114,5.138888888888889,8.805555555555555,87.69166666666665,39.0,3.0,5063.52,-0.26,-0.11999999999999997,0.7220000000000001,0.544,-1.0,1.996,5.7,8.48,93.58,6.0,1.0,709.7900000000001,-0.198,-0.24000000000000005,0.7060000000000001,0.642,-1.36,1.386,4.7,8.98,86.42,5.0,-1.0,723.7600000000001
seq_201,VLLNKARLAGFKTLRHTYRHHFKKNIHHQY,-0.08133333333333334,-0.02333333333333337,0.6533333333333332,0.6546666666666664,-0.3766666666666668,0.9223333333333331,5.083333333333333,8.560000000000002,85.32666666666665,18.0,-3.0,4002.410000000001,0.06599999999999999,-0.9,0.8240000000000001,1.294,0.19999999999999982,2.4099999999999997,6.2,7.5,107.28,4.0,1.0,767.93,0.01399999999999999,0.4,0.5640000000000001,0.45599999999999996,-0.08000000000000007,0.508,4.4,8.940000000000001,80.94000000000001,2.0,-2.0,651.67
Sequence_501,GLFRRLRDSIRRGQQKILEKARRIGERIKDIFRG,-0.08911764705882352,-0.20294117647058824,0.5249999999999999,0.5876470588235294,-0.8500000000000001,0.27499999999999997,4.411764705882353,8.638235294117647,74.83823529411767,18.0,-2.0,4152.410000000001,-0.011999999999999993,-0.52,0.608,0.892,0.05999999999999996,0.25,5.1,7.44,81.44000000000001,2.0,0.0,628.73,-0.24,-0.12000000000000002,0.484,0.152,-1.3,0.25,4.0,8.92,68.72,4.0,0.0,589.62
Sequence_624,KWKSFIKKSTSKFLHSAKKF,-0.16799999999999998,-0.3650000000000001,0.6149999999999999,0.4795000000000001,-0.885,0.8239999999999998,4.425,8.775,76.54,14.0,-1.0,2612.7000000000003,-0.2,-0.8,0.65,0.654,-1.2,1.592,5.0,8.34,84.64,4.0,0.0,717.75,-0.154,-0.44000000000000006,0.6140000000000001,0.46799999999999997,-0.5800000000000001,0.58,4.1,8.719999999999999,71.92,3.0,0.0,625.65
seq_137,VLLNKARLAGFKTLRNMYRHNFKKHYKHHD,-0.134,0.0033333333333332863,0.6946666666666667,0.6316666666666664,-0.5433333333333334,1.0506666666666666,5.3,8.663333333333336,87.6133333333333,21.0,-1.0,4060.540000000001,0.06599999999999999,-0.9,0.8240000000000001,1.294,0.19999999999999982,2.4099999999999997,6.2,7.5,107.28,4.0,1.0,767.93,-0.34800000000000003,0.8400000000000001,0.716,0.004000000000000026,-1.9,0.7979999999999999,5.2,10.500000000000002,84.41999999999999,5.0,-2.0,698.6899999999999
Sequence_688,SLWETIKNAGKGFIQNLDKIR,-0.18047619047619046,-0.09047619047619047,0.586190476190476,0.42952380952380953,-0.9952380952380951,0.9166666666666665,4.595238095238095,8.933333333333334,79.66666666666667,17.0,1.0,2698.8900000000003,-0.08199999999999999,-0.23999999999999994,0.702,0.566,-0.35999999999999993,1.012,4.6,8.44,82.53999999999999,4.0,-1.0,669.67,-0.04400000000000001,-0.42000000000000004,0.568,0.6279999999999999,-0.8400000000000001,0.29,4.5,8.84,75.9,3.0,0.0,608.6499999999999
seq_51,VLLNKARLSGFNTLRNCYRHNFKKHYHKHD,-0.2506666666666667,0.30666666666666664,0.6843333333333332,0.43600000000000005,-0.9299999999999999,1.2063333333333337,5.416666666666667,8.91666666666667,88.36666666666662,27.0,1.0,4110.6,0.06599999999999999,-0.9,0.8240000000000001,1.294,0.19999999999999982,2.4099999999999997,6.2,7.5,107.28,4.0,1.0,767.93,-0.34800000000000003,0.8400000000000001,0.716,0.003999999999999981,-1.9,0.7979999999999999,5.2,10.500000000000002,84.42,5.0,-2.0,698.6899999999999
Sequence_222,GKREKCLRRNGFCAFLKCPTLSVISGTCSRFQVCC,-0.364,0.10571428571428576,0.6288571428571427,0.2905714285714285,-1.1257142857142854,1.1522857142857141,5.328571428571428,8.505714285714282,87.33142857142857,43.0,6.0,4886.449999999999,-0.45599999999999996,0.44000000000000006,0.64,0.21200000000000002,-3.0,0.8300000000000001,5.2,10.459999999999999,83.1,5.0,-1.0,704.6999999999999,-0.5,-0.18000000000000008,0.6759999999999999,0.21599999999999983,-0.9200000000000002,2.3659999999999997,6.3,7.42,107.16000000000001,9.0,2.0,838.98
Sequence_190,DKLIGSCVWGAVNYTSDCNGECLLRGYKGGHCGSFANVNCWCET,-0.455,0.3340909090909091,0.6675,0.09522727272727272,-1.6840909090909089,1.6638636363636368,5.488636363636363,9.170454545454547,90.1113636363636,65.0,7.0,6286.8499999999985,-0.16799999999999998,-0.38,0.632,0.344,-1.22,0.54,4.6,9.34,79.12,5.0,0.0,639.67,-0.8799999999999999,1.26,0.664,-0.6559999999999999,-2.9,1.9920000000000002,5.9,9.760000000000002,94.79999999999998,11.0,1.0,781.81
seq_242,VLLNKARLAGFKTLRNTYRGNFKKHYKKHC,-0.19,-0.06666666666666672,0.6766666666666665,0.6003333333333333,-0.7166666666666667,1.1376666666666666,5.433333333333334,8.626666666666669,88.10666666666664,25.0,2.0,4097.620000000001,0.06599999999999999,-0.9,0.8240000000000001,1.294,0.19999999999999982,2.4099999999999997,6.2,7.5,107.28,4.0,1.0,767.93,-0.528,0.7,0.7040000000000001,-0.015999999999999924,-2.04,1.324,5.9,9.9,92.53999999999999,7.0,0.0,748.8
Sequence_386,ILGAILPLVSGLLSNKL,0.12823529411764706,-0.7352941176470589,0.7011764705882352,0.9835294117647058,0.7823529411764705,0.8558823529411764,4.735294117647059,7.617647058823529,85.67647058823529,10.0,1.0,2183.53,0.12200000000000003,-0.42000000000000004,0.44400000000000006,0.47000000000000003,0.3999999999999999,0.25,3.0,8.36,63.38000000000001,2.0,0.0,516.55,-0.06000000000000005,-0.16,0.7899999999999999,0.776,0.22000000000000003,1.024,5.4,8.260000000000002,91.17999999999999,4.0,1.0,668.78
seq_99,VLLNKARLAGFKTLRNMYKSNFKKHYHHHC,-0.1776666666666667,0.10666666666666665,0.6976666666666665,0.5419999999999998,-0.5500000000000002,1.1323333333333332,5.3,8.66666666666667,88.1033333333333,24.0,0.0,4092.580000000001,0.06599999999999999,-0.9,0.8240000000000001,1.294,0.19999999999999982,2.4099999999999997,6.2,7.5,107.28,4.0,1.0,767.93,-0.616,2.1,0.6960000000000001,-0.576,-2.16,1.252,5.5,10.66,89.66,7.0,-2.0,732.74
Sequence_284,GILLDKLKNFAKTAGKGVLQSLLNTASCKLSGQC,-0.13558823529411762,-0.37941176470588234,0.6973529411764704,0.5982352941176471,-0.30588235294117655,0.9241176470588235,5.1911764705882355,8.38235294117647,87.3264705882353,33.0,4.0,4603.11,0.05800000000000001,-0.64,0.6960000000000001,0.596,0.31999999999999995,0.25,4.5,8.3,81.14,4.0,0.0,615.68,-0.274,-0.15999999999999998,0.722,0.37799999999999995,-0.3,0.74,5.7,8.12,93.92,7.0,1.0,721.8
Sequence_45,RRCICTTRTCRFPYRRLGTCLFQNRVYTFCC,-0.31225806451612903,0.0774193548387097,0.5825806451612903,0.414516129032258,-0.6709677419354838,0.8564516129032257,5.532258064516129,7.993548387096774,86.54838709677418,34.0,7.0,4192.85,-0.7,1.2,0.41600000000000004,-0.36000000000000004,-2.52,0.9800000000000001,5.3,9.2,80.33999999999999,8.0,2.0,653.73,-0.624,0.62,0.648,-0.36000000000000004,-0.6,0.9800000000000001,5.6,8.2,88.56000000000002,9.0,2.0,705.8199999999999
Sequence_568,GKIPVKAIKKGGQIIGKALRGINIASTAHDIISQFKPKKKKNH,-0.166046511627907,-0.172093023255814,0.5390697674418603,0.4823255813953488,-1.213953488372093,0.8734883720930231,4.4186046511627906,9.130232558139532,76.90930232558141,32.0,0.0,5487.820000000001,-0.05999999999999996,-1.0,0.5720000000000001,1.084,-1.2200000000000002,1.9259999999999997,5.1,8.2,90.2,4.0,0.0,729.83,-0.5840000000000001,0.9,0.692,0.11800000000000002,-3.4,1.8579999999999999,6.0,10.959999999999999,93.10000000000001,6.0,0.0,758.8000000000001
Sequence_544,ILGKILEGIKSLF,-0.034615384615384596,-0.2846153846153846,0.5946153846153848,0.44076923076923075,-0.22307692307692323,0.4153846153846154,3.8846153846153846,8.623076923076924,74.59230769230768,8.0,-1.0,1580.68,-0.00799999999999999,-0.42000000000000004,0.4800000000000001,0.46399999999999997,-0.6000000000000001,0.54,3.7,8.82,71.24,3.0,0.0,582.6199999999999,0.05399999999999999,-0.6,0.5740000000000001,0.586,0.5199999999999999,0.29,3.6,7.859999999999999,70.68,2.0,0.0,587.64
seq_84,VLLNKARLAGFKTLRNCYRSNFKKHYHKHC,-0.23566666666666666,0.16666666666666663,0.6769999999999998,0.47400000000000003,-0.7633333333333334,1.1716666666666666,5.383333333333334,8.710000000000003,87.96999999999997,27.0,2.0,4103.610000000001,0.06599999999999999,-0.9,0.8240000000000001,1.294,0.19999999999999982,2.4099999999999997,6.2,7.5,107.28,4.0,1.0,767.93,-0.5720000000000001,1.4,0.7,-0.29600000000000004,-2.1,1.2879999999999998,5.7,10.280000000000001,91.1,7.0,-1.0,740.77
Sequence_299,RRWWRRWRRW,-0.034,-0.9199999999999999,0.496,1.3599999999999999,-1.48,2.024,6.1,7.279999999999999,90.64000000000001,4.0,0.0,1415.54,-0.034,-0.9199999999999999,0.496,1.3599999999999999,-1.48,2.024,6.1,7.279999999999999,90.63999999999999,2.0,0.0,707.77,-0.034,-0.9199999999999999,0.4959999999999999,1.36,-1.48,2.024,6.1,7.279999999999999,90.64,2.0,0.0,707.77
seq_406,VLLNKARLAGFKTLRNTYKGNFKKHYHHHC,-0.21566666666666665,0.14999999999999994,0.6866666666666666,0.48833333333333323,-0.7900000000000001,1.174,5.383333333333334,8.833333333333337,88.23666666666664,26.0,0.0,4121.590000000001,0.06599999999999999,-0.9,0.8240000000000001,1.294,0.19999999999999982,2.4099999999999997,6.2,7.5,107.28,4.0,1.0,767.93,-0.616,2.1,0.6960000000000001,-0.576,-2.16,1.252,5.5,10.66,89.66,7.0,-2.0,732.74
Sequence_230,GRFRRLRKKTRKRLKKIGKV,-0.11750000000000001,-0.55,0.579,0.8950000000000001,-1.315,0.9065,5.375,8.515,84.38000000000002,12.0,0.0,2695.96,-0.17200000000000001,-0.16,0.476,0.752,-1.1599999999999997,0.25,5.1,8.0,75.76000000000002,2.0,0.0,612.6899999999999,-0.192,-0.8400000000000001,0.556,0.732,-2.24,2.216,5.1,9.139999999999999,89.03999999999999,5.0,0.0,735.78
seq_62,VLLNKARLAGFNTLRNTYKHNFKKHYHKNM,-0.16899999999999998,0.08333333333333333,0.6966666666666667,0.6163333333333333,-0.5399999999999999,1.2530000000000001,5.416666666666667,8.640000000000004,89.19333333333331,23.0,2.0,4077.6600000000003,0.06599999999999999,-0.9,0.8240000000000001,1.294,0.19999999999999982,2.4099999999999997,6.2,7.5,107.28,4.0,1.0,767.93,-0.21000000000000002,0.44000000000000006,0.76,0.542,-0.5200000000000001,1.278,5.7,8.96,93.76000000000002,4.0,0.0,696.7999999999998
seq_147,VLLNKARLAGFKTLRNTYKSHFKKHYHKHM,-0.10166666666666666,-0.12333333333333334,0.6923333333333332,0.6696666666666665,-0.4,0.9766666666666665,5.183333333333334,8.573333333333334,86.39999999999999,20.0,-2.0,4046.4700000000007,0.06599999999999999,-0.9,0.8240000000000001,1.294,0.19999999999999982,2.4099999999999997,6.2,7.5,107.28,4.0,1.0,767.93,-0.11400000000000002,0.44000000000000006,0.76,0.5039999999999999,-0.44000000000000006,0.7979999999999999,5.3,9.16,89.68,3.0,-2.0,697.7399999999999
seq_401,VLLNKARLAGFKTLRNTYKSNFKKHYHHQV,-0.08933333333333335,-0.24333333333333335,0.6829999999999998,0.7546666666666667,-0.3700000000000001,1.2393333333333332,5.316666666666666,8.383333333333335,88.92666666666666,21.0,0.0,4128.630000000001,0.06599999999999999,-0.9,0.8240000000000001,1.294,0.19999999999999982,2.4099999999999997,6.2,7.5,107.28,4.0,1.0,767.93,0.05600000000000001,-0.27999999999999997,0.7040000000000001,0.976,-0.18,1.8939999999999997,5.7,8.22,100.75999999999999,3.0,-2.0,780.8399999999999
seq_163,VLLNKARLAGFKTLRNTYRSNFKKNYHKHM,-0.12266666666666666,-0.10666666666666667,0.6809999999999998,0.701,-0.3733333333333333,1.0883333333333334,5.3,8.42666666666667,87.14999999999999,21.0,2.0,4004.560000000001,0.06599999999999999,-0.9,0.8240000000000001,1.294,0.19999999999999982,2.4099999999999997,6.2,7.5,107.28,4.0,1.0,767.93,-0.11400000000000002,0.44000000000000006,0.76,0.5039999999999999,-0.44000000000000006,0.7979999999999999,5.3,9.16,89.68,3.0,-2.0,697.7399999999999
seq_60,VLLNKARLAGFKTLRNCYRGTYKKHYHKNM,-0.14233333333333334,-0.12666666666666665,0.6906666666666667,0.6796666666666664,-0.4266666666666667,1.089333333333333,5.483333333333333,8.456666666666669,89.00333333333332,24.0,2.0,4069.6300000000006,0.06599999999999999,-0.9,0.8240000000000001,1.294,0.19999999999999982,2.4099999999999997,6.2,7.5,107.28,4.0,1.0,767.93,-0.21000000000000002,0.44000000000000006,0.76,0.542,-0.5200000000000001,1.278,5.7,8.96,93.76000000000002,4.0,0.0,696.7999999999998
seq_307,VLLNKARLAGFKTLRNCYKHNFKKHYHKNY,-0.198,0.08999999999999998,0.696,0.5560000000000002,-0.6300000000000001,1.2606666666666666,5.45,8.70666666666667,89.45333333333332,25.0,2.0,4127.6900000000005,0.06599999999999999,-0.9,0.8240000000000001,1.294,0.19999999999999982,2.4099999999999997,6.2,7.5,107.28,4.0,1.0,767.93,-0.20800000000000002,0.5,0.716,0.462,-0.44000000000000006,1.278,5.6,9.16,90.38000000000002,4.0,0.0,682.7799999999999
seq_4,VLLNKARLAGFNTLRNTYRGNFKKNYHKND,-0.21533333333333332,0.07333333333333333,0.678,0.576,-0.7433333333333333,1.2840000000000003,5.483333333333333,8.690000000000003,88.5533333333333,26.0,5.0,4036.6600000000003,0.06599999999999999,-0.9,0.8240000000000001,1.294,0.19999999999999982,2.4099999999999997,6.2,7.5,107.28,4.0,1.0,767.93,-0.44400000000000006,0.8400000000000001,0.716,0.041999999999999996,-1.98,1.278,5.6,10.3,88.50000000000001,6.0,0.0,697.7499999999999
Sequence_436,LNLKGIFKKVASLLT,0.02066666666666666,-0.7000000000000001,0.6940000000000001,0.8606666666666667,0.1666666666666666,1.0799999999999998,4.933333333333334,7.973333333333334,86.48,10.0,1.0,1996.2599999999998,-0.14600000000000002,-0.18000000000000002,0.82,0.73,-0.3200000000000001,1.274,6.0,8.52,98.14,5.0,1.0,709.8399999999999,0.254,-0.8400000000000001,0.7180000000000001,1.0,1.86,0.0,4.3,7.26,76.53999999999999,2.0,0.0,575.64
Sequence_600,ILFSYLLFYVLKENSKREDKYQNIIEELTELLPKIKEDVEDIKEKLNK,-0.10416666666666669,-0.03541666666666665,0.6766666666666667,0.5022916666666667,-0.525,0.7597916666666666,4.46875,8.914583333333331,82.31666666666668,33.0,-5.0,6326.779999999999,0.242,-0.8,0.586,0.7579999999999999,2.0,0.0,3.4,6.959999999999999,69.32000000000001,1.0,0.0,549.63,-0.378,0.64,0.772,0.282,-1.86,1.314,5.4,10.059999999999999,91.85999999999999,5.0,0.0,720.7799999999999
Sequence_509,RISFKKGKGSWIKNGLIKGIKGLGKEISLDVIRTGIDIAGCKIKGEC,-0.296595744680851,0.012765957446808541,0.5512765957446808,0.19808510638297874,-1.7340425531914894,0.9544680851063833,4.4787234042553195,9.438297872340426,77.32340425531916,49.0,1.0,6066.279999999998,-0.10600000000000001,-0.24,0.442,0.446,-0.7,0.29,3.6,8.42,65.0,2.0,0.0,571.5999999999999,-0.682,1.1400000000000001,0.564,-0.576,-3.02,1.03,4.5,10.68,79.08,8.0,0.0,683.6800000000001
Sequence_493,KWKLFKKAVLKVLTT,0.05866666666666666,-1.2866666666666664,0.72,1.186,-0.18000000000000013,1.7446666666666666,5.533333333333333,7.693333333333333,94.38666666666668,10.0,0.0,2207.46,-0.0020000000000000087,-1.22,0.748,1.032,-0.14000000000000004,1.592,5.5,7.540000000000001,94.06,3.0,0.0,743.8299999999999,0.068,-1.3000000000000003,0.6839999999999999,1.236,-0.2000000000000001,1.6759999999999997,5.7,7.640000000000001,94.34,4.0,0.0,728.81
Sequence_247,SASVLKTSIKVSKKYCKGVTLTCGCNITGGK,-0.3103225806451613,-0.20645161290322586,0.6187096774193547,0.38645161290322577,-1.4548387096774194,1.4680645161290324,5.225806451612903,8.935483870967742,86.04838709677418,39.0,4.0,4312.629999999999,0.16599999999999998,-1.02,0.66,1.0379999999999998,0.76,1.386,4.2,7.42,79.96000000000001,3.0,0.0,634.68,-0.36,-0.1,0.5120000000000001,0.14400000000000002,-2.2600000000000002,0.79,4.7,9.8,75.75999999999999,6.0,0.0,641.65
seq_120,VLLNKARLAGFKTLRNCYRSHFKKHYKKNC,-0.22833333333333333,0.04999999999999997,0.6776666666666665,0.5206666666666666,-0.7533333333333334,1.1776666666666666,5.416666666666667,8.64666666666667,88.21,27.0,3.0,4111.64,0.06599999999999999,-0.9,0.8240000000000001,1.294,0.19999999999999982,2.4099999999999997,6.2,7.5,107.28,4.0,1.0,767.93,-0.624,0.7,0.7040000000000001,0.022000000000000065,-2.12,1.8039999999999998,6.3,9.7,96.62,8.0,2.0,747.8600000000001
seq_211,VLLNKARLAGFNTLRNTYKGNFKKHYKKQC,-0.18333333333333332,-0.15,0.688,0.6433333333333332,-0.5833333333333334,1.2176666666666667,5.533333333333333,8.500000000000002,90.12999999999998,26.0,4.0,4146.74,0.06599999999999999,-0.9,0.8240000000000001,1.294,0.19999999999999982,2.4099999999999997,6.2,7.5,107.28,4.0,1.0,767.93,-0.28200000000000003,-0.4,0.7080000000000001,0.596,-0.78,1.0699999999999998,6.2,8.48,98.38,6.0,1.0,766.8600000000001
Sequence_105,EQCGRQAGGATCPNNLCCSQYGY,-0.3839130434782608,0.3086956521739131,0.6699999999999998,0.24565217391304342,-0.8521739130434781,0.9626086956521739,5.6521739130434785,8.691304347826087,90.88260869565217,31.0,5.0,3234.65,-0.526,0.74,0.636,-0.004000000000000048,-2.0599999999999996,0.74,5.6,9.440000000000001,90.93999999999998,7.0,0.0,733.77,0.14800000000000002,-1.0,0.6859999999999999,1.018,1.3800000000000001,0.25,5.1,7.339999999999999,85.74000000000001,3.0,0.0,650.7299999999999
Sequence_119,LDSLSFSYNNFEEDD,-0.28400000000000003,0.4266666666666667,0.7193333333333333,0.049999999999999975,-0.6333333333333333,0.48933333333333334,4.333333333333333,9.219999999999999,77.63333333333334,15.0,0.0,1892.0,0.059999999999999984,-0.56,0.772,0.6439999999999999,0.78,0.0,4.4,8.08,77.9,4.0,0.0,604.64,-0.536,1.08,0.7319999999999999,-0.644,-2.3,0.0,3.6,10.940000000000001,71.3,6.0,-2.0,651.59
Sequence_423,GGYYCPFFQDKCHRHCRSFGRKAGYCGGFLKKTCICV,-0.39648648648648643,0.14324324324324325,0.6397297297297295,0.17675675675675667,-1.2243243243243245,1.0127027027027027,5.391891891891892,8.754054054054054,86.99459459459459,47.0,4.0,5188.74,-0.4119999999999999,0.07999999999999999,0.712,0.092,-0.6199999999999999,0.99,5.9,8.66,91.74000000000001,8.0,1.0,700.8,-0.634,0.43999999999999995,0.5120000000000001,-0.21600000000000003,-2.2,2.366,5.5,8.8,92.22,10.0,2.0,746.8299999999999
seq_267,VLLNKARLAGFKTLRNCYRSTFKKHYHKTY,-0.11366666666666667,-0.21000000000000008,0.6676666666666666,0.6729999999999999,-0.27333333333333343,0.9253333333333331,5.233333333333333,8.343333333333335,85.58999999999997,22.0,1.0,3991.4800000000005,0.06599999999999999,-0.9,0.8240000000000001,1.294,0.19999999999999982,2.4099999999999997,6.2,7.5,107.28,4.0,1.0,767.93,-0.023999999999999976,-0.18,0.6799999999999999,0.6799999999999999,0.2,0.5439999999999999,5.2,8.620000000000001,83.6,3.0,-1.0,655.7099999999999
Sequence_166,FLGALWNVAKSVF,0.026923076923076918,-0.9769230769230769,0.693076923076923,0.966153846153846,0.23846153846153845,1.9453846153846153,5.0,7.384615384615386,90.33846153846154,9.0,1.0,1825.0800000000002,0.21200000000000002,-0.9799999999999999,0.772,0.9259999999999998,1.9600000000000002,0.25,4.5,6.9,82.92,2.0,0.0,618.73,-6.938893903907228e-18,-1.02,0.6140000000000001,0.86,-0.12000000000000002,1.6759999999999997,4.3,7.720000000000001,80.62,3.0,0.0,674.73
Sequence_529,YPASMDNYDDALEELDNLDLDDYFDLEPADFVLLDMWANMLESSDFDDME,-0.08779999999999999,-0.2380000000000001,0.7713999999999999,0.4928,0.059999999999999915,0.46,4.67,8.561999999999998,82.95399999999998,42.0,-2.0,6466.05,0.264,-0.96,0.714,1.296,2.1799999999999997,0.0,4.4,6.760000000000001,78.46000000000001,1.0,0.0,591.71,-0.286,0.11999999999999993,0.776,-0.023999999999999976,-0.8400000000000001,0.0,4.2,9.32,78.02000000000001,5.0,-1.0,649.66
seq_130,VLLNKARLAGFKTLRNCYRSTFKKHYHKHT,-0.15233333333333332,-0.06000000000000007,0.6649999999999998,0.5976666666666666,-0.53,0.9676666666666665,5.233333333333333,8.556666666666668,85.57666666666664,23.0,0.0,4021.4600000000005,0.06599999999999999,-0.9,0.8240000000000001,1.294,0.19999999999999982,2.4099999999999997,6.2,7.5,107.28,4.0,1.0,767.93,-0.256,0.72,0.6639999999999999,0.22799999999999998,-1.34,0.7979999999999999,5.2,9.900000000000002,83.52000000000001,4.0,-2.0,685.6899999999999
seq_280,VLLNKARLSGFNTLRNTYKSNYKKHYKKNC,-0.2263333333333333,0.04666666666666665,0.6873333333333332,0.5706666666666665,-0.7466666666666666,1.2983333333333333,5.533333333333333,8.710000000000003,89.31333333333332,28.0,5.0,4098.68,0.06599999999999999,-0.9,0.8240000000000001,1.294,0.19999999999999982,2.4099999999999997,6.2,7.5,107.28,4.0,1.0,767.93,-0.624,0.7,0.7040000000000001,0.022000000000000065,-2.12,1.8039999999999998,6.3,9.7,96.62,8.0,2.0,747.8600000000001
Sequence_118,ENCGRQAG,-0.52125,0.7999999999999999,0.6325000000000001,-0.017499999999999977,-1.9874999999999998,1.0775000000000001,5.4375,9.6375,87.7625,11.0,1.0,1115.2,-0.868,1.8399999999999999,0.632,-0.578,-3.4,1.474,5.7,10.66,89.17999999999999,9.0,1.0,714.77,-0.118,-0.5199999999999999,0.588,0.7459999999999999,-0.8,0.5,5.3,8.459999999999999,83.9,4.0,0.0,661.7099999999999
seq_82,VLLNKARLAGFNTLRNTYKHTFKKHYHHNC,-0.222,0.24666666666666665,0.6799999999999999,0.47266666666666646,-0.7200000000000001,1.2063333333333333,5.383333333333334,8.800000000000004,88.05999999999997,26.0,1.0,4085.59,0.06599999999999999,-0.9,0.8240000000000001,1.294,0.19999999999999982,2.4099999999999997,6.2,7.5,107.28,4.0,1.0,767.93,-0.712,2.1,0.6960000000000001,-0.538,-2.2399999999999998,1.732,5.9,10.46,93.74000000000001,8.0,0.0,731.8
Sequence_500,GIGTKIIGGLKTAVKGALKELASTYVN,-0.10999999999999999,-0.4111111111111111,0.6092592592592591,0.5803703703703704,-0.759259259259259,1.0955555555555554,4.666666666666667,8.777777777777777,80.9888888888889,23.0,0.0,3504.7500000000005,-0.36,-0.1,0.512,0.144,-2.2600000000000002,0.79,4.7,9.8,75.75999999999999,6.0,0.0,641.65,-0.12600000000000003,-0.4,0.6340000000000001,0.812,-0.41999999999999993,2.12,5.4,8.079999999999998,90.34,5.0,1.0,691.79
Sequence_475,SIGTAVKKAVPIAKKVGKVAIPIAKAVLSVVGQLVG,0.05083333333333335,-1.1361111111111108,0.5972222222222219,1.0894444444444447,-0.497222222222222,1.9205555555555556,4.819444444444445,7.949999999999998,87.45833333333334,25.0,0.0,5039.549999999999,-0.144,-0.08,0.446,0.196,-0.7200000000000001,0.25,3.4,9.08,60.94,4.0,0.0,534.52,0.06600000000000002,-1.46,0.756,1.272,-0.12000000000000002,1.886,6.2,7.359999999999999,106.14000000000001,5.0,0.0,792.9
Sequence_64,GCLEFWWKCNPNDDKCCRPKLKCSKLFKLCNFSF,-0.46764705882352947,0.2882352941176471,0.7123529411764705,0.1544117647058823,-1.35,1.3464705882352945,5.647058823529412,8.794117647058824,91.85882352941178,47.0,8.0,4953.609999999999,-0.4800000000000001,0.68,0.752,-0.24800000000000005,-0.9,0.74,4.9,8.940000000000001,87.50000000000001,7.0,0.0,705.77,-0.608,0.86,0.626,-0.38000000000000006,-0.8400000000000001,1.224,4.7,8.4,81.14,7.0,2.0,667.78
seq_179,VLLNKARLAGFKTLRNCYRSNFKKNYHKHY,-0.175,0.01666666666666664,0.6796666666666665,0.6003333333333333,-0.4866666666666667,1.1700000000000004,5.366666666666666,8.523333333333335,87.84999999999997,24.0,3.0,4045.620000000001,0.06599999999999999,-0.9,0.8240000000000001,1.294,0.19999999999999982,2.4099999999999997,6.2,7.5,107.28,4.0,1.0,767.93,-0.11200000000000002,0.5,0.716,0.42400000000000004,-0.36,0.7979999999999999,5.2,9.360000000000001,86.3,3.0,-2.0,683.7199999999999
Sequence_645,VTCDILSVEAKGVKLNDAACAAHCLFRGRSGGYCNGKRVCVCR,-0.34837209302325584,0.06279069767441861,0.6381395348837208,0.3067441860465116,-1.4023255813953486,1.5944186046511633,5.348837209302325,8.844186046511625,88.47906976744183,55.0,6.0,6041.629999999998,-0.41,-0.11999999999999997,0.5279999999999999,0.084,-2.0,1.876,5.0,9.02,85.54,8.0,1.0,704.75,-0.5700000000000001,-0.15999999999999998,0.624,0.44000000000000006,-2.48,3.752,6.9,7.959999999999999,112.52000000000001,10.0,2.0,872.0100000000001
Sequence_216,SMSGFSKPHD,-0.22999999999999998,-0.03,0.679,0.377,-0.79,0.397,4.55,8.849999999999998,77.47000000000001,9.0,-1.0,1297.3600000000001,-0.12799999999999997,-0.4,0.668,0.41600000000000004,0.24000000000000005,0.25,4.1,7.859999999999999,73.96000000000001,4.0,0.0,608.65,-0.332,0.33999999999999997,0.6900000000000001,0.33799999999999997,-1.8199999999999998,0.5439999999999999,5.0,9.84,80.97999999999999,5.0,-1.0,688.71
Sequence_611,KNLRRITRKIIHIIKKYG,-0.12944444444444447,0.02777777777777777,0.4555555555555555,0.47388888888888886,-1.2499999999999998,0.666111111111111,4.25,9.133333333333333,72.65,10.0,0.0,2148.29,-0.18200000000000002,0.13999999999999999,0.6239999999999999,0.874,-1.1599999999999997,1.024,5.9,8.580000000000002,89.24000000000001,3.0,1.0,662.78,-0.15799999999999997,-0.45999999999999996,0.5680000000000001,0.512,-1.2200000000000002,0.8300000000000001,4.7,9.239999999999998,78.97999999999999,4.0,0.0,648.6899999999999
Sequence_175,GLWNTKLEAGLLFAMGKLDLKRCLKAGGC,-0.166551724137931,-0.28965517241379324,0.7455172413793101,0.5448275862068968,-0.3655172413793104,0.8855172413793102,5.362068965517241,8.444827586206896,89.19310344827586,29.0,2.0,3964.42,-0.244,-0.25999999999999995,0.7160000000000001,0.6460000000000001,-0.9800000000000001,1.996,6.1,8.360000000000001,96.84,6.0,1.0,723.82,-0.658,0.48,0.652,-0.246,-2.58,1.28,5.6,10.0,86.6,9.0,1.0,710.75
Sequence_677,QGVRSYLSCWGNRGICLLNRCPGRMRQIGTCLAPRVKCCR,-0.2685,-0.07499999999999996,0.6254999999999997,0.5652499999999998,-0.8924999999999998,1.2165000000000001,5.6625,8.199999999999998,90.79749999999997,45.0,8.0,5589.400000000001,-0.007999999999999997,-1.0799999999999998,0.594,1.178,-0.8,1.636,5.6,7.659999999999999,93.5,4.0,0.0,735.8000000000001,-0.724,0.42000000000000004,0.624,0.048,-2.9400000000000004,2.6559999999999997,6.7,8.959999999999999,103.82000000000001,10.0,2.0,822.93
Sequence_361,FLPAIVGAAGKFLPKIFCAISKKC,-0.11708333333333332,-0.4125000000000001,0.5954166666666664,0.5395833333333335,-0.17500000000000004,0.8387499999999998,4.354166666666667,8.1625,78.29583333333333,18.0,2.0,3076.4500000000003,0.288,-0.9199999999999999,0.588,1.0699999999999998,2.06,0.0,3.5,6.7,71.38000000000001,0.0,0.0,565.69,-0.532,0.45999999999999996,0.522,-0.162,-2.4200000000000004,1.0699999999999998,4.6,9.9,76.82000000000001,7.0,1.0,664.6800000000001
seq_112,VLLNKARLAGFNTLRNCYRSNFKKHYHKNC,-0.275,0.2833333333333333,0.6763333333333332,0.44000000000000006,-0.8,1.3256666666666668,5.483333333333333,8.706666666666669,89.08999999999996,29.0,5.0,4093.7000000000003,0.06599999999999999,-0.9,0.8240000000000001,1.294,0.19999999999999982,2.4099999999999997,6.2,7.5,107.28,4.0,1.0,767.93,-0.6679999999999999,1.4,0.7,-0.258,-2.18,1.768,6.1,10.080000000000002,95.18000000000002,8.0,1.0,739.8299999999999
Sequence_63,ILGPVLGLVGNALGGLIKKI,0.001500000000000011,-0.7300000000000002,0.6639999999999999,0.869,-0.23000000000000007,1.334,5.025,8.11,88.87,16.0,1.0,2715.1000000000004,0.166,-1.2600000000000002,0.6360000000000001,1.3359999999999999,0.31999999999999995,1.636,5.0,7.159999999999999,92.22,3.0,0.0,705.84,0.049999999999999996,-0.5599999999999999,0.484,0.636,-0.5400000000000001,0.58,3.7,8.8,71.68,2.0,0.0,591.6299999999999
Sequence_412,RRCICTTRTCRFPYRRLGTCIFQNRVYTFCC,-0.33064516129032256,0.13548387096774195,0.5496774193548386,0.3532258064516129,-0.829032258064516,0.8564516129032257,5.370967741935484,8.116129032258064,84.4290322580645,34.0,7.0,4136.750000000001,-0.7,1.2,0.41600000000000004,-0.36000000000000004,-2.52,0.9800000000000001,5.3,9.2,80.33999999999999,8.0,2.0,653.73,-0.624,0.62,0.648,-0.36000000000000004,-0.6,0.9800000000000001,5.6,8.2,88.56000000000002,9.0,2.0,705.8199999999999
seq_15,VLLNKARLSGFKTLRNCYRSNFKKHYHKQT,-0.159,-0.10333333333333333,0.6719999999999999,0.6413333333333333,-0.5133333333333333,1.0476666666666665,5.366666666666666,8.446666666666667,87.75666666666665,24.0,2.0,4082.5900000000006,0.06599999999999999,-0.9,0.8240000000000001,1.294,0.19999999999999982,2.4099999999999997,6.2,7.5,107.28,4.0,1.0,767.93,-0.009999999999999998,-0.38,0.6679999999999999,0.8399999999999999,-0.08000000000000003,0.5439999999999999,5.5,8.48,89.36,3.0,-1.0,703.7499999999999
seq_215,VLLNKARLAGFKTLRNTYRGNFKKHYHKHC,-0.19733333333333333,0.04999999999999994,0.6759999999999999,0.5536666666666665,-0.7266666666666667,1.1316666666666666,5.4,8.690000000000001,87.86666666666663,25.0,1.0,4089.5900000000006,0.06599999999999999,-0.9,0.8240000000000001,1.294,0.19999999999999982,2.4099999999999997,6.2,7.5,107.28,4.0,1.0,767.93,-0.5720000000000001,1.4,0.7,-0.29600000000000004,-2.1,1.2879999999999998,5.7,10.280000000000001,91.1,7.0,-1.0,740.77
Sequence_301,WKKIASIGKEVLKAL,-0.04000000000000001,-0.5866666666666666,0.6166666666666667,0.6993333333333335,-0.7333333333333331,1.2693333333333332,4.433333333333334,8.7,80.93333333333334,10.0,-1.0,1981.07,-0.074,-0.76,0.5239999999999999,0.7100000000000001,-1.26,1.592,4.4,8.82,77.78,3.0,0.0,655.67,0.336,-1.6,0.792,1.5419999999999998,1.34,1.6759999999999997,5.3,6.860000000000001,96.78,2.0,0.0,710.8299999999999
seq_328,VLLNKARLAGFKTLRNTYKSNFKKHYHKHC,-0.194,0.03666666666666665,0.6823333333333331,0.5426666666666666,-0.6900000000000001,1.1383333333333332,5.316666666666666,8.726666666666668,87.31666666666665,25.0,1.0,4088.5600000000004,0.06599999999999999,-0.9,0.8240000000000001,1.294,0.19999999999999982,2.4099999999999997,6.2,7.5,107.28,4.0,1.0,767.93,-0.5720000000000001,1.4,0.7,-0.29600000000000004,-2.1,1.2879999999999998,5.7,10.280000000000001,91.1,7.0,-1.0,740.77
seq_161,VLLNKARLAGFKTLRNTYRHNFKKHYHKND,-0.17366666666666666,0.04999999999999996,0.6786666666666666,0.5919999999999999,-0.7066666666666667,1.1306666666666665,5.35,8.753333333333336,87.26666666666664,23.0,1.0,4047.5500000000006,0.06599999999999999,-0.9,0.8240000000000001,1.294,0.19999999999999982,2.4099999999999997,6.2,7.5,107.28,4.0,1.0,767.93,-0.44400000000000006,0.8400000000000001,0.716,0.041999999999999996,-1.98,1.278,5.6,10.3,88.50000000000001,6.0,0.0,697.7499999999999
Sequence_72,VFQFLGRIIHHVGNFVHGFSHVF,-0.11478260869565216,-0.3043478260869566,0.6065217391304345,0.5843478260869565,-0.6695652173913043,1.748695652173913,4.760869565217392,8.117391304347827,87.52608695652175,17.0,-3.0,3262.5900000000006,0.358,-1.9400000000000002,0.732,1.5119999999999998,2.2800000000000002,1.386,5.0,5.36,97.58000000000001,1.0,0.0,742.9,-0.086,-0.42000000000000004,0.6300000000000001,0.522,-0.040000000000000036,1.64,4.2,7.58,82.32,3.0,-1.0,698.76
seq_9,VLLNKARLAGFKTLRNTYKSTFKKHYHKHM,-0.08700000000000001,-0.2366666666666667,0.6863333333333332,0.7123333333333333,-0.30666666666666675,0.9343333333333331,5.183333333333334,8.450000000000001,85.95,20.0,-1.0,4018.4600000000005,0.06599999999999999,-0.9,0.8240000000000001,1.294,0.19999999999999982,2.4099999999999997,6.2,7.5,107.28,4.0,1.0,767.93,-0.11400000000000002,0.44000000000000006,0.76,0.5039999999999999,-0.44000000000000006,0.7979999999999999,5.3,9.16,89.68,3.0,-2.0,697.7399999999999
Sequence_52,YCNRRTGKCQRM,-0.36833333333333335,0.20833333333333334,0.62,0.45583333333333326,-1.1916666666666664,0.9391666666666666,6.041666666666667,8.483333333333334,91.49166666666667,14.0,3.0,1673.92,-0.492,0.9,0.568,0.246,-1.4799999999999998,1.224,6.1,8.74,89.3,6.0,2.0,667.8000000000001,-0.21800000000000005,-0.36,0.6839999999999999,0.788,-0.54,0.78,6.2,7.799999999999999,98.1,5.0,1.0,740.85
seq_27,VLLNKARLAGFNTLRNTYKSTFKKHYHKHC,-0.18666666666666668,0.03999999999999997,0.6756666666666665,0.5386666666666664,-0.6066666666666668,1.0899999999999999,5.283333333333333,8.666666666666668,86.62666666666664,25.0,1.0,4052.52,0.06599999999999999,-0.9,0.8240000000000001,1.294,0.19999999999999982,2.4099999999999997,6.2,7.5,107.28,4.0,1.0,767.93,-0.5720000000000001,1.4,0.7,-0.29600000000000004,-2.1,1.2879999999999998,5.7,10.280000000000001,91.1,7.0,-1.0,740.77
Sequence_336,SGFVLKGYTKTSQ,-0.059230769230769226,-0.8461538461538461,0.663076923076923,0.8138461538461537,-0.2538461538461539,0.9484615384615384,5.153846153846154,8.046153846153846,86.16153846153847,11.0,0.0,1789.9400000000003,0.03800000000000001,-1.1400000000000001,0.7100000000000001,0.9339999999999999,0.36000000000000004,1.636,4.9,7.160000000000001,90.05999999999999,4.0,0.0,707.8,-0.082,-0.7,0.586,0.798,-0.5200000000000001,0.29,5.1,8.4,80.62,4.0,0.0,663.6800000000001
Sequence_486,KKLLKWLLKLL,0.2545454545454545,-1.3727272727272728,0.8745454545454545,1.4145454545454548,1.1727272727272726,0.9872727272727272,5.818181818181818,7.181818181818183,99.61818181818184,5.0,0.0,1588.8500000000004,0.05199999999999998,-1.02,0.828,1.144,-0.1200000000000001,0.8699999999999999,5.8,8.32,95.94000000000001,3.0,0.0,727.8199999999999,0.504,-1.5399999999999998,0.9560000000000001,1.6480000000000001,2.96,0.29,5.6,6.24,99.97999999999999,1.0,0.0,679.8399999999999
Sequence_632,TSYGNGVHCNKSKCWIDVSELETYKAGTVSNPKDILW,-0.29432432432432437,-0.005405405405405434,0.647027027027027,0.3810810810810811,-1.4,1.5578378378378381,5.148648648648648,9.045945945945943,86.8108108108108,43.0,2.0,5161.529999999999,-0.33799999999999997,0.31999999999999995,0.6300000000000001,0.24800000000000005,-0.9399999999999998,0.984,5.2,9.1,81.2,6.0,1.0,633.7,-0.026000000000000006,-0.8800000000000001,0.6359999999999999,0.708,-0.78,1.302,4.8,8.48,84.42,4.0,0.0,674.71
Sequence_207,SVSCLRNKGVCMPGKCAPKMKQIGTCGMPQVKCCKRK,-0.3302702702702703,-0.2243243243243243,0.6751351351351349,0.574054054054054,-1.2675675675675675,1.4678378378378383,5.864864864864865,8.454054054054053,94.97297297297295,47.0,7.0,5501.239999999999,-0.23600000000000004,-0.32000000000000006,0.692,0.4839999999999999,-0.5,1.876,5.2,7.9,91.26,7.0,1.0,719.7900000000001,-0.8779999999999999,1.0,0.624,-0.34400000000000003,-3.4,1.56,6.5,9.959999999999999,95.12,10.0,2.0,773.8499999999999
seq_183,VLLEKARLAGFKTFRNCYKHNFKKHYHKNY,-0.20833333333333337,0.11666666666666667,0.6853333333333332,0.48433333333333345,-0.6833333333333333,1.138333333333333,5.216666666666667,8.773333333333335,87.10666666666664,24.0,0.0,4104.58,0.14200000000000002,-0.9,0.8400000000000001,1.168,0.2799999999999999,1.6759999999999997,5.3,7.840000000000001,99.93999999999998,3.0,-1.0,754.8399999999999,-0.20800000000000002,0.5,0.716,0.462,-0.44000000000000006,1.278,5.6,9.16,90.38000000000002,4.0,0.0,682.7799999999999
Sequence_296,RWKVFKKIEKVGRHIRDGVIKAGPAITVVGQATAL,-0.06171428571428568,-0.6914285714285715,0.5685714285714284,0.818857142857143,-1.0057142857142862,1.520857142857143,4.8,8.43714285714286,84.02857142857141,25.0,-2.0,4782.13,-0.008000000000000004,-1.44,0.616,1.284,-0.9000000000000001,2.6879999999999997,5.7,7.1,97.08000000000001,3.0,0.0,776.87,0.33199999999999996,-1.1400000000000001,0.652,1.2120000000000002,2.04,0.0,4.4,7.040000000000001,78.46000000000001,1.0,0.0,593.66
seq_26,VLLNKARLAGFNTLRNCYRHTFKKHYHHHD,-0.21033333333333332,0.2833333333333333,0.6773333333333333,0.44766666666666677,-0.7466666666666667,1.0779999999999998,5.3,8.853333333333335,86.91999999999994,25.0,-1.0,4059.5000000000005,0.06599999999999999,-0.9,0.8240000000000001,1.294,0.19999999999999982,2.4099999999999997,6.2,7.5,107.28,4.0,1.0,767.93,-0.392,1.54,0.7120000000000001,-0.27599999999999997,-1.9600000000000002,0.762,5.0,10.88,82.97999999999999,5.0,-3.0,690.66
Sequence_371,AVNIPFKVKFRCKAAFC,-0.22705882352941179,-0.3,0.5941176470588235,0.5352941176470589,-0.6764705882352942,1.5752941176470585,4.852941176470588,8.105882352941178,84.71176470588233,15.0,3.0,2338.68,-0.01200000000000001,-0.44000000000000006,0.5359999999999999,1.02,-0.3,2.12,4.6,7.9,85.42,3.0,1.0,663.8000000000001,-0.324,0.1,0.608,0.051999999999999956,-0.32,0.78,4.3,8.52,74.9,5.0,1.0,628.69
Sequence_483,ALRLAIRKR,0.16777777777777772,-0.5666666666666667,0.54,1.0422222222222222,0.46666666666666656,0.1611111111111111,4.333333333333333,7.777777777777778,73.13333333333334,1.0,0.0,1016.14,0.378,-0.9199999999999999,0.688,1.268,2.2,0.0,4.3,6.92,76.56,0.0,0.0,555.65,-0.026000000000000002,-0.2,0.388,0.742,-1.0,0.29,4.0,8.7,65.6,1.0,0.0,549.5799999999999
Sequence_557,KPWERE,-0.27166666666666667,0.3166666666666667,0.6766666666666666,0.5733333333333334,-1.866666666666667,1.085,4.916666666666667,9.383333333333333,86.03333333333335,4.0,-2.0,866.89,-0.182,-0.21999999999999992,0.6599999999999999,0.9280000000000002,-1.5400000000000003,1.302,5.4,8.66,89.56000000000002,3.0,-1.0,733.79,-0.246,0.4800000000000001,0.672,0.5599999999999999,-1.6,1.012,4.7,9.18,84.85999999999999,3.0,-2.0,711.73
Sequence_312,FLPMLAGLAANFLPELFCKITKKC,-0.06999999999999999,-0.3166666666666667,0.7141666666666664,0.6500000000000001,0.5166666666666669,0.5904166666666666,4.8125,7.820833333333334,84.77916666666668,17.0,2.0,3149.669999999999,0.458,-1.5399999999999998,0.884,1.6960000000000002,3.44,0.0,5.1,5.299999999999999,94.4,0.0,0.0,663.8699999999999,-0.516,0.32,0.516,-0.05999999999999996,-2.4,1.0699999999999998,5.0,9.78,80.08,7.0,1.0,678.71
seq_50,VLLNKARLAGFNTLRNTYRSNFKKHYHKNT,-0.16966666666666666,0.05666666666666666,0.6643333333333332,0.6146666666666666,-0.5466666666666667,1.1623333333333332,5.316666666666666,8.580000000000004,86.5633333333333,23.0,3.0,3983.5400000000004,0.06599999999999999,-0.9,0.8240000000000001,1.294,0.19999999999999982,2.4099999999999997,6.2,7.5,107.28,4.0,1.0,767.93,-0.352,0.72,0.6639999999999999,0.266,-1.4200000000000002,1.278,5.6,9.700000000000001,87.60000000000001,5.0,0.0,684.7499999999999
Sequence_33,AVNIPFKVHFRCKAAFC,-0.24,-0.09411764705882351,0.5929411764705881,0.4529411764705883,-0.6941176470588234,1.564705882352941,4.794117647058823,8.217647058823529,84.28823529411764,15.0,2.0,2330.65,-0.01200000000000001,-0.44000000000000006,0.5359999999999999,1.02,-0.3,2.12,4.6,7.9,85.42,3.0,1.0,663.8000000000001,-0.324,0.1,0.608,0.051999999999999956,-0.32,0.78,4.3,8.52,74.9,5.0,1.0,628.69
seq_39,VLLNKARLAGFKTLRNTYKANFKKHIHKHT,-0.137,-0.053333333333333365,0.6506666666666665,0.602,-0.6300000000000001,1.0566666666666664,5.066666666666666,8.730000000000002,84.34999999999998,21.0,0.0,3975.4000000000005,0.06599999999999999,-0.9,0.8240000000000001,1.294,0.19999999999999982,2.4099999999999997,6.2,7.5,107.28,4.0,1.0,767.93,-0.33199999999999996,1.02,0.512,-0.072,-2.26,0.7979999999999999,4.3,10.52,73.76,4.0,-2.0,643.61
Sequence_656,GRLKKLGKKIEGAGKRVFKAAEKALPVVAGVKALG,-0.0731428571428571,-0.6542857142857144,0.666285714285714,0.8171428571428575,-0.7885714285714283,1.3377142857142856,4.985714285714286,8.554285714285713,86.42571428571428,26.0,-2.0,4836.249999999999,-0.166,-0.52,0.692,0.8320000000000001,-1.4,0.8300000000000001,5.8,8.9,89.82000000000001,4.0,0.0,702.7699999999999,0.052000000000000005,-1.2,0.724,1.118,-0.2600000000000001,1.9259999999999997,5.4,7.919999999999999,94.32000000000001,4.0,0.0,725.81
Sequence_182,SGISGPLSCGRNGGVCIPIRCPVPMRQIGTCFGRPVKCCRSW,-0.320952380952381,-0.08095238095238091,0.587142857142857,0.48500000000000004,-1.2619047619047619,1.2957142857142858,5.357142857142857,8.364285714285712,87.63333333333333,50.0,7.0,5873.65,-0.348,0.2,0.484,-0.08399999999999999,-1.8,0.5,3.7,9.68,65.1,6.0,0.0,577.55,-0.7659999999999999,0.8,0.5900000000000001,-0.278,-2.54,1.9920000000000002,6.1,8.88,92.57999999999998,10.0,2.0,749.81
Sequence_470,KIKWFKTMKSIAKFIAKEQMKKHLGGE,-0.13333333333333333,-0.2925925925925927,0.624074074074074,0.5092592592592593,-0.8740740740740741,0.7566666666666665,4.462962962962963,8.922222222222224,79.59259259259261,18.0,-3.0,3556.7,-0.11599999999999999,-0.86,0.5439999999999999,0.6519999999999999,-1.1200000000000003,1.5919999999999999,4.5,8.3,80.92,3.0,0.0,687.7299999999999,-0.398,0.9199999999999999,0.764,-0.1,-1.9,0.754,5.0,10.3,86.9,6.0,-2.0,703.6999999999999
seq_383,VLLNKARLSGFKTLRNCYKSTFKKHYHKHV,-0.162,-0.15000000000000005,0.6833333333333332,0.6263333333333333,-0.6766666666666666,1.2469999999999999,5.333333333333333,8.566666666666668,88.40333333333332,25.0,0.0,4162.610000000001,0.06599999999999999,-0.9,0.8240000000000001,1.294,0.19999999999999982,2.4099999999999997,6.2,7.5,107.28,4.0,1.0,767.93,-0.14600000000000002,0.12000000000000002,0.704,0.6439999999999999,-1.3800000000000001,2.184,5.6,9.260000000000002,96.36000000000001,4.0,-2.0,770.81
Sequence_533,GLLKPLLKIAAKVGSNLL,0.09611111111111109,-0.7944444444444446,0.7394444444444442,1.0366666666666664,0.55,0.9694444444444446,5.083333333333333,7.788888888888888,88.98333333333333,11.0,1.0,2402.7799999999997,0.126,-1.04,0.8400000000000001,1.3239999999999998,0.8399999999999999,0.54,5.8,7.4,96.66,3.0,0.0,712.86,-0.11799999999999997,-0.020000000000000018,0.786,0.604,0.16000000000000014,0.984,5.4,8.280000000000001,90.74,5.0,1.0,659.77
seq_344,VLLDKARLAGFKTLRNCYKTNFKKHYHKHS,-0.17866666666666667,-0.056666666666666726,0.6849999999999999,0.5416666666666667,-0.6766666666666666,1.0159999999999998,5.25,8.73666666666667,86.33666666666664,25.0,0.0,4074.4900000000002,0.15799999999999997,-1.46,0.8400000000000001,1.288,0.2799999999999999,1.6759999999999997,5.8,7.56,101.4,4.0,0.0,753.8599999999999,-0.272,0.86,0.6699999999999999,0.12599999999999997,-1.3599999999999999,0.7979999999999999,4.8,10.020000000000001,80.26,4.0,-2.0,671.66
Sequence_446,QLKKCWNNYVQGHCRKICRVNEVPEALCENGRYCCLNIKELEAC,-0.40454545454545454,0.509090909090909,0.6704545454545454,0.22159090909090914,-1.4522727272727274,1.6118181818181823,5.511363636363637,9.072727272727272,92.89999999999999,56.0,6.0,6382.11,-0.24400000000000005,-0.45999999999999996,0.76,0.6759999999999997,-0.7200000000000001,1.0699999999999998,6.3,8.34,101.76000000000002,6.0,1.0,780.8799999999999,-0.44399999999999995,1.34,0.748,-0.386,-1.04,0.49000000000000005,4.1,9.959999999999999,80.1,6.0,-1.0,660.6600000000001
seq_313,VLLNKARLAGFKTLRNCYRGNFKKNYHHNC,-0.2893333333333334,0.27999999999999997,0.6813333333333332,0.4323333333333333,-0.89,1.3673333333333337,5.583333333333333,8.750000000000004,90.24999999999997,30.0,5.0,4134.760000000001,0.06599999999999999,-0.9,0.8240000000000001,1.294,0.19999999999999982,2.4099999999999997,6.2,7.5,107.28,4.0,1.0,767.93,-0.712,2.1,0.6960000000000001,-0.538,-2.2399999999999998,1.732,5.9,10.46,93.74000000000001,8.0,0.0,731.8
Sequence_586,SIITMTKEAKLPQLWKQIACRLYNTC,-0.06423076923076923,-0.33461538461538465,0.6157692307692307,0.6830769230769231,-0.015384615384615432,0.6915384615384615,4.826923076923077,8.13076923076923,83.0153846153846,19.0,2.0,3376.7500000000005,0.082,-0.38,0.40199999999999997,0.48599999999999993,0.3,0.0,2.9,8.139999999999999,60.14,2.0,0.0,505.52,-0.354,0.4600000000000001,0.728,0.25,-0.08000000000000025,1.224,6.0,8.3,94.5,7.0,2.0,687.8299999999999
Sequence_145,QCMQLETSGQMRRCVSQCDKRFEEDIDWSKYDNQE,-0.24314285714285708,-0.04571428571428568,0.666,0.41200000000000003,-0.9428571428571428,0.7759999999999999,5.128571428571429,8.734285714285713,87.30857142857143,36.0,0.0,4884.179999999999,0.14400000000000002,-1.1199999999999999,0.8160000000000001,1.2599999999999998,1.8799999999999997,0.49000000000000005,6.3,6.2,108.17999999999999,4.0,1.0,766.92,-0.262,0.44000000000000006,0.732,0.286,-0.78,0.734,5.2,9.4,89.63999999999999,5.0,0.0,693.7500000000001
seq_67,VLLNKARLAGFKTLRNTYRGTFKKHYHHNC,-0.19,0.05333333333333326,0.6693333333333332,0.5496666666666665,-0.6433333333333334,1.0833333333333333,5.366666666666666,8.630000000000003,87.17666666666665,25.0,1.0,4053.5500000000006,0.06599999999999999,-0.9,0.8240000000000001,1.294,0.19999999999999982,2.4099999999999997,6.2,7.5,107.28,4.0,1.0,767.93,-0.712,2.1,0.6960000000000001,-0.538,-2.2399999999999998,1.732,5.9,10.46,93.74000000000001,8.0,0.0,731.8
seq_206,VLLNKARLAGFKTLRNCYRGNFKKHYKHNY,-0.18933333333333335,0.013333333333333315,0.6846666666666666,0.5926666666666666,-0.5766666666666667,1.2116666666666667,5.466666666666667,8.566666666666668,89.00999999999998,25.0,3.0,4086.6800000000007,0.06599999999999999,-0.9,0.8240000000000001,1.294,0.19999999999999982,2.4099999999999997,6.2,7.5,107.28,4.0,1.0,767.93,-0.20800000000000002,0.5,0.716,0.462,-0.44000000000000006,1.278,5.6,9.16,90.38,4.0,0.0,682.78
Sequence_90,GLFGRLRDSLQRGGQKILEKAERIWCKIKDIFRG,-0.14735294117647058,-0.24411764705882355,0.5938235294117646,0.5000000000000001,-0.8852941176470589,0.5752941176470587,4.6911764705882355,8.691176470588236,80.0794117647059,26.0,-1.0,4404.69,-0.13599999999999998,-0.48,0.672,0.608,-0.32,0.5,5.2,7.94,84.66,4.0,0.0,659.75,-0.24,-0.12000000000000002,0.484,0.152,-1.3,0.25,4.0,8.92,68.72,4.0,0.0,589.62
Sequence_613,DNGEAGRAAR,-0.323,0.51,0.5840000000000001,0.15999999999999998,-1.57,0.617,4.5,9.719999999999999,73.36,9.0,0.0,1201.2400000000002,-0.5800000000000001,1.1800000000000002,0.6799999999999999,-0.384,-2.52,0.984,4.6,10.9,78.3,7.0,0.0,646.6500000000001,-0.066,-0.16,0.488,0.704,-0.6199999999999999,0.25,4.4,8.540000000000001,68.42,2.0,0.0,554.59
seq_227,VLLNKARLSGFNTLRNTYKSNFKKHYHKHD,-0.197,0.08666666666666666,0.6846666666666666,0.5303333333333333,-0.7666666666666667,1.1306666666666667,5.283333333333333,8.830000000000004,86.71999999999997,25.0,1.0,4053.51,0.06599999999999999,-0.9,0.8240000000000001,1.294,0.19999999999999982,2.4099999999999997,6.2,7.5,107.28,4.0,1.0,767.93,-0.34800000000000003,0.8400000000000001,0.716,0.003999999999999981,-1.9,0.7979999999999999,5.2,10.500000000000002,84.42,5.0,-2.0,698.6899999999999
Sequence_77,FLGGLIKIVPAMICAVTKK,-0.026842105263157896,-0.736842105263158,0.6052631578947367,0.7852631578947369,-0.21052631578947373,1.2189473684210526,4.657894736842105,7.989473684210527,83.80526315789474,14.0,1.0,2526.8399999999992,0.02400000000000002,-0.8399999999999999,0.804,0.7479999999999999,0.9,0.5,5.2,7.38,90.34,4.0,0.0,675.79,-0.07200000000000001,-1.06,0.624,1.0139999999999998,-1.24,1.9659999999999997,5.3,8.58,88.6,4.0,0.0,722.77
Sequence_238,QSISCAESCVWIPCATSLIGCSCVNSRCIYSK,-0.3593749999999999,0.25625,0.5584374999999999,0.12749999999999997,-1.1468749999999999,1.2496875000000003,4.65625,8.762499999999998,80.465625,41.0,6.0,4226.530000000001,-0.302,0.21999999999999997,0.488,0.04399999999999986,-0.74,0.49000000000000005,4.1,8.62,73.82000000000001,6.0,1.0,624.6399999999999,-0.34400000000000003,0.26,0.534,0.009999999999999986,-0.9400000000000001,0.78,4.4,8.999999999999998,75.46,6.0,1.0,626.67
seq_290,VLLNKARLAGFKTLRNMYRSNFKKHYHHHV,-0.09566666666666669,-0.09000000000000002,0.6869999999999998,0.7173333333333332,-0.37666666666666676,1.2333333333333332,5.266666666666667,8.41666666666667,88.36999999999996,20.0,-1.0,4082.590000000001,0.06599999999999999,-0.9,0.8240000000000001,1.294,0.19999999999999982,2.4099999999999997,6.2,7.5,107.28,4.0,1.0,767.93,-0.18999999999999997,0.82,0.7,0.364,-1.44,2.148,5.4,9.64,94.92,4.0,-3.0,762.78
Sequence_27,ATCDLLSGFGVGDSACAAHCIARGNRGGYCNSKKVCVCRN,-0.4327500000000001,0.3075,0.6272499999999999,0.11674999999999998,-1.5725,1.4542500000000003,5.3125,9.097499999999998,86.18999999999997,56.0,8.0,5496.0199999999995,-0.32,0.10000000000000005,0.696,0.07799999999999993,-0.4800000000000001,0.49000000000000005,5.1,8.8,82.12,7.0,1.0,645.6999999999999,-0.8640000000000001,1.1199999999999999,0.62,-0.194,-3.08,3.0999999999999996,6.9,9.14,106.46000000000001,11.0,3.0,813.96
seq_149,VLLNKARLSGFNTLRNMYRHNFKKHYHKHC,-0.21166666666666664,0.24000000000000002,0.6916666666666665,0.5193333333333331,-0.6866666666666668,1.2063333333333335,5.433333333333334,8.693333333333335,89.2433333333333,25.0,1.0,4109.650000000001,0.06599999999999999,-0.9,0.8240000000000001,1.294,0.19999999999999982,2.4099999999999997,6.2,7.5,107.28,4.0,1.0,767.93,-0.5720000000000001,1.4,0.7,-0.29600000000000004,-2.1,1.2879999999999998,5.7,10.280000000000001,91.1,7.0,-1.0,740.77
Sequence_74,GLLDAIKDTAQNLFANVLDKIKCKFTKC,-0.20142857142857146,-0.2535714285714286,0.659285714285714,0.43392857142857155,-0.6678571428571428,0.9882142857142855,5.0,8.67142857142857,84.69285714285715,28.0,4.0,3751.1499999999996,0.076,-0.74,0.8,0.73,0.76,0.25,4.9,8.120000000000001,84.4,4.0,0.0,629.7,-0.54,0.12000000000000002,0.6399999999999999,0.016000000000000014,-1.8200000000000003,1.0699999999999998,5.5,9.08,86.47999999999999,7.0,1.0,724.79
seq_302,VLLNKARLAGFKTLRNCYRGNFKKHYHHHC,-0.25733333333333336,0.27999999999999997,0.6813333333333332,0.4196666666666666,-0.8633333333333334,1.2073333333333336,5.45,8.81666666666667,88.88999999999996,28.0,1.0,4136.640000000001,0.06599999999999999,-0.9,0.8240000000000001,1.294,0.19999999999999982,2.4099999999999997,6.2,7.5,107.28,4.0,1.0,767.93,-0.616,2.1,0.6960000000000001,-0.576,-2.16,1.252,5.5,10.66,89.66,7.0,-2.0,732.74
Sequence_282,GIFPKIIGKGIVNGIKSLAKGVGMKVFKAGLNNIGNTGCNNRDEC,-0.34888888888888886,0.13333333333333325,0.5966666666666666,0.2704444444444445,-1.6666666666666667,1.5035555555555558,5.011111111111111,9.211111111111114,84.90666666666665,52.0,7.0,6102.749999999997,-0.12599999999999997,-0.52,0.556,0.64,-0.54,0.54,4.3,8.22,76.78,3.0,0.0,646.74,-0.858,1.8399999999999999,0.648,-0.654,-3.4,1.224,5.5,10.879999999999999,86.38,9.0,1.0,700.74
seq_228,VLLNKARLAGFKTLRNTYRSTFKKHYKHTY,-0.06100000000000002,-0.32333333333333336,0.6616666666666666,0.7603333333333333,-0.1466666666666667,0.8436666666666665,5.15,8.280000000000001,84.32666666666665,19.0,0.0,3936.4000000000005,0.06599999999999999,-0.9,0.8240000000000001,1.294,0.19999999999999982,2.4099999999999997,6.2,7.5,107.28,4.0,1.0,767.93,-0.023999999999999976,-0.18,0.68,0.68,0.2,0.5439999999999999,5.2,8.620000000000001,83.6,3.0,-1.0,655.7099999999999
Sequence_320,RVKRVWPLVIRTVIAGYNLYRAIKKK,0.05500000000000002,-0.9230769230769231,0.576153846153846,1.139615384615385,-0.40384615384615397,1.6730769230769234,5.096153846153846,7.803846153846155,87.37692307692306,14.0,1.0,3540.01,0.039999999999999994,-1.46,0.5640000000000001,1.6480000000000001,-1.6400000000000001,3.062,6.2,7.44,101.97999999999999,3.0,0.0,793.9,-0.158,-0.4,0.524,0.518,-1.64,0.8699999999999999,4.2,9.66,72.92,3.0,0.0,629.64
seq_150,VLLNKARLAGFKTLRNTYRGNFKKHYHKNM,-0.137,-0.11000000000000006,0.6859999999999999,0.6933333333333332,-0.46333333333333326,1.1299999999999997,5.4,8.470000000000002,88.30999999999997,22.0,2.0,4045.620000000001,0.06599999999999999,-0.9,0.8240000000000001,1.294,0.19999999999999982,2.4099999999999997,6.2,7.5,107.28,4.0,1.0,767.93,-0.21000000000000002,0.44000000000000006,0.76,0.542,-0.5200000000000001,1.278,5.7,8.96,93.76000000000002,4.0,0.0,696.7999999999998
seq_213,VLLNKARLSGFNTLRNCYRHTFKKHYHKNT,-0.2206666666666667,0.1733333333333333,0.6696666666666665,0.516,-0.7433333333333333,1.164,5.416666666666667,8.693333333333335,87.76666666666664,26.0,2.0,4069.59,0.06599999999999999,-0.9,0.8240000000000001,1.294,0.19999999999999982,2.4099999999999997,6.2,7.5,107.28,4.0,1.0,767.93,-0.352,0.72,0.6639999999999999,0.266,-1.4200000000000002,1.278,5.6,9.700000000000001,87.60000000000001,5.0,0.0,684.7499999999999
seq_102,VLLDKARLAGFKTLRNCYRGNFKKNYHKNM,-0.19033333333333333,-0.09000000000000007,0.6946666666666665,0.6113333333333332,-0.5899999999999999,1.1693333333333333,5.483333333333333,8.510000000000002,89.27333333333331,26.0,4.0,4085.6900000000005,0.15799999999999997,-1.46,0.8400000000000001,1.288,0.2799999999999999,1.6759999999999997,5.8,7.56,101.4,4.0,0.0,753.8599999999999,-0.21000000000000002,0.44000000000000006,0.76,0.542,-0.5200000000000001,1.278,5.7,8.96,93.76000000000002,4.0,0.0,696.7999999999998
seq_157,VLLNKARLSGFKTFRNTYKSTFKKNYKHNC,-0.23533333333333328,-0.02333333333333331,0.6633333333333332,0.5189999999999999,-0.7633333333333334,1.176,5.316666666666666,8.616666666666669,86.5,27.0,4.0,4065.59,0.06599999999999999,-0.9,0.8240000000000001,1.294,0.19999999999999982,2.4099999999999997,6.2,7.5,107.28,4.0,1.0,767.93,-0.6679999999999999,1.4,0.7000000000000001,-0.258,-2.18,1.768,6.1,10.080000000000002,95.17999999999999,8.0,1.0,739.8299999999999
Sequence_591,FFSMIPKIATGIASLVKNL,0.020526315789473684,-0.5631578947368422,0.5842105263157894,0.7278947368421053,0.26842105263157895,0.7763157894736841,4.105263157894737,7.905263157894736,76.28421052631579,10.0,1.0,2324.61,0.10200000000000001,-0.7,0.55,0.534,1.52,0.0,3.0,6.82,65.96000000000001,1.0,0.0,553.6299999999999,0.06599999999999999,-0.9,0.8240000000000001,1.2939999999999998,0.2,2.4099999999999997,6.2,7.5,107.28,4.0,1.0,767.93
Sequence_201,SDCNINSNTAADVILCFNQVGSCALCSPTLVGGPVP,-0.27833333333333327,-0.06944444444444448,0.6444444444444444,0.4591666666666666,-0.8388888888888888,1.5541666666666667,5.236111111111111,8.422222222222219,88.68333333333331,44.0,8.0,5004.699999999999,-0.72,1.3,0.53,-0.6519999999999999,-2.62,1.224,4.6,10.319999999999999,76.22,9.0,2.0,632.6699999999998,-0.09799999999999998,-1.1199999999999999,0.724,1.3920000000000001,-0.82,1.886,6.2,7.5600000000000005,102.03999999999999,5.0,0.0,794.96
Sequence_183,SDYSRKRDPPQKYEEE,-0.16812499999999997,0.05625000000000002,0.6725,0.5625000000000002,-0.85625,0.18125,4.6875,9.1125,79.80625000000002,11.0,-3.0,2112.21,-0.13799999999999998,-0.13999999999999999,0.588,0.42400000000000004,-0.5,0.0,4.3,8.779999999999998,68.83999999999999,4.0,0.0,574.58,-0.4039999999999999,1.4,0.7479999999999999,-0.2919999999999999,-1.9,0.29,3.7,11.059999999999999,76.44000000000001,4.0,-3.0,671.61
seq_333,VLLNKARLAGFNTLRNCYRSNFKKHYHKTC,-0.24433333333333335,0.16999999999999998,0.6703333333333332,0.4763333333333334,-0.6933333333333334,1.2033333333333334,5.416666666666667,8.616666666666669,87.95999999999997,28.0,4.0,4066.63,0.06599999999999999,-0.9,0.8240000000000001,1.294,0.19999999999999982,2.4099999999999997,6.2,7.5,107.28,4.0,1.0,767.93,-0.484,0.72,0.6639999999999999,-0.040000000000000036,-1.54,1.034,5.7,9.540000000000001,88.4,7.0,0.0,712.76
Sequence_84,GLLLDTLKGAAKDIAGIALEKLKCKITGCKP,-0.15870967741935488,-0.24838709677419366,0.6625806451612902,0.4477419354838711,-0.6193548387096774,0.6,4.774193548387097,8.874193548387096,81.2774193548387,29.0,1.0,4017.3399999999997,0.172,-1.0,0.9,0.9760000000000002,1.3,0.25,5.5,7.539999999999999,94.28,4.0,0.0,671.78,-0.5539999999999999,0.19999999999999996,0.6680000000000001,0.24799999999999994,-1.9999999999999996,1.03,6.1,9.14,91.91999999999999,8.0,1.0,743.84
Sequence_562,LALKSGGWLRLFGLKDKKH,-0.06842105263157894,-0.5631578947368422,0.7426315789473682,0.7315789473684212,-0.37894736842105264,0.8357894736842104,5.2894736842105265,8.421052631578949,88.03684210526319,15.0,-1.0,2605.84,0.21000000000000002,-0.86,0.758,1.0239999999999998,1.36,0.29,4.5,7.619999999999999,80.67999999999999,2.0,0.0,611.68,-0.492,0.33999999999999997,0.7080000000000001,0.11200000000000002,-3.3200000000000003,1.1239999999999999,5.6,11.02,87.22,6.0,-1.0,744.7299999999999
Sequence_255,GTIPCGESCVFIPCLTSALGCSCKSKVCYKN,-0.42516129032258065,0.24193548387096775,0.6348387096774192,0.1393548387096774,-1.303225806451613,1.3009677419354841,5.193548387096774,8.841935483870966,86.57096774193548,44.0,6.0,4333.79,-0.442,0.3,0.528,0.12000000000000002,-1.4400000000000002,0.74,5.0,8.860000000000001,80.8,7.0,1.0,663.75,-0.47000000000000003,0.12000000000000002,0.704,0.41400000000000003,-1.6600000000000001,2.8999999999999995,6.5,8.7,105.32000000000001,8.0,2.0,796.94
Sequence_671,AWLLAIRKR,0.1777777777777778,-0.8222222222222222,0.577777777777778,1.0866666666666667,0.5,0.7233333333333333,4.5,7.577777777777777,77.86666666666667,2.0,0.0,1082.1999999999998,0.396,-1.38,0.756,1.348,2.2600000000000002,1.012,4.6,6.56,85.08000000000001,1.0,0.0,621.7099999999999,-0.026000000000000002,-0.2,0.388,0.742,-1.0,0.29,4.0,8.7,65.6,1.0,0.0,549.5799999999999
seq_24,VLLNKARLAGFKTFRNCYRSHFKKHYHKHD,-0.20533333333333334,0.1,0.6663333333333333,0.46700000000000014,-0.7833333333333333,1.0099999999999998,5.15,8.790000000000001,85.05333333333331,24.0,-1.0,4052.4500000000007,0.06599999999999999,-0.9,0.8240000000000001,1.294,0.19999999999999982,2.4099999999999997,6.2,7.5,107.28,4.0,1.0,767.93,-0.34800000000000003,0.8400000000000001,0.716,0.003999999999999981,-1.9,0.7979999999999999,5.2,10.500000000000002,84.42,5.0,-2.0,698.6899999999999
Sequence_440,FTMKKSLLFIFFLGTISLSLC,0.012857142857142869,-0.5952380952380953,0.6623809523809523,0.6166666666666668,0.8238095238095239,0.31428571428571433,4.309523809523809,7.499999999999998,78.45238095238093,13.0,1.0,2605.9400000000005,-0.082,-0.8400000000000001,0.7,0.8160000000000001,-0.16000000000000014,0.58,5.1,7.959999999999999,85.05999999999999,3.0,0.0,681.76,-0.164,0.0,0.756,0.344,0.5800000000000001,0.49000000000000005,4.9,7.859999999999999,84.58,6.0,1.0,646.72
seq_114,VLLNKARLAGFKTLRNMYKANFKKHYHHNS,-0.12666666666666668,-0.010000000000000047,0.6923333333333334,0.6406666666666666,-0.35333333333333344,1.1306666666666665,5.2,8.553333333333336,86.89999999999996,21.0,1.0,4006.530000000001,0.06599999999999999,-0.9,0.8240000000000001,1.294,0.19999999999999982,2.4099999999999997,6.2,7.5,107.28,4.0,1.0,767.93,-0.41200000000000003,1.56,0.666,-0.11599999999999999,-1.4999999999999998,1.242,5.0,10.2,82.9,5.0,-1.0,662.6899999999999
Sequence_545,GIFTKINKKKAKTGVFNIIKTIGKEAGMDVIRAGIDTISCKIKGEC,-0.2976086956521739,0.03695652173913046,0.5263043478260869,0.1882608695652174,-1.673913043478261,1.0141304347826088,4.3478260869565215,9.413043478260871,75.85,46.0,2.0,5866.109999999999,-0.21399999999999997,-0.34,0.5,0.264,-1.06,0.54,4.1,8.8,71.47999999999999,4.0,0.0,616.65,-0.682,1.1400000000000001,0.564,-0.576,-3.02,1.03,4.5,10.68,79.08,8.0,0.0,683.6800000000001
seq_309,VLLNKARLAGFNTLRNCYRSNFKKHYHHHC,-0.26633333333333337,0.4,0.6756666666666665,0.38700000000000007,-0.7966666666666667,1.239666666666667,5.383333333333334,8.803333333333336,88.16999999999994,28.0,2.0,4086.6100000000006,0.06599999999999999,-0.9,0.8240000000000001,1.294,0.19999999999999982,2.4099999999999997,6.2,7.5,107.28,4.0,1.0,767.93,-0.616,2.1,0.6960000000000001,-0.576,-2.16,1.252,5.5,10.66,89.66,7.0,-2.0,732.74
Sequence_664,VAIALKAAHYHTHKE,-0.05066666666666668,0.12666666666666665,0.6173333333333332,0.4666666666666666,-0.4333333333333334,0.9093333333333331,4.166666666666667,9.146666666666667,76.4466666666667,8.0,-4.0,1887.9200000000003,0.352,-1.24,0.5519999999999999,1.168,1.3599999999999999,1.386,3.6,7.160000000000001,75.78,1.0,0.0,588.66,-0.508,1.6199999999999999,0.664,-0.312,-2.88,0.798,4.7,11.32,80.17999999999999,5.0,-3.0,701.64
seq_266,VLLNKARLAGFKTLRNTYRSHFKKHYHKNM,-0.10666666666666667,-0.10666666666666667,0.6809999999999998,0.6946666666666665,-0.36000000000000015,1.008333333333333,5.233333333333333,8.460000000000003,86.47,20.0,0.0,4005.500000000001,0.06599999999999999,-0.9,0.8240000000000001,1.294,0.19999999999999982,2.4099999999999997,6.2,7.5,107.28,4.0,1.0,767.93,-0.21000000000000002,0.44000000000000006,0.76,0.542,-0.5200000000000001,1.278,5.7,8.96,93.76000000000002,4.0,0.0,696.7999999999998
Sequence_454,DCTRWIIGINGRICRD,-0.43812499999999993,0.44375000000000003,0.45,-0.043125000000000004,-2.20625,1.008125,4.65625,9.456249999999999,75.46875,20.0,3.0,1997.1100000000001,-0.526,0.10000000000000009,0.6,0.12399999999999997,-2.32,1.502,6.0,8.98,89.16,8.0,1.0,721.76,-0.476,0.64,0.43200000000000005,-0.06000000000000003,-2.32,0.49000000000000005,4.8,9.42,73.66,6.0,1.0,611.65
Sequence_285,GGLKKLGKKLEGAGKRVFNAAEKALPVVAGAKAL,-0.08058823529411761,-0.538235294117647,0.6994117647058821,0.7694117647058826,-0.5617647058823527,1.238529411764706,5.014705882352941,8.564705882352941,86.68823529411763,26.0,-1.0,4653.1,-0.2899999999999999,-0.48,0.756,0.548,-1.78,1.08,5.9,9.4,93.03999999999999,6.0,0.0,733.79,0.028000000000000004,-0.62,0.688,0.732,0.2799999999999999,0.54,4.5,8.46,77.76,3.0,0.0,610.66
seq_321,VLLNKARLAGFKTLRNTYRSTFKKHYHKTC,-0.1376666666666667,-0.17333333333333337,0.6589999999999999,0.6403333333333332,-0.4366666666666667,0.9253333333333331,5.233333333333333,8.433333333333334,85.12666666666665,23.0,1.0,3993.4500000000003,0.06599999999999999,-0.9,0.8240000000000001,1.294,0.19999999999999982,2.4099999999999997,6.2,7.5,107.28,4.0,1.0,767.93,-0.484,0.72,0.6639999999999999,-0.040000000000000036,-1.54,1.034,5.7,9.540000000000001,88.4,7.0,0.0,712.76
seq_366,VLLNKARLAGFNTLRNCYRHNYKKNYHHNM,-0.21733333333333335,0.3133333333333333,0.6953333333333334,0.5446666666666666,-0.58,1.3603333333333336,5.583333333333333,8.66666666666667,90.84666666666662,26.0,4.0,4079.7400000000007,0.06599999999999999,-0.9,0.8240000000000001,1.294,0.19999999999999982,2.4099999999999997,6.2,7.5,107.28,4.0,1.0,767.93,-0.254,1.1400000000000001,0.756,0.262,-0.5799999999999998,1.242,5.5,9.34,92.32000000000001,4.0,-1.0,688.7699999999999
Sequence_263,DKLIGSCVWGAVNYTSNCNAECKRRGYKGGHCGSFLNVNCWCET,-0.4770454545454546,0.4227272727272728,0.6511363636363636,0.09954545454545456,-1.825,1.7518181818181824,5.534090909090909,9.225000000000001,90.18409090909087,64.0,8.0,6293.8899999999985,-0.16799999999999998,-0.38,0.632,0.344,-1.22,0.54,4.6,9.34,79.12,5.0,0.0,639.67,-0.8799999999999999,1.26,0.664,-0.6559999999999999,-2.9,1.9920000000000002,5.9,9.760000000000002,94.79999999999998,11.0,1.0,781.81
Sequence_156,GGLKKLGKKLEGVGKRVFKASEKALPVLTGYKAIG,-0.0991428571428571,-0.6057142857142856,0.691142857142857,0.7571428571428572,-0.7657142857142856,1.1754285714285715,5.114285714285714,8.602857142857141,87.45714285714284,29.0,-2.0,4868.289999999999,-0.2899999999999999,-0.48,0.756,0.548,-1.78,1.08,5.9,9.4,93.03999999999999,6.0,0.0,733.79,-0.02799999999999998,-0.45999999999999996,0.532,0.518,-0.22000000000000003,0.54,4.0,8.78,71.11999999999999,3.0,0.0,582.62
Sequence_146,GPIQISYNYNYGPCGRYCGILGVSPGDNLDCGNQR,-0.2851428571428571,0.04285714285714286,0.6382857142857142,0.43714285714285706,-0.8685714285714284,1.0774285714285714,5.428571428571429,8.62,88.38857142857138,41.0,7.0,4773.49,0.10000000000000002,-0.72,0.43200000000000005,0.8959999999999999,0.07999999999999996,0.25,3.9,7.88,74.78,2.0,0.0,610.69,-0.6020000000000001,0.74,0.62,0.12199999999999993,-2.14,1.474,6.5,9.1,98.28,8.0,2.0,746.86
Sequence_653,GWLKKIGKKIERVGQHTRDATIQTIAVAQQAANVAATAR,-0.01897435897435898,-0.5666666666666667,0.5533333333333331,0.7771794871794874,-0.5333333333333329,1.0343589743589743,4.602564102564102,8.433333333333334,80.05641025641025,24.0,-1.0,5038.34,-0.148,-0.9799999999999999,0.76,0.9120000000000001,-1.34,1.8419999999999999,6.1,8.54,98.33999999999999,5.0,0.0,768.8299999999999,0.1,-0.38,0.484,0.7460000000000001,0.62,0.0,3.6,8.18,60.52,1.0,0.0,501.52
seq_136,VLLNKARLAGFKTLRNCYRGTFKKHYHKHT,-0.16666666666666666,-0.06333333333333332,0.6699999999999999,0.5899999999999999,-0.62,1.0093333333333332,5.333333333333333,8.600000000000001,86.73666666666664,24.0,0.0,4062.5200000000004,0.06599999999999999,-0.9,0.8240000000000001,1.294,0.19999999999999982,2.4099999999999997,6.2,7.5,107.28,4.0,1.0,767.93,-0.256,0.72,0.6639999999999999,0.22799999999999998,-1.34,0.7979999999999999,5.2,9.900000000000002,83.52000000000001,4.0,-2.0,685.6899999999999
Sequence_630,RWKIFKKIEKMGRNIRDGIVKAGPAIEVLGSAKAI,-0.12942857142857145,-0.27714285714285714,0.5448571428571428,0.5445714285714287,-1.108571428571429,1.0368571428571431,4.3,8.891428571428571,76.82,24.0,-1.0,4439.700000000001,-0.05000000000000001,-0.76,0.476,0.764,-0.8000000000000002,1.302,4.4,7.82,77.26000000000002,2.0,0.0,647.6999999999999,-5.551115123125783e-18,-0.24,0.454,0.398,-0.16000000000000003,0.29,2.9,8.959999999999999,57.660000000000004,2.0,0.0,513.5
Sequence_580,RRWVIWRR,0.036250000000000004,-0.9999999999999999,0.4425,1.3249999999999997,-1.2875,2.1312499999999996,5.4375,7.3500000000000005,87.3125,3.0,0.0,1102.21,0.082,-1.14,0.42400000000000004,1.3199999999999998,-1.1600000000000001,2.3979999999999997,5.1,7.32,87.02,2.0,0.0,690.76,0.082,-1.14,0.42399999999999993,1.32,-1.1600000000000001,2.3979999999999997,5.1,7.32,87.02000000000001,2.0,0.0,690.76
Sequence_278,NRWTNAYSAALGCAVPGVKYGKKLGGVWGAVIGGVGGAAVCGLAGYVRKG,-0.16019999999999995,-0.6220000000000001,0.6537999999999997,0.7330000000000005,-0.934,1.8584,5.42,8.37,90.63399999999996,53.0,4.0,7089.859999999996,-0.48600000000000004,0.66,0.5840000000000001,0.43600000000000005,-2.2800000000000002,2.48,6.3,9.080000000000002,94.23999999999998,6.0,2.0,707.8199999999999,-0.049999999999999975,-1.04,0.6399999999999999,1.144,-1.0,1.9259999999999997,5.9,8.040000000000001,95.14,4.0,0.0,737.8299999999999
seq_64,VLLNKARLAGFKTFRNTYRSNFKKNYKKTY,-0.12333333333333334,-0.3,0.6549999999999999,0.7263333333333334,-0.3233333333333334,1.0519999999999998,5.233333333333333,8.283333333333335,85.25333333333333,21.0,4.0,3960.5400000000004,0.06599999999999999,-0.9,0.8240000000000001,1.294,0.19999999999999982,2.4099999999999997,6.2,7.5,107.28,4.0,1.0,767.93,0.020000000000000007,-0.8800000000000001,0.6839999999999999,0.9600000000000002,0.25999999999999995,0.58,5.4,8.24,85.03999999999999,3.0,0.0,663.74
Sequence_113,GLFSKFSGKGIKNFLIKGVKHIGKEVGMDVIRTGIDVAGCKIKGEC,-0.29,-0.13260869565217395,0.5999999999999999,0.29695652173913056,-1.6369565217391306,1.3132608695652177,4.771739130434782,9.173913043478262,82.9608695652174,50.0,0.0,6286.649999999999,-0.11599999999999999,-0.56,0.7100000000000002,0.542,-0.1,0.54,4.7,8.16,81.35999999999999,4.0,0.0,658.72,-0.682,1.1400000000000001,0.564,-0.576,-3.02,1.03,4.5,10.68,79.08,8.0,0.0,683.6800000000001
Sequence_588,RRWCFRVCYKGFCYRKCR,-0.4072222222222222,0.027777777777777804,0.5977777777777776,0.36777777777777776,-1.3722222222222225,1.441111111111111,5.861111111111111,8.205555555555556,90.90555555555552,22.0,4.0,2590.9500000000003,-0.368,-0.05999999999999996,0.544,0.45599999999999996,-1.3,1.502,5.7,7.640000000000001,88.16,5.0,1.0,706.8,-0.352,0.2,0.572,0.4880000000000001,-1.3399999999999999,0.78,5.9,8.559999999999999,86.66,5.0,1.0,676.77
seq_220,VLLNKARLAGFNTLRNTYRSHFKKHYHHQC,-0.15666666666666668,0.10333333333333332,0.6703333333333332,0.5699999999999998,-0.4466666666666667,1.0356666666666665,5.283333333333333,8.536666666666667,87.19999999999997,23.0,0.0,4050.5300000000007,0.06599999999999999,-0.9,0.8240000000000001,1.294,0.19999999999999982,2.4099999999999997,6.2,7.5,107.28,4.0,1.0,767.93,-0.37,1.0,0.7000000000000001,0.03599999999999994,-0.9,0.998,5.8,9.24,95.5,6.0,-1.0,750.8
Sequence_658,QQCGRQAGNRRCANNLCCSQYGYCGRTNEYCCTSQGCQSQCRRCG,-0.4733333333333336,0.4777777777777778,0.6299999999999999,0.14022222222222214,-1.2933333333333334,1.0373333333333337,5.877777777777778,8.766666666666666,91.69999999999996,66.0,13.0,6398.179999999998,-0.26,-0.36,0.624,0.696,-0.8,0.74,6.4,7.88,100.03999999999999,6.0,1.0,765.86,-0.8699999999999999,1.24,0.552,-0.4040000000000001,-3.1399999999999997,1.23,6.4,9.5,91.02,10.0,2.0,724.81
Sequence_609,ATNIPFKVHFRCKAAFC,-0.2723529411764706,0.08235294117647061,0.5811764705882352,0.3305882352941177,-0.6823529411764705,1.1570588235294117,4.676470588235294,8.405882352941175,80.51176470588234,15.0,2.0,2245.53,-0.122,0.16,0.4960000000000001,0.604,-0.25999999999999995,0.734,4.2,8.540000000000001,72.58,3.0,1.0,578.68,-0.324,0.1,0.608,0.051999999999999956,-0.32,0.78,4.3,8.52,74.9,5.0,1.0,628.69
Sequence_246,FLPMLAGLAANFLPKLFCKITKKC,-0.05666666666666668,-0.4625000000000001,0.7116666666666663,0.7266666666666666,0.5291666666666671,0.6508333333333333,4.958333333333333,7.712500000000001,85.75833333333334,17.0,3.0,3171.7299999999996,0.458,-1.5399999999999998,0.884,1.6960000000000002,3.44,0.0,5.1,5.299999999999999,94.4,0.0,0.0,663.8699999999999,-0.516,0.32,0.516,-0.05999999999999996,-2.4,1.0699999999999998,5.0,9.78,80.08,7.0,1.0,678.71
Sequence_55,VFIDILDKMENAIHKAAQAGIGIAKPIEKMILPK,-0.04088235294117649,-0.2617647058823529,0.5717647058823527,0.5547058823529412,-0.39411764705882346,0.6358823529411763,3.985294117647059,8.735294117647056,75.1470588235294,19.0,-2.0,4176.480000000001,0.017999999999999988,-0.8400000000000001,0.41600000000000004,0.476,-0.5399999999999999,1.386,3.2,8.1,70.4,3.0,0.0,607.6499999999999,0.25599999999999995,-1.08,0.6960000000000001,1.3679999999999999,1.32,0.29,4.7,7.040000000000001,85.97999999999999,1.0,0.0,641.78
seq_59,VLLNKARLAGFKTFRNCYRGTFKKHYHHHC,-0.24966666666666665,0.19333333333333333,0.6619999999999998,0.4053333333333333,-0.8233333333333335,1.085,5.3,8.736666666666668,86.63666666666663,27.0,0.0,4099.550000000001,0.06599999999999999,-0.9,0.8240000000000001,1.294,0.19999999999999982,2.4099999999999997,6.2,7.5,107.28,4.0,1.0,767.93,-0.616,2.1,0.6960000000000001,-0.576,-2.16,1.252,5.5,10.66,89.66,7.0,-2.0,732.74
Sequence_495,FDNPFGCPADEGKCFDHCNNKAYDIGYCGGSYRATCVCYRK,-0.46121951219512203,0.4073170731707316,0.6480487804878048,0.03975609756097556,-1.446341463414634,1.085609756097561,5.280487804878049,9.178048780487805,85.2073170731707,56.0,7.0,5620.23,-0.28,-0.019999999999999973,0.692,0.39799999999999996,-0.10000000000000009,0.734,4.8,7.92,83.02000000000001,4.0,1.0,669.82,-0.26400000000000007,-0.48,0.6399999999999999,0.768,-1.2,2.1659999999999995,6.2,8.040000000000001,99.02000000000001,6.0,1.0,765.88
seq_3,VLLNKARLAGFKTLRNTYKGTFKKNYKKNL,-0.11933333333333335,-0.35666666666666674,0.6933333333333332,0.764,-0.38999999999999996,1.142,5.45,8.373333333333335,88.71000000000001,23.0,4.0,4065.67,0.06599999999999999,-0.9,0.8240000000000001,1.294,0.19999999999999982,2.4099999999999997,6.2,7.5,107.28,4.0,1.0,767.93,-0.12600000000000003,-0.26,0.772,0.8220000000000001,-0.31999999999999995,1.314,5.9,8.64,95.2,4.0,1.0,704.83
seq_209,VLLNKARLAGFKTLRNTYRGNFKKHYHHHM,-0.12833333333333333,0.006666666666666606,0.6853333333333332,0.6403333333333331,-0.46,1.0439999999999998,5.3,8.566666666666668,87.38999999999996,21.0,-1.0,4038.530000000001,0.06599999999999999,-0.9,0.8240000000000001,1.294,0.19999999999999982,2.4099999999999997,6.2,7.5,107.28,4.0,1.0,767.93,-0.15799999999999997,1.1400000000000001,0.756,0.22399999999999998,-0.5,0.762,5.1,9.540000000000001,88.24,3.0,-3.0,689.7099999999999
Sequence_651,ITSISLCTPGCKTGVLMGCNLKTATCNCSVHVSK,-0.3579411764705882,0.09117647058823532,0.636470588235294,0.29323529411764704,-1.2676470588235291,1.4632352941176472,5.352941176470588,8.776470588235291,88.1735294117647,46.0,6.0,4756.24,-0.076,0.039999999999999994,0.312,0.10800000000000001,-0.6200000000000001,0.0,2.4,9.0,50.72,3.0,0.0,479.43999999999994,-0.10800000000000001,-0.8,0.6620000000000001,1.018,-1.86,3.316,5.6,8.54,100.46,5.0,-1.0,815.86
Sequence_195,RIIDLLWRVRRPQKPKFVTVWVR,0.10869565217391304,-1.2652173913043476,0.5904347826086955,1.3947826086956525,-0.3260869565217392,1.7713043478260868,5.434782608695652,7.195652173913045,92.47391304347829,11.0,0.0,3313.790000000001,0.06799999999999999,-0.32,0.42800000000000005,0.5,-0.2800000000000001,0.0,3.4,8.56,64.78,2.0,0.0,528.56,0.10200000000000001,-1.9,0.5919999999999999,1.704,-1.08,3.784,6.3,6.720000000000001,106.36000000000001,4.0,0.0,823.92
Sequence_73,RRSRKNGIGYAIGYAFGAVERAVLGGSRDYNK,-0.15375,-0.19062499999999993,0.5818749999999998,0.5531249999999999,-0.8624999999999999,0.9874999999999999,4.734375,8.718749999999998,79.17187499999999,25.0,1.0,4049.4000000000015,-0.17400000000000002,-0.04,0.4619999999999999,0.8499999999999999,-1.7600000000000002,0.29,5.1,8.72,73.52000000000001,2.0,0.0,605.64,-0.33399999999999996,0.24,0.6519999999999999,0.43400000000000005,-1.5999999999999999,1.024,5.7,9.44,86.28,5.0,1.0,665.75
Sequence_401,GFWGSLWEGVKSVV,-0.1278571428571428,-0.9928571428571428,0.6928571428571428,0.8628571428571429,-1.2214285714285713,2.579285714285714,5.428571428571429,8.042857142857146,96.29285714285716,15.0,-1.0,2164.31,-0.31599999999999995,-0.5199999999999999,0.642,0.31,-1.3199999999999998,1.512,5.0,8.38,83.75999999999999,6.0,0.0,699.73,0.09,-2.08,0.666,1.69,-1.3400000000000003,4.4479999999999995,6.0,7.159999999999999,110.6,5.0,0.0,872.97
seq_392,VLLNKARLAGFKTLRNCYRSNFKKHYHKNT,-0.199,0.05333333333333331,0.6709999999999998,0.5676666666666667,-0.65,1.1699999999999997,5.366666666666666,8.613333333333337,87.38666666666663,25.0,3.0,4047.5900000000006,0.06599999999999999,-0.9,0.8240000000000001,1.294,0.19999999999999982,2.4099999999999997,6.2,7.5,107.28,4.0,1.0,767.93,-0.352,0.72,0.6639999999999999,0.266,-1.4200000000000002,1.278,5.6,9.700000000000001,87.60000000000001,5.0,0.0,684.7499999999999
Sequence_620,GLVDVLGKVGGLIKKLLP,0.032222222222222215,-1.166666666666667,0.7533333333333332,1.1188888888888888,-0.3222222222222222,1.6744444444444442,5.666666666666667,7.872222222222222,97.80000000000001,16.0,0.0,2675.05,0.028000000000000004,-1.64,0.772,1.256,-0.86,3.022,6.1,7.62,107.64000000000001,6.0,0.0,817.9200000000001,0.184,-1.18,0.844,1.496,0.9,0.58,5.8,7.38,97.1,2.0,0.0,721.87
Sequence_101,EFKRCWKGQGACRTYCTRQETYMHLCPDASLCCLSYALKPPPVPKHEYE,-0.2093877551020408,-0.014285714285714271,0.6942857142857142,0.5402040816326531,-0.41632653061224495,0.7659183673469387,5.275510204081633,8.399999999999995,87.93673469387753,47.0,0.0,6804.58,-0.5820000000000001,0.9,0.624,-0.21600000000000003,-2.06,0.78,4.9,9.48,82.25999999999999,6.0,0.0,698.74,-0.384,1.4,0.7319999999999999,-0.20399999999999996,-1.9,0.5439999999999999,4.2,10.92,79.7,4.0,-3.0,685.64
seq_276,VLLNKARLAGFKTFRNTYKHTFKKHYHKNC,-0.21433333333333332,0.03999999999999997,0.6679999999999998,0.5089999999999999,-0.7533333333333334,1.1383333333333332,5.3,8.71666666666667,86.73666666666666,25.0,1.0,4092.57,0.06599999999999999,-0.9,0.8240000000000001,1.294,0.19999999999999982,2.4099999999999997,6.2,7.5,107.28,4.0,1.0,767.93,-0.6679999999999999,1.4,0.7,-0.258,-2.18,1.768,6.1,10.080000000000002,95.18000000000002,8.0,1.0,739.8299999999999
seq_349,VLLNKARLAGFKTLRNCYRGNFKKHYHKNY,-0.18933333333333335,0.013333333333333315,0.6846666666666666,0.5926666666666666,-0.5766666666666667,1.2116666666666667,5.466666666666667,8.566666666666668,89.00999999999998,25.0,3.0,4086.6800000000007,0.06599999999999999,-0.9,0.8240000000000001,1.294,0.19999999999999982,2.4099999999999997,6.2,7.5,107.28,4.0,1.0,767.93,-0.20800000000000002,0.5,0.716,0.462,-0.44000000000000006,1.278,5.6,9.16,90.38000000000002,4.0,0.0,682.7799999999999
Sequence_307,FVGAALKVLANVLPPVISWIKQ,0.14,-1.2000000000000002,0.6495454545454543,1.2586363636363638,0.34999999999999987,1.8454545454545455,4.9772727272727275,7.254545454545454,91.15000000000002,12.0,1.0,3101.580000000001,0.044000000000000004,-1.04,0.608,0.82,0.34,1.636,4.2,7.5200000000000005,79.72,3.0,0.0,649.72,0.02599999999999999,-1.0,0.526,0.9099999999999999,-0.5800000000000001,1.302,4.6,8.0,82.63999999999999,3.0,0.0,681.7
seq_107,VLLNKARLAGFKTLRNCYRSTFKKHYKKNC,-0.21366666666666667,-0.06333333333333341,0.6716666666666665,0.5633333333333332,-0.6600000000000001,1.135333333333333,5.416666666666667,8.523333333333335,87.75999999999999,27.0,4.0,4083.63,0.06599999999999999,-0.9,0.8240000000000001,1.294,0.19999999999999982,2.4099999999999997,6.2,7.5,107.28,4.0,1.0,767.93,-0.624,0.7,0.7040000000000001,0.022000000000000065,-2.12,1.8039999999999998,6.3,9.7,96.62,8.0,2.0,747.8600000000001
Sequence_137,IFGSLFSLGSKLLPSVFKLFSRKKQ,0.03439999999999999,-0.812,0.6771999999999997,0.8676,0.41999999999999993,0.6091999999999999,4.64,7.596,82.46400000000001,14.0,0.0,3287.6800000000003,-0.0040000000000000036,-0.45999999999999996,0.5700000000000001,0.414,0.45999999999999996,0.25,3.6,7.880000000000001,70.24000000000001,3.0,0.0,578.63,-0.10399999999999998,-0.64,0.5980000000000001,0.958,-1.2000000000000002,0.58,5.4,8.64,85.24000000000001,3.0,0.0,695.73
Sequence_490,CPAIQRCCQQLRNIQPPCRCCQ,-0.3063636363636364,0.10454545454545458,0.6009090909090907,0.5318181818181817,-0.4772727272727273,0.8349999999999999,5.818181818181818,7.85,94.10454545454544,26.0,7.0,3180.7599999999998,-0.09600000000000002,-0.26,0.5359999999999999,0.6539999999999999,0.31999999999999995,0.49000000000000005,4.6,7.7,81.92,4.0,1.0,652.76,-0.9479999999999998,1.3,0.6200000000000001,-0.5599999999999999,-2.46,1.4700000000000002,6.9,8.940000000000001,102.96,12.0,3.0,802.9200000000001
seq_199,VLLNKARLAGFKTFRNCYKGTFKKHYKKQS,-0.155,-0.32999999999999996,0.6703333333333332,0.6523333333333334,-0.5233333333333333,1.0213333333333332,5.283333333333333,8.41,86.89333333333335,24.0,2.0,4104.59,0.06599999999999999,-0.9,0.8240000000000001,1.294,0.19999999999999982,2.4099999999999997,6.2,7.5,107.28,4.0,1.0,767.93,0.017999999999999995,-0.9400000000000001,0.6780000000000002,1.018,-0.04000000000000008,0.58,5.3,8.22,87.53999999999999,3.0,0.0,697.7500000000001
seq_18,VLLNKARLAGFKTLRNTYRHTFKKHYHHHC,-0.1716666666666667,0.1466666666666666,0.6693333333333332,0.5253333333333331,-0.6300000000000001,1.0039999999999998,5.266666666666667,8.723333333333334,86.32999999999997,23.0,-2.0,4055.4700000000007,0.06599999999999999,-0.9,0.8240000000000001,1.294,0.19999999999999982,2.4099999999999997,6.2,7.5,107.28,4.0,1.0,767.93,-0.616,2.1,0.6960000000000001,-0.576,-2.16,1.252,5.5,10.66,89.66,7.0,-2.0,732.74
Sequence_537,GGLKKFGKKLEGVGKRVFKASEKALPVVTGFKAL,-0.11058823529411765,-0.6911764705882352,0.6961764705882351,0.7847058823529413,-0.8088235294117646,1.3770588235294117,5.147058823529412,8.438235294117648,88.82058823529412,28.0,-2.0,4845.289999999999,-0.2899999999999999,-0.48,0.756,0.548,-1.78,1.08,5.9,9.4,93.03999999999999,6.0,0.0,733.79,-0.013999999999999967,-0.72,0.708,0.674,0.41999999999999993,0.54,4.6,7.94,80.9,3.0,0.0,642.72
Sequence_506,FKTWKRPPFQTSCSGIIKE,-0.19842105263157891,-0.2578947368421052,0.5705263157894735,0.5326315789473685,-0.8526315789473684,0.69,4.631578947368421,8.452631578947368,79.12631578947371,15.0,0.0,2519.72,-0.184,-0.9399999999999998,0.6439999999999999,0.756,-1.1800000000000002,1.592,5.4,8.22,87.9,4.0,0.0,731.78,-0.29799999999999993,0.54,0.42799999999999994,-0.15599999999999997,-2.2,0.54,3.1,10.379999999999999,64.52000000000001,4.0,-1.0,584.55
Sequence_171,FLPILGKLLSGLL,0.2153846153846154,-0.9923076923076923,0.7776923076923077,1.106923076923077,1.5384615384615385,0.3038461538461539,4.884615384615385,7.076923076923077,87.73076923076923,6.0,0.0,1685.0000000000002,0.384,-1.18,0.688,1.316,2.6,0.0,4.1,6.119999999999999,81.26,0.0,0.0,607.77,0.248,-0.9800000000000001,0.8539999999999999,1.098,1.8399999999999999,0.25,5.1,7.06,90.12,3.0,0.0,644.7499999999999
seq_282,VLLNKARLAGFKTLRNCYRHNFKKHYKHNT,-0.211,0.14333333333333328,0.6759999999999999,0.5419999999999999,-0.74,1.2123333333333333,5.433333333333334,8.71666666666667,88.37999999999997,25.0,2.0,4089.6300000000006,0.06599999999999999,-0.9,0.8240000000000001,1.294,0.19999999999999982,2.4099999999999997,6.2,7.5,107.28,4.0,1.0,767.93,-0.352,0.72,0.664,0.266,-1.4200000000000002,1.278,5.6,9.700000000000001,87.6,5.0,0.0,684.75
seq_353,VLLNKARLAGFKTLRNCYRSNYKKHYHHHT,-0.17366666666666666,0.1533333333333333,0.6749999999999999,0.5519999999999997,-0.5900000000000001,1.0839999999999999,5.333333333333333,8.723333333333336,87.02666666666663,24.0,0.0,4036.500000000001,0.06599999999999999,-0.9,0.8240000000000001,1.294,0.19999999999999982,2.4099999999999997,6.2,7.5,107.28,4.0,1.0,767.93,-0.29999999999999993,1.42,0.66,-0.052000000000000005,-1.4,0.762,5.0,10.280000000000001,82.08,4.0,-3.0,677.66
Sequence_686,GVLDAFKKIATVVKNLV,-0.010000000000000002,-1.0411764705882351,0.6599999999999999,0.998235294117647,-0.5941176470588238,2.1758823529411764,5.205882352941177,7.9941176470588236,92.51764705882354,14.0,1.0,2462.76,0.0040000000000000036,-1.06,0.736,0.8699999999999999,-0.32000000000000006,1.636,5.2,8.16,91.08000000000001,5.0,0.0,702.77,-0.006000000000000028,-1.22,0.76,1.434,-0.8800000000000001,3.7959999999999994,6.5,7.540000000000001,113.96,5.0,1.0,841.0
Sequence_232,AVDLAKIANIANKVLSSLFGK,-0.04571428571428572,-0.46190476190476193,0.6247619047619045,0.6638095238095237,-0.2571428571428571,1.276190476190476,4.4523809523809526,8.409523809523808,80.43809523809526,15.0,2.0,2675.9500000000003,0.192,-1.2,0.704,1.048,0.74,1.386,4.5,7.68,83.66,3.0,0.0,645.71,-0.11599999999999999,-0.5599999999999999,0.71,0.542,-0.1,0.54,4.7,8.16,81.35999999999999,4.0,0.0,658.7199999999999
Sequence_668,EPILGIITSLLKSL,0.08214285714285714,-0.4,0.6114285714285714,0.697142857142857,0.4428571428571429,0.19285714285714287,3.9285714285714284,8.171428571428573,74.68571428571428,7.0,-1.0,1662.8100000000002,-0.05199999999999998,0.019999999999999983,0.648,0.5759999999999998,-0.2,0.25,4.1,8.68,78.82000000000001,3.0,-1.0,634.6999999999999,0.306,-1.1199999999999999,0.8580000000000002,1.27,1.9,0.29,5.1,7.040000000000001,90.55999999999999,2.0,0.0,653.76
Sequence_128,INWLKLGKKMMSAI,-0.010000000000000004,-0.5714285714285714,0.6578571428571428,0.7864285714285714,-0.10714285714285711,1.0235714285714284,4.75,8.192857142857145,83.91428571428571,9.0,1.0,1808.01,-0.11800000000000002,-0.31999999999999995,0.6199999999999999,0.7140000000000001,-0.86,2.036,5.2,8.42,90.3,4.0,1.0,688.78,0.242,-0.76,0.6020000000000001,0.8959999999999999,1.64,0.0,3.4,7.220000000000001,69.56,1.0,0.0,531.5899999999999
seq_360,VLLNKARLAGFKTLRNTYRGNFKKHYHHQM,-0.08733333333333333,-0.17666666666666672,0.6859999999999999,0.7423333333333332,-0.25000000000000006,1.0016666666666665,5.35,8.330000000000002,88.3633333333333,20.0,0.0,4056.590000000001,0.06599999999999999,-0.9,0.8240000000000001,1.294,0.19999999999999982,2.4099999999999997,6.2,7.5,107.28,4.0,1.0,767.93,0.08800000000000001,0.039999999999999994,0.76,0.836,0.76,0.508,5.4,8.120000000000001,94.08,2.0,-2.0,707.7699999999999
seq_188,VLLNKARLAGFKTLRNCYRGNFKKHYHKHY,-0.17333333333333337,0.013333333333333315,0.6846666666666666,0.5863333333333333,-0.5633333333333334,1.1316666666666668,5.4,8.600000000000001,88.32999999999997,24.0,1.0,4087.620000000001,0.06599999999999999,-0.9,0.8240000000000001,1.294,0.19999999999999982,2.4099999999999997,6.2,7.5,107.28,4.0,1.0,767.93,-0.11200000000000002,0.5,0.716,0.42400000000000004,-0.36,0.7979999999999999,5.2,9.360000000000001,86.3,3.0,-2.0,683.7199999999999
seq_208,VLLNKARLSGFNTLRNTYRHTYKKHYHKHT,-0.13533333333333336,0.043333333333333314,0.6683333333333332,0.6343333333333331,-0.5466666666666666,1.0023333333333333,5.333333333333333,8.67666666666667,86.3833333333333,22.0,-1.0,4011.4500000000003,0.06599999999999999,-0.9,0.8240000000000001,1.294,0.19999999999999982,2.4099999999999997,6.2,7.5,107.28,4.0,1.0,767.93,-0.256,0.72,0.6639999999999999,0.22799999999999998,-1.34,0.7979999999999999,5.2,9.900000000000002,83.52000000000001,4.0,-2.0,685.6899999999999
seq_166,VLLNKARLSGFKTLRNTYRSNYKKHYHKHC,-0.18333333333333332,0.06333333333333334,0.6759999999999999,0.5766666666666664,-0.6666666666666666,1.0899999999999999,5.383333333333334,8.696666666666669,87.3433333333333,25.0,1.0,4060.5300000000007,0.06599999999999999,-0.9,0.8240000000000001,1.294,0.19999999999999982,2.4099999999999997,6.2,7.5,107.28,4.0,1.0,767.93,-0.5720000000000001,1.4,0.7,-0.29600000000000004,-2.1,1.2879999999999998,5.7,10.280000000000001,91.1,7.0,-1.0,740.77
Sequence_552,RGLRRLGRKIAHGVKKYGPTVLRIIRIAG,-0.034482758620689634,-0.4793103448275863,0.5475862068965515,0.8248275862068966,-0.7275862068965516,0.8872413793103449,4.810344827586207,8.372413793103448,80.40344827586208,17.0,-1.0,3700.0700000000006,-0.03400000000000001,-0.32,0.5559999999999999,1.056,-0.76,0.25,5.6,7.94,82.5,2.0,0.0,622.7099999999999,-0.03799999999999999,-0.06,0.312,0.33,-0.82,0.25,3.0,8.92,57.7,2.0,0.0,500.51
Sequence_398,FLSGIVGMLGKLFGK,-0.03266666666666665,-0.8333333333333335,0.7086666666666664,0.7580000000000001,-0.013333333333333345,0.9886666666666666,4.966666666666667,7.86,87.58666666666667,12.0,0.0,2046.3000000000004,-0.003999999999999987,-0.45999999999999996,0.5700000000000001,0.41399999999999987,0.4600000000000001,0.25,3.6,7.88,70.24000000000001,3.0,0.0,578.6299999999999,-0.144,-0.72,0.744,0.6679999999999999,-0.5800000000000001,0.8300000000000001,5.3,8.4,88.75999999999999,4.0,0.0,708.79
seq_247,VLLNKARLAGFKTLRNTYKSNFKKHYHKTC,-0.17933333333333337,-0.07666666666666669,0.6763333333333332,0.5853333333333333,-0.5966666666666668,1.0959999999999999,5.316666666666666,8.603333333333333,86.86666666666665,25.0,2.0,4060.55,0.06599999999999999,-0.9,0.8240000000000001,1.294,0.19999999999999982,2.4099999999999997,6.2,7.5,107.28,4.0,1.0,767.93,-0.484,0.72,0.6639999999999999,-0.040000000000000036,-1.54,1.034,5.7,9.540000000000001,88.4,7.0,0.0,712.76
seq_270,VLLNKARLAGFNTLRNTYKGTFKKHYHKHC,-0.20099999999999998,0.03666666666666665,0.6806666666666666,0.5309999999999998,-0.6966666666666668,1.1316666666666666,5.383333333333334,8.710000000000003,87.78666666666665,26.0,1.0,4093.58,0.06599999999999999,-0.9,0.8240000000000001,1.294,0.19999999999999982,2.4099999999999997,6.2,7.5,107.28,4.0,1.0,767.93,-0.5720000000000001,1.4,0.7,-0.29600000000000004,-2.1,1.2879999999999998,5.7,10.280000000000001,91.1,7.0,-1.0,740.77
Sequence_212,GLKDKFKSMGEKLKQYIQTWKAKF,-0.07166666666666664,-0.6958333333333333,0.6854166666666665,0.7333333333333333,-0.425,0.7379166666666666,5.0,8.420833333333333,85.56250000000001,17.0,-1.0,3296.5400000000004,-0.27999999999999997,-0.4800000000000001,0.772,0.472,-1.78,0.8300000000000001,5.7,9.620000000000001,90.24000000000001,6.0,0.0,719.76,-0.098,-0.96,0.648,0.786,-0.68,1.592,4.9,8.120000000000001,84.18,3.0,0.0,701.75
Sequence_503,GLWKSLLKNVGKAAGKAALNAVTDMVNQA,-0.04689655172413794,-0.6655172413793105,0.7017241379310343,0.8737931034482759,-0.29655172413793096,1.6003448275862069,5.275862068965517,8.217241379310344,90.19655172413792,24.0,3.0,4003.4800000000005,-0.12,-0.8200000000000001,0.7260000000000002,0.786,-0.86,1.552,5.5,8.3,90.93999999999998,5.0,0.0,718.76,0.13199999999999998,-1.04,0.716,1.3800000000000001,0.72,2.12,5.7,6.9799999999999995,101.8,3.0,1.0,735.88
seq_289,VLLNKARLAGFKTLRNTYRGHYKKHYHKHM,-0.08833333333333335,-0.12666666666666673,0.6906666666666667,0.7179999999999999,-0.37999999999999995,0.9699999999999999,5.333333333333333,8.550000000000002,87.50999999999998,20.0,-2.0,4043.500000000001,0.06599999999999999,-0.9,0.8240000000000001,1.294,0.19999999999999982,2.4099999999999997,6.2,7.5,107.28,4.0,1.0,767.93,-0.11400000000000002,0.44000000000000006,0.76,0.5039999999999999,-0.44000000000000006,0.7979999999999999,5.3,9.16,89.68,3.0,-2.0,697.7399999999999
Sequence_416,LFGFLIKLIPSLFGALSNIGRNRNQ,-0.04240000000000002,-0.26400000000000007,0.6207999999999998,0.6679999999999998,0.20400000000000007,0.6484000000000001,4.6,7.948,80.85199999999998,15.0,3.0,3120.620000000001,0.17,-1.0799999999999998,0.792,0.868,2.1,0.25,4.6,6.38,86.06,2.0,0.0,650.79,-0.3460000000000001,0.7,0.556,0.712,-1.64,1.468,6.3,8.760000000000002,94.25999999999999,4.0,2.0,687.8299999999999
Sequence_583,QYRHRCCAWGPGRKYCKRWC,-0.394,0.12500000000000003,0.6259999999999999,0.40249999999999997,-1.45,1.3295,6.0,8.565000000000001,92.275,25.0,3.0,2907.24,0.07799999999999997,-0.2,0.572,1.088,0.06000000000000005,0.254,5.5,7.880000000000001,86.17999999999999,1.0,-1.0,659.73,-0.7939999999999999,0.64,0.6239999999999999,-0.152,-3.0200000000000005,2.282,6.7,9.120000000000001,99.97999999999999,10.0,2.0,799.8800000000001
seq_252,VLLNKARLAGFKTLRNCYRSHFKKHYHKHC,-0.21966666666666665,0.16666666666666663,0.6769999999999998,0.4676666666666665,-0.75,1.0916666666666663,5.316666666666666,8.743333333333336,87.28999999999998,26.0,0.0,4104.550000000001,0.06599999999999999,-0.9,0.8240000000000001,1.294,0.19999999999999982,2.4099999999999997,6.2,7.5,107.28,4.0,1.0,767.93,-0.5720000000000001,1.4,0.7,-0.29600000000000004,-2.1,1.2879999999999998,5.7,10.280000000000001,91.1,7.0,-1.0,740.77
Sequence_108,ATCRKPSMYFSGACFSDTNCQKACNREDWPNGKCLVGFKCECQRPC,-0.4360869565217392,0.30217391304347824,0.6597826086956521,0.19369565217391302,-1.2847826086956524,1.1336956521739132,5.456521739130435,8.802173913043477,88.37391304347824,61.0,9.0,6494.249999999997,-0.43200000000000005,0.32,0.5519999999999999,0.18599999999999997,-1.64,0.78,5.3,9.120000000000001,79.67999999999999,6.0,1.0,652.6999999999999,-0.5439999999999999,0.44000000000000006,0.6399999999999999,0.33999999999999997,-1.1800000000000002,0.9800000000000001,6.6,7.9799999999999995,100.67999999999999,8.0,2.0,777.9300000000001
seq_37,VLLNKARLAGFNTLRNTYRHHFKKHYHKQC,-0.16133333333333333,0.07666666666666666,0.6759999999999999,0.5909999999999999,-0.5266666666666667,1.0839999999999999,5.383333333333334,8.57666666666667,88.43333333333332,23.0,0.0,4100.6,0.06599999999999999,-0.9,0.8240000000000001,1.294,0.19999999999999982,2.4099999999999997,6.2,7.5,107.28,4.0,1.0,767.93,-0.32599999999999996,0.3,0.704,0.31599999999999995,-0.8400000000000001,1.034,6.0,8.860000000000001,96.94000000000001,6.0,0.0,758.8299999999999
seq_395,VLLNKARLAGFKTLRNTYRSNFKKHYHKHC,-0.183,0.05333333333333332,0.6709999999999998,0.5613333333333332,-0.6366666666666667,1.0899999999999999,5.3,8.64666666666667,86.70666666666665,24.0,1.0,4048.5300000000007,0.06599999999999999,-0.9,0.8240000000000001,1.294,0.19999999999999982,2.4099999999999997,6.2,7.5,107.28,4.0,1.0,767.93,-0.5720000000000001,1.4,0.7,-0.29600000000000004,-2.1,1.2879999999999998,5.7,10.280000000000001,91.1,7.0,-1.0,740.77
Sequence_297,CIKNGNGCQPDGSQGNCCSRYCHKEPGWVAGYCR,-0.5241176470588236,0.5058823529411763,0.646470588235294,0.08176470588235289,-1.8941176470588232,1.4520588235294118,5.75,9.244117647058824,91.5176470588235,52.0,7.0,4936.469999999999,-0.758,1.1400000000000001,0.548,-0.45,-3.1000000000000005,1.764,5.4,10.34,86.41999999999999,9.0,2.0,696.7699999999999,-0.346,0.24,0.6,0.21000000000000002,-0.72,0.74,5.3,8.6,82.02000000000001,6.0,1.0,641.7199999999999
seq_298,VLLNKARLAGFKTLRNCYKGTYKKNYHKHT,-0.17700000000000002,-0.09666666666666666,0.6859999999999999,0.615,-0.6300000000000001,1.1376666666666666,5.483333333333333,8.660000000000002,88.58666666666664,26.0,2.0,4097.610000000001,0.06599999999999999,-0.9,0.8240000000000001,1.294,0.19999999999999982,2.4099999999999997,6.2,7.5,107.28,4.0,1.0,767.93,-0.256,0.72,0.6639999999999999,0.22799999999999998,-1.34,0.7979999999999999,5.2,9.900000000000002,83.52000000000001,4.0,-2.0,685.6899999999999
seq_20,VLLNKARLSGFKTFRNTYRSTFKKHYHKHY,-0.11566666666666665,-0.15666666666666665,0.6546666666666666,0.6449999999999998,-0.39333333333333337,0.8859999999999998,5.083333333333333,8.450000000000001,83.72999999999999,20.0,-1.0,3970.390000000001,0.06599999999999999,-0.9,0.8240000000000001,1.294,0.19999999999999982,2.4099999999999997,6.2,7.5,107.28,4.0,1.0,767.93,-0.11200000000000002,0.5,0.716,0.42400000000000004,-0.36,0.7979999999999999,5.2,9.360000000000001,86.3,3.0,-2.0,683.7199999999999
seq_311,VLLNKARLAGFKTLRNCYRHNYKKHYHKHC,-0.231,0.23999999999999996,0.6866666666666666,0.4856666666666665,-0.7966666666666667,1.214,5.516666666666667,8.82666666666667,89.5233333333333,27.0,1.0,4141.650000000001,0.06599999999999999,-0.9,0.8240000000000001,1.294,0.19999999999999982,2.4099999999999997,6.2,7.5,107.28,4.0,1.0,767.93,-0.5720000000000001,1.4,0.7,-0.29600000000000004,-2.1,1.2879999999999998,5.7,10.280000000000001,91.1,7.0,-1.0,740.77
Sequence_149,GLWSKIKEAAKTAGLMAMGFVNDMV,-0.046400000000000004,-0.6360000000000001,0.6859999999999999,0.7512000000000001,-0.23600000000000004,1.2275999999999998,4.82,8.216000000000001,85.28399999999999,19.0,0.0,3337.6500000000005,-0.12,-0.82,0.7260000000000002,0.786,-0.8600000000000001,1.552,5.5,8.3,90.93999999999998,5.0,0.0,718.76,-0.09400000000000001,-1.08,0.7639999999999999,1.186,-1.0800000000000003,3.5060000000000002,6.3,7.720000000000001,110.72,6.0,1.0,817.96
seq_268,VLLNKARLAGFKTLRNCYRHNFKKHYHKHC,-0.24766666666666667,0.25666666666666665,0.6819999999999999,0.4483333333333333,-0.8533333333333334,1.214,5.45,8.813333333333336,88.96333333333331,27.0,1.0,4145.650000000001,0.06599999999999999,-0.9,0.8240000000000001,1.294,0.19999999999999982,2.4099999999999997,6.2,7.5,107.28,4.0,1.0,767.93,-0.5720000000000001,1.4,0.7,-0.29600000000000004,-2.1,1.2879999999999998,5.7,10.280000000000001,91.1,7.0,-1.0,740.77
seq_113,VLLNKARLSGFNTLRNCYKGNFKKHYHHHT,-0.25600000000000006,0.2933333333333333,0.6863333333333332,0.42600000000000005,-0.9,1.2480000000000004,5.433333333333334,8.900000000000004,88.75333333333329,28.0,1.0,4128.620000000001,0.06599999999999999,-0.9,0.8240000000000001,1.294,0.19999999999999982,2.4099999999999997,6.2,7.5,107.28,4.0,1.0,767.93,-0.29999999999999993,1.42,0.66,-0.052000000000000005,-1.4,0.762,5.0,10.280000000000001,82.08,4.0,-3.0,677.66
Sequence_467,RVCESQSHGFKGACTGDHNCALVCRNEGFSGGNCRGFRRRCFCTLKC,-0.5195744680851065,0.5914893617021276,0.6317021276595745,-0.01829787234042556,-1.8276595744680846,1.248085106382979,5.4361702127659575,9.187234042553191,87.18085106382976,67.0,7.0,6601.199999999998,-0.4879999999999999,0.58,0.6060000000000001,0.10199999999999995,-2.2600000000000002,1.876,5.1,9.219999999999999,88.28,7.0,0.0,731.76,-0.674,0.6599999999999999,0.7160000000000001,-0.22800000000000004,-1.6800000000000002,1.27,6.3,9.040000000000001,96.66000000000001,10.0,2.0,753.8499999999999
Sequence_228,GFWKKVGSAAWGGVKAAAKGAAVGGLNALAKHIQ,-0.09235294117647057,-0.623529411764706,0.637941176470588,0.7014705882352943,-0.7029411764705878,1.5250000000000004,4.867647058823529,8.526470588235293,84.31176470588235,28.0,0.0,4597.920000000001,-0.2859999999999999,-0.82,0.68,0.608,-1.7399999999999998,1.8419999999999999,5.6,8.6,91.6,5.0,0.0,758.81,0.0,-0.1,0.5199999999999999,0.57,-0.5000000000000002,0.5439999999999999,4.1,9.0,75.88,2.0,-1.0,631.64
seq_292,VLLNKARLAGFNTLRNCYRGHFKKHYHKNC,-0.2733333333333334,0.28,0.6813333333333332,0.42600000000000005,-0.8766666666666666,1.2873333333333334,5.516666666666667,8.783333333333337,89.56999999999996,29.0,3.0,4135.700000000001,0.06599999999999999,-0.9,0.8240000000000001,1.294,0.19999999999999982,2.4099999999999997,6.2,7.5,107.28,4.0,1.0,767.93,-0.6679999999999999,1.4,0.7,-0.258,-2.18,1.768,6.1,10.080000000000002,95.18000000000002,8.0,1.0,739.8299999999999
Sequence_621,GFMNTAKNVAKNVAVTLLDNLKCKITGGC,-0.2755172413793103,-0.1482758620689656,0.6724137931034482,0.4886206896551724,-1.0827586206896551,1.7213793103448278,5.482758620689655,8.696551724137931,91.0758620689655,34.0,6.0,4082.62,-0.27999999999999997,-2.2204460492503132e-17,0.6920000000000001,0.402,-0.36,0.984,5.3,8.16,87.26,5.0,1.0,663.7800000000001,-0.632,0.6,0.5080000000000001,-0.404,-2.52,0.99,5.0,9.82,79.2,9.0,1.0,660.69
Sequence_638,GKLQAFLAKMKEIAAQTL,0.13055555555555554,-0.7722222222222223,0.6766666666666664,0.9044444444444443,0.8277777777777777,0.3111111111111111,4.444444444444445,7.838888888888889,80.87777777777778,7.0,-1.0,2271.4900000000002,0.10000000000000002,-1.02,0.724,1.0579999999999998,0.47999999999999987,0.54,5.3,7.88,90.02000000000001,3.0,0.0,686.7600000000001,0.33199999999999996,-1.1400000000000001,0.652,1.2120000000000002,2.04,0.0,4.4,7.040000000000001,78.46000000000001,1.0,0.0,593.66
Sequence_383,QDRPKKPGLCPPRPQKPCVKECKNDWSCPGQQKCCNYGCIDECRDPIFVN,-0.3882,0.07800000000000001,0.6686,0.4491999999999998,-1.4060000000000001,1.2396000000000003,5.78,8.708,93.52199999999999,64.0,9.0,7410.4599999999955,-0.04800000000000001,-0.82,0.6599999999999999,1.1879999999999997,-0.7200000000000001,0.29,5.8,8.18,90.56000000000002,3.0,0.0,716.81,-0.054000000000000006,-0.5399999999999998,0.5559999999999999,0.962,-0.15999999999999998,2.12,4.7,7.380000000000001,88.56000000000002,3.0,1.0,695.8600000000001
Sequence_240,LGWGRRCPQCPRCPSCPSCPRCPRCPRCKCNPK,-0.5036363636363637,0.3939393939393939,0.6496969696969696,0.41181818181818186,-1.448484848484849,1.0963636363636364,6.196969696969697,8.369696969696967,94.40303030303026,47.0,10.0,4888.799999999999,-0.13999999999999999,-0.74,0.6880000000000001,0.852,-1.08,1.512,6.0,8.08,94.23999999999998,5.0,0.0,719.79,-0.6799999999999999,0.74,0.708,0.20200000000000004,-2.5799999999999996,1.8039999999999998,6.5,9.66,99.14000000000001,8.0,2.0,779.92
Sequence_310,GFKDWIKSAAKKLIKTVASNIANQ,-0.12416666666666669,-0.3708333333333333,0.5699999999999998,0.5516666666666666,-0.8124999999999997,1.1595833333333332,4.4375,8.775,77.96666666666667,18.0,2.0,3060.260000000001,-0.33399999999999996,-0.6799999999999999,0.692,0.36000000000000004,-1.8,1.552,5.4,8.84,88.36,6.0,0.0,735.77,-0.23600000000000004,0.6,0.516,0.366,-0.7200000000000001,1.468,4.7,8.98,82.6,4.0,2.0,621.73
Sequence_687,TTKNYGNGVCNSVNWCQCGNVWASCNLATGCAAWLCKLA,-0.4107692307692308,0.15897435897435894,0.6707692307692305,0.2925641025641026,-1.323076923076923,2.066410256410257,5.8076923076923075,8.712820512820514,94.20512820512818,57.0,12.0,5662.389999999999,-0.264,0.039999999999999994,0.6279999999999999,0.522,-0.86,1.024,5.6,8.96,84.9,5.0,1.0,656.7399999999999,-0.09000000000000004,-0.32,0.788,0.602,0.6199999999999999,0.78,5.4,7.88,91.52000000000001,5.0,1.0,680.79
seq_190,VLLNKARLAGFKTLRNCYRGNFKKHYHHHL,-0.17433333333333334,0.11999999999999998,0.6926666666666665,0.5529999999999998,-0.5633333333333334,1.1256666666666668,5.383333333333334,8.640000000000004,88.6533333333333,24.0,0.0,4093.610000000001,0.06599999999999999,-0.9,0.8240000000000001,1.294,0.19999999999999982,2.4099999999999997,6.2,7.5,107.28,4.0,1.0,767.93,-0.11799999999999997,1.1400000000000001,0.764,0.22399999999999998,-0.36,0.762,5.1,9.600000000000001,88.24,3.0,-3.0,689.7099999999999
Sequence_306,DHYNCVRSGGQCLYSACPIYTRIQGTCYHGKAKCCK,-0.36,0.21666666666666667,0.6238888888888887,0.2236111111111111,-1.125,1.0330555555555556,5.375,8.883333333333333,86.66111111111108,46.0,5.0,4958.450000000001,-0.716,1.54,0.7120000000000001,-0.506,-2.2399999999999998,1.478,5.9,10.319999999999999,91.94000000000001,9.0,1.0,716.79,-0.8140000000000001,0.9,0.656,-0.45,-2.72,1.56,5.9,9.98,90.92,10.0,2.0,747.81
seq_248,VLLNKARLSGFNTLRNCYRHHFKKHYKKNY,-0.20400000000000007,0.13333333333333333,0.6849999999999999,0.5526666666666668,-0.6633333333333333,1.2123333333333333,5.45,8.663333333333336,88.91999999999999,25.0,2.0,4103.66,0.06599999999999999,-0.9,0.8240000000000001,1.294,0.19999999999999982,2.4099999999999997,6.2,7.5,107.28,4.0,1.0,767.93,-0.164,-0.2,0.7200000000000001,0.7420000000000001,-0.3799999999999999,1.314,5.8,8.78,91.82000000000001,4.0,1.0,690.8100000000001
seq_6,VLLDKARLAGFKTFRNTYRGNFKKHYHKQC,-0.164,-0.20000000000000007,0.6659999999999999,0.6039999999999999,-0.5700000000000001,0.9669999999999999,5.3,8.473333333333334,86.73666666666665,24.0,1.0,4083.5600000000004,0.15799999999999997,-1.46,0.8400000000000001,1.288,0.2799999999999999,1.6759999999999997,5.8,7.56,101.4,4.0,0.0,753.8599999999999,-0.32599999999999996,0.3,0.704,0.31599999999999995,-0.8400000000000001,1.034,6.0,8.860000000000001,96.94000000000001,6.0,0.0,758.8299999999999
Sequence_256,GFLSTVKNLATNVAGTVLDTIRCKVTGGCRP,-0.21258064516129033,-0.3870967741935485,0.6338709677419353,0.6351612903225805,-0.9903225806451611,1.5438709677419358,5.419354838709677,8.380645161290321,89.02903225806449,34.0,4.0,4332.85,-0.07199999999999998,-0.54,0.6700000000000002,0.518,0.4,0.25,4.5,7.8,77.22,4.0,0.0,622.6800000000001,-0.5899999999999999,0.41999999999999993,0.6359999999999999,0.21199999999999997,-2.2399999999999998,0.99,6.2,9.040000000000001,91.96000000000001,8.0,1.0,730.84
Sequence_159,GLFLDTLKGLAGKLLQGLKCIKAGCKP,-0.11518518518518517,-0.5222222222222224,0.7333333333333333,0.6496296296296298,-0.1777777777777778,0.6814814814814815,5.351851851851852,8.285185185185185,89.20370370370371,26.0,2.0,3713.1800000000003,0.03400000000000001,-0.8400000000000001,0.8200000000000001,0.6719999999999999,0.9,0.25,5.0,7.6,87.53999999999999,4.0,0.0,661.76,-0.46799999999999997,0.18000000000000002,0.672,0.278,-1.5,1.03,5.6,9.040000000000001,88.2,7.0,1.0,713.8100000000001
Sequence_606,KKKKQSWYAAAGDAIVSFGEGFLNAW,-0.11038461538461539,-0.4961538461538462,0.6353846153846151,0.583076923076923,-0.5461538461538463,1.1642307692307692,4.596153846153846,8.538461538461537,80.78461538461539,20.0,0.0,3423.6300000000006,-0.198,-0.9,0.7,0.9719999999999999,-2.0,1.16,6.1,9.360000000000001,96.3,4.0,0.0,785.8299999999999,-0.012000000000000014,-0.5199999999999999,0.708,0.796,0.7200000000000001,1.746,5.0,7.260000000000001,88.84,3.0,1.0,668.79
Sequence_438,GLMSVLKGVLKTAGKHIFKNVGGSLLDQAKCKITGQC,-0.16027027027027024,-0.4810810810810812,0.677297297297297,0.6208108108108109,-0.772972972972973,1.2656756756756757,5.297297297297297,8.497297297297298,89.66486486486487,38.0,2.0,5209.71,0.136,-1.3,0.782,1.238,0.62,1.636,5.4,7.040000000000001,96.8,4.0,0.0,717.82,-0.372,0.05999999999999996,0.512,0.09999999999999991,-1.26,0.74,5.1,8.760000000000002,84.04,7.0,1.0,679.73
seq_146,VLLNKARLAGFNTLRNTYRHNFKKNYHKQC,-0.19333333333333333,0.07666666666666666,0.6759999999999999,0.6036666666666666,-0.5533333333333332,1.2440000000000002,5.516666666666667,8.510000000000002,89.79333333333331,25.0,4.0,4098.72,0.06599999999999999,-0.9,0.8240000000000001,1.294,0.19999999999999982,2.4099999999999997,6.2,7.5,107.28,4.0,1.0,767.93,-0.32599999999999996,0.3,0.704,0.31599999999999995,-0.8400000000000001,1.034,6.0,8.860000000000001,96.94000000000001,6.0,0.0,758.8299999999999
Sequence_66,ASGWVCTLTIECGTLVCAC,-0.37157894736842095,0.04210526315789478,0.6342105263157893,0.18263157894736842,-1.1736842105263159,1.643157894736842,5.2631578947368425,8.610526315789473,88.69473684210526,28.0,3.0,2689.91,-0.061999999999999986,-1.14,0.626,0.932,-0.9400000000000001,2.6479999999999997,5.1,7.88,89.75999999999999,5.0,0.0,725.76,-0.434,0.05999999999999996,0.72,0.19399999999999995,-0.72,2.3659999999999997,6.0,7.94,101.64000000000001,9.0,2.0,772.8999999999999
seq_205,VLLNKARLAGFNTLRNTYKHNFKKHYHKNS,-0.1953333333333333,0.15333333333333332,0.6816666666666666,0.5533333333333333,-0.6933333333333334,1.2530000000000001,5.333333333333333,8.783333333333337,87.6233333333333,24.0,2.0,4051.5800000000004,0.06599999999999999,-0.9,0.8240000000000001,1.294,0.19999999999999982,2.4099999999999997,6.2,7.5,107.28,4.0,1.0,767.93,-0.368,0.86,0.6699999999999999,0.16399999999999998,-1.44,1.278,5.2,9.820000000000002,84.34,5.0,0.0,670.7199999999999
Sequence_640,GCTQWINNIHGRICVRN,-0.45058823529411773,0.5764705882352941,0.5152941176470588,0.13588235294117648,-2.1,1.8629411764705883,5.352941176470588,9.211764705882354,87.6705882352941,22.0,4.0,2351.61,-0.4000000000000001,-0.3999999999999999,0.6519999999999999,0.41999999999999993,-1.44,1.752,6.4,8.200000000000001,100.02,8.0,1.0,785.8500000000001,-0.4800000000000001,0.52,0.484,0.22599999999999998,-2.2600000000000002,2.61,5.5,8.84,91.9,7.0,2.0,714.8299999999999
Sequence_644,GRCVCRKQLLCSYRERRIGDCKIRGVRFPFCCPR,-0.3335294117647059,0.06176470588235296,0.5926470588235293,0.4173529411764707,-1.2441176470588236,1.0355882352941177,5.4411764705882355,8.405882352941177,87.46176470588233,38.0,5.0,4729.340000000001,-0.782,0.56,0.62,-0.12400000000000003,-3.0,2.6159999999999997,6.7,8.98,103.38,11.0,2.0,813.9200000000001,-0.6579999999999999,0.74,0.6239999999999999,-0.04400000000000008,-1.2399999999999998,0.9800000000000001,5.9,8.040000000000001,91.55999999999999,8.0,2.0,733.89
seq_398,VLLNKARLAGFNTLRNCYRGNFKKHYHKHS,-0.22333333333333336,0.19,0.6763333333333333,0.49633333333333335,-0.7533333333333334,1.2056666666666669,5.366666666666666,8.740000000000004,87.7633333333333,26.0,2.0,4066.5900000000006,0.06599999999999999,-0.9,0.8240000000000001,1.294,0.19999999999999982,2.4099999999999997,6.2,7.5,107.28,4.0,1.0,767.93,-0.272,0.86,0.6699999999999999,0.12599999999999997,-1.3599999999999999,0.7979999999999999,4.8,10.020000000000001,80.26,4.0,-2.0,671.66
Sequence_422,QRFIHPTYRPPPQPRRPVIMRA,0.16727272727272732,-0.8363636363636364,0.5745454545454545,1.4459090909090906,0.7000000000000002,0.3727272727272727,5.0227272727272725,6.968181818181819,84.26818181818182,3.0,-1.0,2880.480000000001,0.02400000000000002,-0.1,0.4720000000000001,0.624,-0.040000000000000036,0.254,4.1,8.0,75.36,1.0,-1.0,623.6700000000001,0.248,-1.1400000000000001,0.512,1.274,0.54,1.386,4.2,7.08,79.97999999999999,1.0,0.0,614.7
seq_317,VLLNKARLSGFKTLRNTYRHTFKKHYHHNY,-0.12800000000000003,0.02333333333333331,0.6723333333333332,0.6296666666666664,-0.44,1.002333333333333,5.266666666666667,8.573333333333334,86.28666666666663,21.0,-1.0,4013.480000000001,0.06599999999999999,-0.9,0.8240000000000001,1.294,0.19999999999999982,2.4099999999999997,6.2,7.5,107.28,4.0,1.0,767.93,-0.252,1.2,0.7120000000000001,0.182,-0.49999999999999983,1.242,5.4,9.540000000000001,88.94000000000001,4.0,-1.0,674.7499999999999
Sequence_26,KNLRRIIRKGIHIIKKYG,-0.15777777777777777,0.0611111111111111,0.4655555555555555,0.43277777777777776,-1.4055555555555552,0.7355555555555555,4.305555555555555,9.23888888888889,73.67777777777778,11.0,0.0,2175.32,-0.18200000000000002,0.13999999999999999,0.6239999999999999,0.874,-1.1599999999999997,1.024,5.9,8.580000000000002,89.24000000000001,3.0,1.0,662.78,-0.15799999999999997,-0.45999999999999996,0.5680000000000001,0.512,-1.2200000000000002,0.8300000000000001,4.7,9.239999999999998,78.97999999999999,4.0,0.0,648.6899999999999
Sequence_488,SLLGTVKDLLIGAGKSAAQSVLKGLSGKLSKDC,-0.0787878787878788,-0.6181818181818183,0.6984848484848483,0.672121212121212,-0.3696969696969698,0.9033333333333332,4.984848484848484,8.439393939393938,85.06060606060608,31.0,1.0,4423.76,0.066,-0.7,0.7500000000000001,0.8219999999999998,0.7999999999999998,0.25,5.0,7.739999999999999,83.96,4.0,0.0,632.6999999999999,-0.466,0.24,0.738,-0.030000000000000072,-1.5,0.78,5.4,9.379999999999999,86.72,8.0,1.0,697.74
Sequence_129,MKVFFLFAVLFCLVRRNSVHISHQEARGP,-0.025862068965517234,-0.49310344827586194,0.649655172413793,0.8348275862068967,-0.013793103448275874,1.3475862068965518,4.879310344827586,7.686206896551725,87.58965517241377,18.0,-1.0,3998.5200000000013,0.11600000000000002,-1.5399999999999998,0.724,1.1800000000000002,0.9399999999999998,1.6759999999999997,4.9,6.340000000000001,93.18,2.0,0.0,732.87,-0.194,0.28,0.6200000000000001,0.5700000000000001,-0.9800000000000001,0.25,4.5,9.06,76.4,3.0,-1.0,632.6800000000001
seq_363,VLLNKARLAGFKTLRNTYKSHFKKNYHHHV,-0.13033333333333333,-0.06000000000000001,0.6823333333333331,0.6526666666666666,-0.58,1.2816666666666663,5.266666666666667,8.620000000000003,87.95333333333332,22.0,-1.0,4110.570000000001,0.06599999999999999,-0.9,0.8240000000000001,1.294,0.19999999999999982,2.4099999999999997,6.2,7.5,107.28,4.0,1.0,767.93,-0.18999999999999997,0.82,0.7,0.364,-1.44,2.148,5.4,9.64,94.92,4.0,-3.0,762.78
Sequence_534,ADDRNPLEECFRETDYEEFLEIARNGLKKT,-0.2843333333333333,0.4933333333333332,0.6639999999999998,0.17200000000000001,-1.0699999999999998,0.4646666666666666,4.5,9.393333333333333,78.68,26.0,-3.0,3857.06,-0.44000000000000006,0.58,0.616,0.020000000000000018,-2.14,0.734,5.0,10.12,76.54,6.0,1.0,614.6500000000001,-0.188,-0.6,0.7200000000000001,0.696,-1.2200000000000002,0.8300000000000001,5.7,9.02,89.34,5.0,0.0,706.76
Sequence_657,VDKGSYLPRPTPPRPIYNRN,-0.04700000000000001,-0.4450000000000001,0.6375,1.1154999999999997,-0.16000000000000011,0.8484999999999999,5.425,7.840000000000002,87.33999999999999,12.0,2.0,2686.2400000000007,-0.32399999999999995,-0.6399999999999999,0.674,0.48599999999999993,-2.3800000000000003,1.9259999999999997,5.4,9.419999999999998,89.52,7.0,0.0,742.76,-0.314,0.9,0.496,0.312,-1.1199999999999999,1.468,5.0,9.1,81.04,4.0,2.0,599.73
seq_128,VLLNKARLAGFKTLRNCYRGNFKKHYHHNC,-0.2733333333333334,0.27999999999999997,0.6813333333333332,0.42599999999999993,-0.8766666666666667,1.2873333333333334,5.516666666666667,8.783333333333337,89.56999999999996,29.0,3.0,4135.700000000001,0.06599999999999999,-0.9,0.8240000000000001,1.294,0.19999999999999982,2.4099999999999997,6.2,7.5,107.28,4.0,1.0,767.93,-0.712,2.1,0.6960000000000001,-0.538,-2.2399999999999998,1.732,5.9,10.46,93.74000000000001,8.0,0.0,731.8
Sequence_157,GYGCPFNQYQCHSHCSGIRGYKGGYCKGTFKQTCKCY,-0.41216216216216206,0.21351351351351341,0.6491891891891891,0.16621621621621618,-1.1864864864864868,0.9583783783783784,5.581081081081081,8.875675675675675,88.87027027027027,50.0,5.0,5240.789999999999,-0.46799999999999997,0.11999999999999997,0.716,0.27199999999999996,-1.08,0.99,6.1,8.620000000000001,94.26,8.0,1.0,732.8600000000001,-0.712,0.72,0.664,-0.308,-1.7399999999999998,1.27,6.2,9.18,93.28000000000002,10.0,2.0,739.83
Sequence_524,RIKRFWPVVIRTVVAGY,0.08411764705882353,-1.2294117647058824,0.5376470588235295,1.2641176470588236,-0.44117647058823534,2.0870588235294116,5.0588235294117645,7.323529411764706,88.68823529411765,9.0,0.0,2390.71,-0.06800000000000002,-0.3,0.40800000000000003,0.6839999999999999,-0.8600000000000001,0.29,4.1,8.18,68.74,1.0,0.0,581.64,0.168,-1.72,0.672,1.4300000000000002,0.14000000000000004,3.022,5.5,7.06,99.64000000000001,4.0,0.0,760.87
Sequence_590,AHDGNPLEECFREDDEEFFLEIAKNGLTATSNPKRVVIV,-0.2525641025641026,0.2512820512820513,0.6510256410256409,0.312051282051282,-1.11025641025641,1.0492307692307692,4.576923076923077,9.12051282051282,81.97948717948718,35.0,-3.0,5216.579999999999,-0.5599999999999999,1.1800000000000002,0.664,-0.296,-2.52,1.238,5.1,10.76,81.55999999999999,7.0,0.0,660.6800000000001,0.24,-2.04,0.492,1.8,-0.9400000000000001,4.1579999999999995,5.4,6.640000000000001,103.22,3.0,0.0,802.9200000000001
seq_315,VLLDKARLAGFKTLRNTYRGHFKKHYHKYC,-0.12733333333333335,-0.1933333333333334,0.6813333333333332,0.6216666666666665,-0.44333333333333336,0.8869999999999999,5.266666666666667,8.520000000000003,86.21999999999998,23.0,-1.0,4046.4800000000005,0.15799999999999997,-1.46,0.8400000000000001,1.288,0.2799999999999999,1.6759999999999997,5.8,7.56,101.4,4.0,0.0,753.8599999999999,-0.33999999999999997,0.5,0.716,0.15599999999999997,-0.5599999999999999,1.034,5.7,9.0,91.18000000000002,6.0,0.0,710.79
Sequence_17,PAQPFRIKKRQGPFERP,0.01941176470588236,-0.6176470588235295,0.6,1.122941176470588,0.08235294117647056,0.24411764705882355,4.882352941176471,7.623529411764705,82.75294117647059,5.0,-1.0,2268.6400000000003,0.28400000000000003,-1.3199999999999998,0.68,1.6300000000000001,2.18,0.0,4.8,6.04,86.04,0.0,0.0,673.85,-0.046,-0.11999999999999997,0.6599999999999999,1.036,0.24000000000000005,0.0,4.6,7.580000000000001,81.14,1.0,-1.0,667.8000000000001
seq_332,VLLNKARLAGFKTFRNCYRSHFKKNYHKNT,-0.222,0.08,0.6576666666666665,0.517,-0.7166666666666667,1.1699999999999997,5.283333333333333,8.623333333333335,86.26333333333332,25.0,3.0,4037.5700000000006,0.06599999999999999,-0.9,0.8240000000000001,1.294,0.19999999999999982,2.4099999999999997,6.2,7.5,107.28,4.0,1.0,767.93,-0.352,0.72,0.6639999999999999,0.266,-1.4200000000000002,1.278,5.6,9.700000000000001,87.60000000000001,5.0,0.0,684.7499999999999
Sequence_252,GVFTFEDESTSTVAPAKLYK,-0.089,-0.48,0.6579999999999998,0.6370000000000001,-0.33499999999999996,0.9004999999999999,4.525,8.395,80.34,15.0,-2.0,2648.8199999999997,-0.08399999999999999,-1.1199999999999999,0.624,0.732,-0.020000000000000108,1.636,4.8,7.1,86.58000000000001,4.0,0.0,711.81,0.14400000000000002,-0.96,0.74,1.0699999999999998,0.82,0.58,5.0,8.0,84.7,2.0,0.0,647.7299999999999
Sequence_148,SPKKTKPVKPKKVA,-0.07642857142857142,-1.0214285714285716,0.6778571428571428,1.245714285714286,-1.0714285714285714,1.611428571428571,5.607142857142857,8.3,92.42857142857143,10.0,0.0,2100.3700000000003,-0.196,-0.48,0.642,0.842,-1.2000000000000002,0.58,5.2,8.86,81.52,4.0,0.0,683.74,0.015999999999999993,-1.2399999999999998,0.6799999999999999,1.3900000000000001,-0.7200000000000001,1.966,5.5,8.0,93.9,3.0,0.0,752.86
seq_405,VLLNKARLSGFKTLRNTYRSHFKKHYHKHD,-0.14666666666666667,-0.01333333333333332,0.6739999999999999,0.5829999999999997,-0.6766666666666666,0.9283333333333331,5.166666666666667,8.753333333333336,84.98999999999998,22.0,-2.0,4023.390000000001,0.06599999999999999,-0.9,0.8240000000000001,1.294,0.19999999999999982,2.4099999999999997,6.2,7.5,107.28,4.0,1.0,767.93,-0.34800000000000003,0.8400000000000001,0.716,0.003999999999999981,-1.9,0.7979999999999999,5.2,10.500000000000002,84.42,5.0,-2.0,698.6899999999999
Sequence_402,ARIQESTNDILKPITCNTNADCAKFCKGPIHNCVYHTCQCVPGNPHCC,-0.44520833333333343,0.5458333333333333,0.6122916666666666,0.11729166666666664,-1.4979166666666668,1.3014583333333338,5.3125,9.13125,87.25833333333328,64.0,9.0,6690.479999999997,0.046,0.0,0.46799999999999997,0.594,-0.18000000000000008,0.0,3.5,8.66,68.96,1.0,-1.0,577.5799999999999,-0.9959999999999999,2.1399999999999997,0.7000000000000001,-0.626,-2.9,1.968,6.6,10.059999999999999,101.14000000000001,11.0,2.0,790.9300000000001
Sequence_70,LLKWLKKWLKK,0.0872727272727273,-1.3,0.8163636363636364,1.272727272727273,-0.05454545454545459,1.5790909090909089,6.0,7.745454545454547,99.99090909090908,7.0,0.0,1662.8600000000004,0.362,-1.64,0.8920000000000001,1.5879999999999999,1.8,1.302,5.9,6.44,102.81999999999998,2.0,0.0,729.86,-0.09000000000000001,-1.1199999999999999,0.764,1.084,-1.28,1.8820000000000001,6.1,8.52,98.78,4.0,0.0,777.8399999999999
Sequence_359,RGKRWWRRKK,-0.21300000000000002,-0.59,0.562,0.9700000000000001,-2.21,1.5719999999999998,6.0,8.610000000000003,89.22,7.0,0.0,1434.5300000000002,-0.24200000000000005,-0.5199999999999999,0.5599999999999999,0.884,-2.24,1.552,6.0,8.620000000000001,89.0,4.0,0.0,712.76,-0.184,-0.6599999999999999,0.5640000000000001,1.0559999999999998,-2.18,1.592,6.0,8.6,89.43999999999998,3.0,0.0,721.77
seq_369,VLLNKARLAGFKTLRNCYKTTFKKHYHKHT,-0.16066666666666668,-0.10000000000000005,0.6753333333333332,0.5959999999999999,-0.5800000000000001,1.0159999999999998,5.316666666666666,8.616666666666669,86.72999999999998,24.0,0.0,4075.52,0.06599999999999999,-0.9,0.8240000000000001,1.294,0.19999999999999982,2.4099999999999997,6.2,7.5,107.28,4.0,1.0,767.93,-0.256,0.72,0.6639999999999999,0.22799999999999998,-1.34,0.7979999999999999,5.2,9.900000000000002,83.52000000000001,4.0,-2.0,685.6899999999999
Sequence_465,FWATLAKGALKLIPTIANAFSSKS,-0.0004166666666666809,-0.4875,0.6012499999999997,0.6670833333333334,0.2708333333333333,0.5970833333333333,4.125,8.116666666666665,73.73750000000001,13.0,1.0,2873.1300000000006,0.172,-1.2,0.6719999999999999,1.014,1.3599999999999999,1.012,4.6,6.720000000000001,82.06,2.0,0.0,641.72,-0.22800000000000004,-0.11999999999999997,0.5820000000000001,0.21000000000000002,-0.6200000000000001,0.29,3.6,8.7,64.97999999999999,4.0,0.0,591.58
Sequence_584,SRDLICYCRKGGCNRGEQVYGTCSGRLLYCCPRR,-0.37588235294117645,0.22941176470588234,0.6358823529411763,0.28852941176470587,-1.205882352941177,0.9705882352941176,5.617647058823529,8.688235294117646,88.5705882352941,44.0,6.0,4701.27,-0.015999999999999997,-0.26,0.534,0.502,-0.36000000000000004,0.0,3.9,8.6,68.5,3.0,0.0,558.5799999999999,-0.6799999999999999,0.9400000000000001,0.572,0.11999999999999993,-2.0599999999999996,0.9800000000000001,6.4,8.540000000000001,92.62,8.0,2.0,727.87
seq_43,VLLNKARLAGFNTLRNTYRGNFKKHYKKHC,-0.21333333333333332,0.05,0.6759999999999999,0.5599999999999999,-0.74,1.211666666666667,5.466666666666667,8.656666666666668,88.54666666666664,26.0,3.0,4088.65,0.06599999999999999,-0.9,0.8240000000000001,1.294,0.19999999999999982,2.4099999999999997,6.2,7.5,107.28,4.0,1.0,767.93,-0.528,0.7,0.7040000000000001,-0.015999999999999924,-2.04,1.324,5.9,9.9,92.53999999999999,7.0,0.0,748.8
seq_389,VLLNKARLAGFKTFRNCYKSTFKKNYHKNM,-0.19466666666666668,-0.0966666666666667,0.6789999999999999,0.587,-0.5266666666666666,1.1759999999999997,5.316666666666666,8.456666666666669,87.44999999999999,25.0,4.0,4061.6400000000003,0.06599999999999999,-0.9,0.8240000000000001,1.294,0.19999999999999982,2.4099999999999997,6.2,7.5,107.28,4.0,1.0,767.93,-0.21000000000000002,0.44000000000000006,0.76,0.542,-0.5200000000000001,1.278,5.7,8.96,93.76000000000002,4.0,0.0,696.7999999999998
seq_118,VLLNKARLAGFKTLRNTYRSNFKKTYHHHT,-0.12300000000000003,-0.056666666666666685,0.6583333333333332,0.6446666666666665,-0.4266666666666667,0.9599999999999997,5.183333333333334,8.523333333333335,84.7533333333333,21.0,0.0,3957.4100000000008,0.06599999999999999,-0.9,0.8240000000000001,1.294,0.19999999999999982,2.4099999999999997,6.2,7.5,107.28,4.0,1.0,767.93,-0.29999999999999993,1.42,0.66,-0.052000000000000005,-1.4,0.762,5.0,10.280000000000001,82.08,4.0,-3.0,677.66
Sequence_89,KSYGNGVQCNKKKCWVDWGSAISTIGNNSAANWATGGAAGWKS,-0.333953488372093,-0.051162790697674425,0.60953488372093,0.33767441860465097,-1.5790697674418603,1.7058139534883723,5.151162790697675,9.095348837209302,84.80232558139532,52.0,7.0,5874.2699999999995,-0.382,0.3,0.67,0.27199999999999996,-1.44,1.274,5.4,9.459999999999999,85.34,6.0,1.0,669.74,-0.21600000000000003,-0.5599999999999999,0.626,0.54,-1.4,1.552,4.9,8.88,81.05999999999999,5.0,0.0,676.6800000000001
seq_271,VLLNKARLAGFKTLRNCYRGNFKKHYHKHC,-0.25000000000000006,0.1633333333333333,0.6819999999999999,0.4663333333333332,-0.8533333333333334,1.2133333333333336,5.483333333333333,8.753333333333336,89.12999999999997,28.0,2.0,4144.670000000001,0.06599999999999999,-0.9,0.8240000000000001,1.294,0.19999999999999982,2.4099999999999997,6.2,7.5,107.28,4.0,1.0,767.93,-0.5720000000000001,1.4,0.7,-0.29600000000000004,-2.1,1.2879999999999998,5.7,10.280000000000001,91.1,7.0,-1.0,740.77
seq_325,VLLNKARLAGFNTLRNCYRSHFKKHYHHTL,-0.15266666666666667,0.12666666666666665,0.6809999999999998,0.5566666666666666,-0.38999999999999996,1.0356666666666665,5.25,8.536666666666669,86.8033333333333,23.0,0.0,4016.5100000000007,0.06599999999999999,-0.9,0.8240000000000001,1.294,0.19999999999999982,2.4099999999999997,6.2,7.5,107.28,4.0,1.0,767.93,-0.02999999999999998,0.45999999999999996,0.728,0.48,0.2,0.508,5.1,8.860000000000001,85.53999999999999,3.0,-2.0,661.6999999999999
Sequence_482,KNLRRIIRKIIHIIKKYG,-0.11055555555555555,0.05000000000000001,0.42777777777777776,0.445,-1.2333333333333332,0.666111111111111,4.0,9.155555555555557,70.71111111111111,9.0,0.0,2104.24,-0.18200000000000002,0.13999999999999999,0.6239999999999999,0.874,-1.1599999999999997,1.024,5.9,8.580000000000002,89.24000000000001,3.0,1.0,662.78,-0.15799999999999997,-0.45999999999999996,0.5680000000000001,0.512,-1.2200000000000002,0.8300000000000001,4.7,9.239999999999998,78.97999999999999,4.0,0.0,648.6899999999999
seq_1,VLLNKARLSGFKTLRNCYKGNFKKHYHKNC,-0.294,0.17333333333333334,0.6936666666666665,0.4320000000000001,-1.0066666666666666,1.3416666666666666,5.583333333333333,8.83666666666667,90.49666666666664,31.0,4.0,4199.76,0.06599999999999999,-0.9,0.8240000000000001,1.294,0.19999999999999982,2.4099999999999997,6.2,7.5,107.28,4.0,1.0,767.93,-0.6679999999999999,1.4,0.7,-0.258,-2.18,1.768,6.1,10.080000000000002,95.18000000000002,8.0,1.0,739.8299999999999
Sequence_623,FNRGGYNFGKSVRHVVDAIGSVAGIRGILKSIR,-0.16636363636363632,-0.29090909090909084,0.5506060606060604,0.5512121212121212,-1.1787878787878785,1.416060606060606,4.681818181818182,8.660606060606058,80.83030303030304,28.0,1.0,4320.680000000001,-0.502,0.4800000000000001,0.6040000000000001,0.11400000000000002,-2.0,1.234,5.5,9.16,85.28,6.0,1.0,674.77,0.03199999999999999,-0.39999999999999997,0.522,0.75,-0.3000000000000001,0.29,4.1,8.36,71.74000000000001,2.0,0.0,581.6199999999999
seq_10,VLLNKARLAGFKTLRNCYRGNFKKHYHHYD,-0.18133333333333335,0.036666666666666646,0.6866666666666668,0.5449999999999998,-0.5733333333333335,1.0833333333333333,5.366666666666666,8.640000000000004,87.78999999999996,25.0,1.0,4064.580000000001,0.06599999999999999,-0.9,0.8240000000000001,1.294,0.19999999999999982,2.4099999999999997,6.2,7.5,107.28,4.0,1.0,767.93,-0.15999999999999998,0.64,0.728,0.176,-0.41999999999999993,0.508,5.0,9.600000000000001,83.06,4.0,-2.0,660.68
Sequence_408,ESEFDRQEYEECKRQCMQLETSGQMRRCVSQCDKRFEEDIDWSKYDNQE,-0.2881632653061225,0.23265306122448975,0.6648979591836736,0.26428571428571435,-1.146938775510204,0.6338775510204081,4.877551020408164,9.081632653061224,84.56938775510203,49.0,-4.0,6749.999999999998,-0.45999999999999996,1.1,0.6859999999999999,-0.522,-1.7600000000000002,0.0,3.2,10.46,67.14,5.0,-2.0,624.56,-0.262,0.44000000000000006,0.732,0.286,-0.78,0.734,5.2,9.4,89.63999999999999,5.0,0.0,693.7500000000001
seq_56,VLLNKARLAGFKTLRNTYKSTFKKNYKKTC,-0.15733333333333333,-0.3066666666666667,0.6709999999999998,0.6746666666666667,-0.49333333333333335,1.0596666666666665,5.35,8.416666666666668,86.65666666666668,25.0,4.0,4040.5699999999997,0.06599999999999999,-0.9,0.8240000000000001,1.294,0.19999999999999982,2.4099999999999997,6.2,7.5,107.28,4.0,1.0,767.93,-0.44000000000000006,0.020000000000000018,0.668,0.24000000000000005,-1.48,1.0699999999999998,5.9,9.16,89.83999999999999,7.0,1.0,720.79
Sequence_641,DCKHPVGPYTDSCFTDCVSGKYGYNYESAFCSRDETGTCKICCCELINE,-0.4761224489795919,0.5102040816326531,0.6457142857142858,-0.04510204081632651,-1.575510204081633,1.0493877551020412,5.091836734693878,9.342857142857143,84.22448979591834,70.0,5.0,6744.239999999999,-0.632,0.8800000000000001,0.72,-0.08400000000000007,-2.5599999999999996,1.034,5.9,10.1,91.82000000000001,8.0,0.0,757.82,-0.32999999999999996,1.44,0.6439999999999999,-0.21399999999999997,-1.3599999999999999,0.734,3.6,10.3,76.03999999999999,4.0,-1.0,618.63
Sequence_522,INWKKIFEKVKDLV,-0.15785714285714286,-0.5499999999999999,0.6242857142857143,0.6621428571428571,-1.4714285714285713,2.0278571428571426,4.928571428571429,8.8,89.05,12.0,0.0,2024.18,-0.34400000000000003,-0.05999999999999996,0.556,0.4620000000000001,-2.4,2.3259999999999996,5.3,9.459999999999999,88.28,5.0,1.0,712.77,0.086,-1.78,0.776,1.4280000000000002,-0.8000000000000002,3.062,6.1,7.6,108.08,5.0,0.0,826.93
Sequence_650,RYHMQCGYRGTFCTPGKCPHGNAYLGLCRPKYSCCRWL,-0.3018421052631579,0.08157894736842108,0.6802631578947367,0.44973684210526316,-0.6526315789473686,0.9242105263157894,5.7368421052631575,8.336842105263155,90.6736842105263,44.0,5.0,5328.099999999999,0.198,-0.5599999999999999,0.6960000000000001,1.228,1.14,0.254,5.5,7.260000000000001,91.85999999999999,1.0,-1.0,675.77,-0.568,0.38,0.688,0.1,-1.48,1.9920000000000002,6.6,8.080000000000002,101.99999999999999,9.0,2.0,775.89
Sequence_49,DKLIGSCVWGAVNYTSNCNAECKRRGYKGGHCGSFANVNCWCER,-0.4854545454545455,0.46136363636363636,0.6365909090909091,0.08704545454545455,-1.9068181818181815,1.7518181818181824,5.4772727272727275,9.27727272727273,89.11590909090906,63.0,8.0,6247.819999999999,-0.16799999999999998,-0.38,0.632,0.344,-1.22,0.54,4.6,9.34,79.12,5.0,0.0,639.67,-0.858,1.34,0.636,-0.5199999999999999,-3.08,1.9920000000000002,6.0,9.64,95.28,10.0,1.0,777.8199999999999
Sequence_273,YPGPQAKEDSEGPSQGPASREK,-0.14636363636363636,-0.13636363636363633,0.6704545454545452,0.6677272727272728,-0.6318181818181817,0.3022727272727273,4.7272727272727275,8.809090909090909,80.95454545454548,16.0,-3.0,2933.1400000000003,0.196,-1.2799999999999998,0.74,1.6759999999999997,1.46,0.25,5.9,6.6,96.82000000000001,2.0,0.0,726.9100000000001,-0.24000000000000005,0.45999999999999996,0.5740000000000001,0.26399999999999996,-1.46,0.29,3.9,9.739999999999998,68.28,3.0,-1.0,597.5699999999999
Sequence_191,GLLDTFKNLALNAAKSAGVSVLNSLSCKLSKTC,-0.15787878787878787,-0.24545454545454545,0.7033333333333331,0.5533333333333332,-0.30303030303030304,1.1536363636363638,5.075757575757576,8.406060606060604,85.95757575757575,33.0,5.0,4399.900000000001,-0.009999999999999998,-0.72,0.796,0.7,0.26,0.25,5.4,8.22,88.11999999999999,5.0,0.0,659.73,-0.374,0.12000000000000002,0.686,0.19399999999999995,-0.9400000000000001,0.78,5.4,8.78,85.82000000000001,7.0,1.0,684.74
Sequence_126,GGLRSLGRKILRAWKKYG,-0.07055555555555557,-0.5611111111111112,0.637222222222222,0.7844444444444444,-0.6333333333333333,0.8005555555555555,5.166666666666667,8.4,83.6888888888889,13.0,0.0,2356.57,-0.196,-0.21999999999999997,0.6539999999999999,0.534,-0.9799999999999999,0.5,5.2,8.680000000000001,81.97999999999999,5.0,0.0,643.69,-0.186,-0.9199999999999999,0.708,0.8320000000000002,-1.4,1.842,6.0,8.68,94.96000000000001,5.0,0.0,754.81
Sequence_313,SFLTTVKKLVTNVAALAGTVIDTIKCKITGGCRT,-0.16411764705882353,-0.476470588235294,0.5902941176470587,0.5844117647058823,-0.8941176470588236,1.3482352941176474,4.970588235294118,8.48235294117647,83.68235294117645,34.0,3.0,4563.96,0.030000000000000006,-0.6599999999999999,0.634,0.666,0.96,0.0,4.3,7.42,73.52,3.0,0.0,595.65,-0.6779999999999999,0.6,0.58,-0.164,-2.76,0.99,6.0,9.620000000000001,86.66,9.0,1.0,700.75
Sequence_471,RQRDPQQQYEQCQKHCQRRETEPRHMQTCQQRCERRYEKEKRKQQ,-0.1417777777777778,-0.08888888888888889,0.642222222222222,0.7551111111111111,-0.6333333333333335,0.40311111111111103,5.533333333333333,8.388888888888886,91.08222222222221,32.0,-4.0,6462.999999999999,0.018000000000000006,-0.72,0.592,1.3,-0.4000000000000001,0.0,5.7,7.7,86.9,2.0,0.0,676.78,0.06999999999999998,-1.2,0.632,1.416,-0.4800000000000001,0.58,6.1,7.840000000000001,97.03999999999999,2.0,0.0,755.8299999999999
seq_320,VLLNKARLAGFKTLRNTYRGNFKKHYHKNY,-0.1366666666666667,-0.10000000000000006,0.6786666666666666,0.6799999999999999,-0.45,1.1299999999999997,5.383333333333334,8.503333333333336,87.74666666666664,22.0,2.0,4031.600000000001,0.06599999999999999,-0.9,0.8240000000000001,1.294,0.19999999999999982,2.4099999999999997,6.2,7.5,107.28,4.0,1.0,767.93,-0.20800000000000002,0.5,0.716,0.462,-0.44000000000000006,1.278,5.6,9.16,90.38000000000002,4.0,0.0,682.7799999999999
seq_386,VLLNKARLSGFKTLRNTYRHNFKKNYKHNM,-0.16766666666666669,0.009999999999999986,0.6863333333333332,0.6596666666666664,-0.5633333333333332,1.2106666666666668,5.45,8.533333333333335,88.89999999999999,23.0,3.0,4061.6600000000008,0.06599999999999999,-0.9,0.8240000000000001,1.294,0.19999999999999982,2.4099999999999997,6.2,7.5,107.28,4.0,1.0,767.93,-0.21000000000000002,0.44000000000000006,0.76,0.542,-0.5200000000000001,1.278,5.7,8.96,93.75999999999999,4.0,0.0,696.8
Sequence_152,GNPKVAHCASQIGRSTAWGAVSGA,-0.19291666666666663,-0.2333333333333333,0.5870833333333331,0.5387499999999998,-0.9833333333333333,1.365,4.8125,8.670833333333333,81.54166666666667,23.0,1.0,3181.390000000001,-0.312,-0.39999999999999997,0.708,0.97,-1.92,2.66,6.4,8.66,103.96,6.0,1.0,800.95,-0.015999999999999993,-0.78,0.5900000000000001,0.7459999999999999,-0.31999999999999995,1.636,4.2,8.260000000000002,77.04,4.0,0.0,633.6600000000001
Sequence_92,LDEPNMDTISKSREYKCKIDLDCSNHIACRHCSYRNCKCDHGTCKCMP,-0.48604166666666665,0.7041666666666669,0.6420833333333332,-0.051250000000000066,-1.7125000000000001,0.8941666666666669,5.177083333333333,9.5375,83.84583333333329,66.0,6.0,6497.999999999998,-0.29400000000000004,0.6199999999999999,0.8,0.386,-0.9,0.734,5.2,9.36,89.78,5.0,0.0,691.79,-0.626,0.4800000000000001,0.764,0.14799999999999996,-1.2999999999999996,1.27,6.5,8.4,101.96000000000001,9.0,2.0,783.94
Sequence_28,RWKFFKKIEKVGQNIRDGIIKAGPAVAVVGQAASIT,-0.07472222222222219,-0.6194444444444444,0.5469444444444442,0.7219444444444447,-0.8611111111111109,1.3527777777777779,4.513888888888889,8.447222222222225,80.69999999999999,25.0,0.0,4767.12,-0.07400000000000001,-0.96,0.6,0.8400000000000001,-0.2200000000000001,1.302,4.9,7.12,83.66000000000001,2.0,0.0,693.78,0.044000000000000004,-0.22000000000000003,0.41400000000000003,0.374,0.33999999999999997,0.0,2.7,8.6,53.519999999999996,2.0,0.0,477.46
seq_19,VLLNKARLAGFNTLRNTYRGTFKKHYKKTM,-0.09166666666666666,-0.3366666666666667,0.6739999999999999,0.7723333333333333,-0.2633333333333333,0.9653333333333333,5.333333333333333,8.256666666666668,86.72999999999999,21.0,2.0,3990.54,0.06599999999999999,-0.9,0.8240000000000001,1.294,0.19999999999999982,2.4099999999999997,6.2,7.5,107.28,4.0,1.0,767.93,0.018000000000000006,-0.9400000000000001,0.728,1.04,0.17999999999999988,0.58,5.5,8.040000000000001,88.41999999999999,3.0,0.0,677.76
Sequence_409,ANCSCSTASDYCPILTFCTTGTACSYTPTGCGTGWVYCACNGNFY,-0.42022222222222233,0.2688888888888888,0.6244444444444444,0.09622222222222222,-0.951111111111111,1.0855555555555558,5.2444444444444445,8.706666666666665,83.87111111111106,64.0,11.0,6025.709999999996,-0.9259999999999999,1.7600000000000002,0.6180000000000001,-0.818,-2.38,1.714,5.5,9.919999999999998,86.16,11.0,3.0,688.77,-0.462,0.74,0.6839999999999999,0.10400000000000002,-0.9200000000000002,1.718,5.6,8.9,90.66,6.0,2.0,676.83
Sequence_511,GWLRKLGKKIERIGQHTRDASIQVLGIAQQAANVAATAR,-0.004102564102564109,-0.5128205128205128,0.5710256410256408,0.7730769230769234,-0.3589743589743586,0.8515384615384616,4.602564102564102,8.356410256410257,80.05384615384614,23.0,-1.0,4980.320000000001,-0.08199999999999999,-0.8799999999999999,0.692,1.024,-1.02,1.552,6.0,8.059999999999999,94.67999999999999,4.0,0.0,728.8,0.1,-0.38,0.484,0.7460000000000001,0.62,0.0,3.6,8.18,60.52,1.0,0.0,501.52
Sequence_47,KCWNLRGSCREKCIKNEKLYIFCTSGKLCCLKPKFQPNMLQR,-0.3216666666666667,0.14047619047619037,0.6733333333333332,0.384047619047619,-0.9380952380952385,1.033809523809524,5.464285714285714,8.607142857142854,89.92619047619047,47.0,7.0,5909.6799999999985,-0.502,0.28,0.756,0.29400000000000004,-1.6800000000000002,2.5260000000000002,6.6,8.72,104.85999999999999,8.0,2.0,787.91,0.13999999999999999,-0.62,0.748,1.3459999999999999,1.1199999999999999,0.734,6.0,6.92,99.32000000000001,2.0,1.0,688.85
seq_187,VLLNKARLSGFNTLRNCYRGNFKKHYHHHM,-0.22133333333333338,0.2633333333333333,0.691,0.4906666666666667,-0.6966666666666667,1.1996666666666669,5.433333333333334,8.696666666666667,89.16999999999994,26.0,1.0,4100.64,0.06599999999999999,-0.9,0.8240000000000001,1.294,0.19999999999999982,2.4099999999999997,6.2,7.5,107.28,4.0,1.0,767.93,-0.15799999999999997,1.1400000000000001,0.756,0.22399999999999998,-0.5,0.762,5.1,9.540000000000001,88.24,3.0,-3.0,689.7099999999999
seq_87,VLLNKARLAGFKTLRNCYRSNFKKHYKKTM,-0.13733333333333334,-0.22333333333333336,0.6816666666666665,0.6966666666666668,-0.38333333333333336,1.0536666666666665,5.35,8.336666666666668,87.52333333333331,23.0,3.0,4040.6000000000004,0.06599999999999999,-0.9,0.8240000000000001,1.294,0.19999999999999982,2.4099999999999997,6.2,7.5,107.28,4.0,1.0,767.93,0.018000000000000006,-0.9400000000000001,0.728,1.04,0.17999999999999988,0.58,5.5,8.040000000000001,88.41999999999999,3.0,0.0,677.76
Sequence_526,VFIDILDKMENAIHKAAQAGIGLAKPIENMILPK,-0.04470588235294119,-0.21176470588235288,0.6011764705882351,0.575,-0.27058823529411763,0.7011764705882351,4.161764705882353,8.649999999999995,77.46764705882353,20.0,-1.0,4223.6100000000015,0.017999999999999988,-0.8400000000000001,0.41600000000000004,0.476,-0.5399999999999999,1.386,3.2,8.1,70.4,3.0,0.0,607.6499999999999,0.25599999999999995,-1.08,0.6960000000000001,1.3679999999999999,1.32,0.29,4.7,7.040000000000001,85.97999999999999,1.0,0.0,641.78
Sequence_99,RFIPPILRPPVRPPFRPPFRPPFRPPPIIRFFGG,0.10264705882352941,-0.8147058823529414,0.5723529411764704,1.3511764705882352,0.6911764705882351,0.2773529411764706,4.735294117647059,6.785294117647058,81.09117647058824,5.0,0.0,4400.530000000001,0.13,-0.72,0.508,1.276,0.86,0.0,4.2,6.779999999999999,74.72,0.0,0.0,609.7700000000001,-0.27399999999999997,-0.32,0.5920000000000001,0.304,-0.72,0.5,4.7,8.0,77.91999999999999,4.0,0.0,649.73
seq_47,VLLNKARLAGFNTLRNMYRGNFKKHYKHNC,-0.21300000000000002,0.12000000000000002,0.6913333333333332,0.5656666666666665,-0.6133333333333334,1.285666666666667,5.516666666666667,8.563333333333336,90.0133333333333,26.0,4.0,4091.7300000000005,0.06599999999999999,-0.9,0.8240000000000001,1.294,0.19999999999999982,2.4099999999999997,6.2,7.5,107.28,4.0,1.0,767.93,-0.6679999999999999,1.4,0.7000000000000001,-0.258,-2.18,1.768,6.1,10.080000000000002,95.17999999999999,8.0,1.0,739.8299999999999
seq_169,VLLNKARLAGFNTFRNTYRGTFKKHYHHNY,-0.15966666666666668,0.04666666666666665,0.6579999999999999,0.5786666666666664,-0.44333333333333336,1.0756666666666665,5.233333333333333,8.51666666666667,85.69333333333331,22.0,1.0,3977.5100000000007,0.06599999999999999,-0.9,0.8240000000000001,1.294,0.19999999999999982,2.4099999999999997,6.2,7.5,107.28,4.0,1.0,767.93,-0.252,1.2,0.7120000000000001,0.182,-0.49999999999999983,1.242,5.4,9.540000000000001,88.94000000000001,4.0,-1.0,674.7499999999999
Sequence_270,GRKSDCFRKSGFCAFLKCPSLTLISGKCSRFYLCCKRIWG,-0.33124999999999993,0.02000000000000001,0.6242499999999999,0.2445,-0.945,0.8002499999999998,5.0375,8.547499999999996,82.35249999999999,46.0,6.0,5338.869999999999,-0.41200000000000003,0.04,0.6060000000000001,0.20600000000000004,-2.5200000000000005,0.54,5.1,9.94,77.16,6.0,0.0,653.65,-0.196,-0.5199999999999999,0.488,0.6439999999999999,-2.0,1.552,5.0,8.82,81.53999999999999,4.0,0.0,672.6999999999999
Sequence_406,KSCCRSTLGRNCYNLCRVRGAQKLCANACRCKLTSGLKCPSSFPK,-0.37733333333333335,0.22888888888888878,0.6548888888888887,0.31577777777777777,-1.051111111111111,1.0786666666666669,5.555555555555555,8.628888888888886,88.16666666666664,57.0,11.0,6215.029999999999,-0.85,1.16,0.5900000000000001,-0.4700000000000001,-2.92,1.27,5.9,9.72,87.72,10.0,2.0,723.78,-0.12400000000000003,-0.44000000000000006,0.632,0.688,-0.08000000000000007,0.29,4.2,8.0,73.54,3.0,0.0,635.7
Sequence_614,RVCYAIPLPICY,-0.026666666666666655,-0.44166666666666665,0.5866666666666667,0.8308333333333334,0.5166666666666667,0.9858333333333332,4.875,7.408333333333334,85.00000000000001,9.0,2.0,1570.8900000000003,-0.13399999999999998,-0.48,0.604,0.7739999999999999,-0.19999999999999996,1.876,5.5,7.58,91.16000000000001,5.0,1.0,699.8100000000001,-0.014000000000000012,-0.32,0.648,0.74,1.1400000000000001,0.49000000000000005,4.9,7.26,86.04,4.0,1.0,646.8
seq_222,VLLNKARLAGFNTLRNTYRSHFKKHYHKNY,-0.12966666666666665,0.019999999999999987,0.6729999999999999,0.6409999999999999,-0.37000000000000005,1.0823333333333334,5.25,8.523333333333335,86.34666666666664,21.0,1.0,3982.5100000000007,0.06599999999999999,-0.9,0.8240000000000001,1.294,0.19999999999999982,2.4099999999999997,6.2,7.5,107.28,4.0,1.0,767.93,-0.20800000000000002,0.5,0.716,0.462,-0.44000000000000006,1.278,5.6,9.16,90.38000000000002,4.0,0.0,682.7799999999999
Sequence_648,GLVDVLGKVGGLIKKLLPG,-0.005789473684210532,-1.0947368421052635,0.7494736842105262,1.048421052631579,-0.4894736842105263,1.6521052631578945,5.684210526315789,8.010526315789473,97.37368421052633,18.0,0.0,2821.2000000000003,0.028000000000000004,-1.64,0.772,1.256,-0.86,3.022,6.1,7.62,107.64000000000001,6.0,0.0,817.9200000000001,0.12600000000000003,-1.0399999999999998,0.8400000000000001,1.324,0.8399999999999999,0.54,5.8,7.4,96.66,3.0,0.0,712.86
Sequence_30,RLCPRVRIRVCR,-0.165,-0.325,0.53,0.9416666666666664,-1.0666666666666667,1.5633333333333332,5.708333333333333,7.641666666666667,91.08333333333333,10.0,2.0,1687.98,-0.18200000000000002,-0.020000000000000018,0.6399999999999999,0.9199999999999999,-0.26000000000000006,0.49000000000000005,6.0,7.4799999999999995,91.2,4.0,1.0,684.84,-0.274,-0.07999999999999999,0.42000000000000004,0.5799999999999998,-1.8,1.876,5.2,8.18,85.6,5.0,1.0,683.77
Sequence_561,FLGGLMKAFPALICAVTKKC,-0.097,-0.545,0.6819999999999998,0.6585,0.10000000000000013,0.9339999999999999,4.95,7.885,85.81500000000001,17.0,2.0,2688.0699999999993,0.02400000000000002,-0.8399999999999999,0.804,0.7479999999999999,0.9,0.5,5.2,7.38,90.34,4.0,0.0,675.79,-0.47400000000000003,-0.36,0.6559999999999999,0.4600000000000001,-2.5,2.4559999999999995,6.3,9.059999999999999,99.9,8.0,1.0,807.8799999999999
Sequence_670,AIHRALISKRMEGHCEAECLTFEVKIGGCRAELAPFCCKNRKKH,-0.3406818181818182,0.5363636363636363,0.6202272727272725,0.11886363636363634,-1.3113636363636367,0.855909090909091,4.659090909090909,9.297727272727274,80.57727272727271,44.0,-2.0,5814.149999999999,-0.005999999999999994,0.4,0.41600000000000004,0.356,-0.38,0.254,3.2,9.100000000000001,59.96,1.0,-1.0,515.51,-0.518,1.0,0.624,0.23000000000000004,-3.0799999999999996,1.568,5.9,10.48,89.44,5.0,0.0,718.77
Sequence_685,GLISGILGVGKKLVCGLSGLC,-0.2033333333333333,-0.42857142857142866,0.6857142857142856,0.49904761904761896,-0.8619047619047622,1.3885714285714283,5.309523809523809,8.476190476190476,90.63809523809525,26.0,2.0,2960.2700000000004,-0.14999999999999997,-0.22000000000000003,0.5820000000000001,0.294,-0.74,0.5,4.2,8.879999999999999,74.52,5.0,0.0,603.63,-0.25,-0.020000000000000018,0.786,0.29799999999999993,0.040000000000000036,0.74,5.5,8.12,91.54,7.0,1.0,687.78
Sequence_560,GILGNIVGMGKKIVCGLSGLC,-0.27999999999999997,-0.21428571428571425,0.6423809523809523,0.38095238095238093,-1.276190476190476,1.5633333333333332,5.261904761904762,8.742857142857142,89.9,27.0,3.0,2945.2700000000004,-0.31799999999999995,0.31999999999999995,0.6120000000000001,0.178,-1.3599999999999999,1.234,5.0,9.3,84.55999999999999,6.0,1.0,644.73,-0.25,-0.020000000000000018,0.786,0.29799999999999993,0.040000000000000036,0.74,5.5,8.12,91.54,7.0,1.0,687.78
Sequence_566,GSEIQPR,-0.10142857142857142,-0.042857142857142864,0.5442857142857143,0.6414285714285715,-0.7285714285714285,0.17857142857142858,4.285714285714286,8.657142857142858,76.35714285714286,4.0,-1.0,888.94,-0.18,0.2,0.534,0.178,-1.0799999999999998,0.25,3.7,9.38,72.64000000000001,4.0,-1.0,624.6,0.04800000000000001,-0.16,0.52,0.9400000000000001,-0.16000000000000006,0.0,4.2,8.18,77.97999999999999,1.0,-1.0,637.7
seq_259,VLLNKARLSGFNTLRNTYRHTYKKHYHKHT,-0.13533333333333336,0.043333333333333314,0.6683333333333332,0.6343333333333331,-0.5466666666666666,1.0023333333333333,5.333333333333333,8.67666666666667,86.3833333333333,22.0,-1.0,4011.4500000000003,0.06599999999999999,-0.9,0.8240000000000001,1.294,0.19999999999999982,2.4099999999999997,6.2,7.5,107.28,4.0,1.0,767.93,-0.256,0.72,0.6639999999999999,0.22799999999999998,-1.34,0.7979999999999999,5.2,9.900000000000002,83.52000000000001,4.0,-2.0,685.6899999999999
seq_138,VLLNKARLAGFKTFRNCYRSNFKKNYHKHY,-0.19800000000000004,0.04333333333333333,0.6663333333333333,0.5496666666666667,-0.5533333333333333,1.1700000000000004,5.283333333333333,8.533333333333335,86.72666666666665,24.0,3.0,4035.600000000001,0.06599999999999999,-0.9,0.8240000000000001,1.294,0.19999999999999982,2.4099999999999997,6.2,7.5,107.28,4.0,1.0,767.93,-0.11200000000000002,0.5,0.716,0.42400000000000004,-0.36,0.7979999999999999,5.2,9.360000000000001,86.3,3.0,-2.0,683.7199999999999
Sequence_394,KWKSFINKLTSKFLHSAKKF,-0.15349999999999997,-0.29500000000000004,0.6384999999999998,0.5135000000000001,-0.6549999999999999,0.9349999999999998,4.6,8.620000000000001,79.555,14.0,0.0,2629.8100000000004,-0.2,-0.8,0.65,0.654,-1.2,1.592,5.0,8.34,84.64,4.0,0.0,717.75,-0.154,-0.44000000000000006,0.6140000000000001,0.46799999999999997,-0.5800000000000001,0.58,4.1,8.719999999999999,71.92,3.0,0.0,625.65
seq_331,VLLNKARLAGFKTLRNCYRSNFKKHYHKHY,-0.159,0.01666666666666664,0.6796666666666665,0.594,-0.47333333333333344,1.0899999999999999,5.3,8.556666666666668,87.16999999999997,23.0,1.0,4046.560000000001,0.06599999999999999,-0.9,0.8240000000000001,1.294,0.19999999999999982,2.4099999999999997,6.2,7.5,107.28,4.0,1.0,767.93,-0.11200000000000002,0.5,0.716,0.42400000000000004,-0.36,0.7979999999999999,5.2,9.360000000000001,86.3,3.0,-2.0,683.7199999999999
Sequence_480,FLPVILPVIGKLLNGIL,0.15,-0.9705882352941179,0.6717647058823529,1.1476470588235292,0.6882352941176471,1.2635294117647058,4.882352941176471,7.258823529411765,89.98823529411764,9.0,1.0,2302.7600000000007,0.31199999999999994,-1.5,0.624,1.456,1.52,1.386,4.4,6.159999999999999,87.94,1.0,0.0,680.8399999999999,-0.03400000000000001,-0.08000000000000003,0.68,0.602,0.24000000000000005,0.984,4.9,8.24,87.02000000000001,4.0,1.0,629.75
seq_377,VLLNKARLAGFKTLRNCYRSNFKKHYHKHC,-0.23566666666666666,0.16666666666666663,0.6769999999999998,0.47400000000000003,-0.7633333333333334,1.1716666666666666,5.383333333333334,8.710000000000003,87.96999999999997,27.0,2.0,4103.610000000001,0.06599999999999999,-0.9,0.8240000000000001,1.294,0.19999999999999982,2.4099999999999997,6.2,7.5,107.28,4.0,1.0,767.93,-0.5720000000000001,1.4,0.7,-0.29600000000000004,-2.1,1.2879999999999998,5.7,10.280000000000001,91.1,7.0,-1.0,740.77
Sequence_48,HFLGTLVNLAKKIL,0.02499999999999999,-0.5214285714285715,0.7042857142857141,0.8214285714285715,0.21428571428571425,1.1442857142857144,5.0,8.021428571428572,88.22142857142856,9.0,0.0,1883.14,-0.144,-1.1102230246251566e-17,0.7000000000000001,0.364,-0.13999999999999999,0.504,4.9,8.42,83.17999999999999,4.0,-1.0,664.7199999999999,0.06799999999999999,-0.6599999999999999,0.588,0.77,-0.10000000000000017,0.58,4.1,8.620000000000001,74.94,2.0,0.0,605.65
seq_159,VLLNKARLAGFNTLRNCYRSTFKKNYHKHT,-0.19166666666666668,0.05666666666666666,0.6643333333333332,0.5636666666666665,-0.5666666666666667,1.1216666666666666,5.333333333333333,8.553333333333336,86.69666666666664,25.0,3.0,4011.55,0.06599999999999999,-0.9,0.8240000000000001,1.294,0.19999999999999982,2.4099999999999997,6.2,7.5,107.28,4.0,1.0,767.93,-0.256,0.72,0.6639999999999999,0.22799999999999998,-1.34,0.7979999999999999,5.2,9.900000000000002,83.52000000000001,4.0,-2.0,685.6899999999999
Sequence_304,GKFSGFAKILKSIAKFFKGVGKVRKQFKEASDLDKNQ,-0.15189189189189184,-0.4945945945945947,0.6332432432432431,0.5581081081081081,-0.845945945945946,0.9616216216216216,4.6891891891891895,8.651351351351352,81.71891891891893,29.0,0.0,4979.329999999999,-0.39999999999999997,-0.16,0.6420000000000001,0.11800000000000002,-1.7,0.79,4.8,9.219999999999999,78.9,6.0,0.0,673.7,-0.16000000000000003,-0.32,0.772,0.734,-0.6599999999999999,1.024,6.0,8.74,97.72,5.0,1.0,729.8299999999999
seq_181,VLLNKARLAGFKTLRNTYRSNFKKHYKKHC,-0.1756666666666667,-0.06333333333333334,0.6716666666666665,0.608,-0.6266666666666667,1.0959999999999999,5.333333333333333,8.583333333333336,86.94666666666666,24.0,2.0,4056.5600000000004,0.06599999999999999,-0.9,0.8240000000000001,1.294,0.19999999999999982,2.4099999999999997,6.2,7.5,107.28,4.0,1.0,767.93,-0.528,0.7,0.7040000000000001,-0.015999999999999924,-2.04,1.324,5.9,9.9,92.53999999999999,7.0,0.0,748.8
Sequence_117,RCYTNDDCKDGQPCPVPLACLFGSCICPWKSQSKLPICQIICANLD,-0.3106521739130435,-0.004347826086956496,0.6445652173913042,0.3654347826086956,-0.7978260869565217,0.995217391304348,5.304347826086956,8.467391304347824,87.91304347826087,57.0,10.0,6390.249999999998,-0.514,0.82,0.596,0.10999999999999999,-1.3,1.224,6.0,8.86,88.81999999999998,7.0,2.0,671.79,-0.5040000000000001,0.78,0.732,-0.14,-1.1199999999999999,1.224,5.5,9.34,88.89999999999999,8.0,2.0,672.77
Sequence_367,LRDLVCYCRKRGCKGRERMNGTCRKGHLLYTMCCR,-0.37199999999999994,0.24285714285714285,0.673142857142857,0.33571428571428574,-1.2714285714285718,1.026285714285714,5.857142857142857,8.725714285714286,91.37714285714284,44.0,5.0,4923.53,0.22399999999999998,-1.36,0.7719999999999999,1.4,0.6,1.386,5.7,7.08,97.74000000000001,3.0,0.0,713.8299999999999,-0.6479999999999999,0.76,0.64,-0.11600000000000006,-1.5,0.9800000000000001,6.2,8.5,93.0,9.0,2.0,713.82
seq_33,VLLNKARLAGFKTLRNCYRGNYKKHYHKHC,-0.23333333333333334,0.14666666666666664,0.6866666666666666,0.5036666666666666,-0.7966666666666667,1.2133333333333336,5.55,8.766666666666671,89.68999999999997,28.0,2.0,4140.670000000001,0.06599999999999999,-0.9,0.8240000000000001,1.294,0.19999999999999982,2.4099999999999997,6.2,7.5,107.28,4.0,1.0,767.93,-0.5720000000000001,1.4,0.7,-0.29600000000000004,-2.1,1.2879999999999998,5.7,10.280000000000001,91.1,7.0,-1.0,740.77
seq_151,VLLNKARLSGFNCLRNTYRGTFKKHYHKHS,-0.2096666666666667,0.10333333333333335,0.6706666666666666,0.5106666666666666,-0.7333333333333333,1.083333333333333,5.316666666666666,8.68666666666667,86.70999999999998,26.0,1.0,4055.5200000000004,0.06599999999999999,-0.9,0.8240000000000001,1.294,0.19999999999999982,2.4099999999999997,6.2,7.5,107.28,4.0,1.0,767.93,-0.272,0.86,0.6699999999999999,0.12599999999999997,-1.3599999999999999,0.7979999999999999,4.8,10.020000000000001,80.26,4.0,-2.0,671.66
seq_264,VLLNKARLAGFKTLRNTYRANFKKHYHKTY,-0.07466666666666667,-0.23666666666666672,0.6673333333333333,0.746,-0.16666666666666669,0.9659999999999997,5.2,8.333333333333336,85.37999999999997,19.0,1.0,3947.4700000000007,0.06599999999999999,-0.9,0.8240000000000001,1.294,0.19999999999999982,2.4099999999999997,6.2,7.5,107.28,4.0,1.0,767.93,-0.023999999999999976,-0.18,0.6799999999999999,0.6799999999999999,0.2,0.5439999999999999,5.2,8.620000000000001,83.6,3.0,-1.0,655.7099999999999
Sequence_373,RLSRIVVIRVCR,-0.011666666666666672,-0.7250000000000001,0.4808333333333334,1.0341666666666665,-0.8916666666666667,1.9366666666666665,5.0,7.591666666666666,86.60000000000001,8.0,1.0,1633.8400000000001,0.09799999999999998,-0.3,0.454,0.8619999999999999,0.019999999999999907,0.0,4.0,7.88,68.08000000000001,1.0,0.0,541.5899999999999,-0.274,-0.07999999999999999,0.42000000000000004,0.5799999999999998,-1.8,1.876,5.2,8.18,85.6,5.0,1.0,683.77
seq_104,VLLNKARLAGFKTLRNCYRTNFKKHYHHHT,-0.18766666666666668,0.1466666666666666,0.6693333333333332,0.5316666666666665,-0.6433333333333333,1.0839999999999999,5.333333333333333,8.690000000000003,87.00999999999996,24.0,0.0,4054.5300000000007,0.06599999999999999,-0.9,0.8240000000000001,1.294,0.19999999999999982,2.4099999999999997,6.2,7.5,107.28,4.0,1.0,767.93,-0.29999999999999993,1.42,0.66,-0.052000000000000005,-1.4,0.762,5.0,10.280000000000001,82.08,4.0,-3.0,677.66
seq_348,VLLNKARLSGFNTLRNCYRHNFKKHYHHND,-0.2740000000000001,0.4233333333333333,0.6836666666666666,0.3956666666666667,-0.9533333333333333,1.2803333333333338,5.45,8.946666666666669,88.80666666666662,28.0,2.0,4101.630000000001,0.06599999999999999,-0.9,0.8240000000000001,1.294,0.19999999999999982,2.4099999999999997,6.2,7.5,107.28,4.0,1.0,767.93,-0.488,1.54,0.7120000000000001,-0.238,-2.04,1.242,5.4,10.680000000000001,87.06,6.0,-1.0,689.7199999999999
Sequence_147,GLLSGVLGVGKKIVCGLSGLC,-0.1933333333333333,-0.5904761904761907,0.7190476190476188,0.6228571428571429,-0.8857142857142858,1.7185714285714286,5.619047619047619,8.304761904761904,95.35714285714286,27.0,2.0,3089.4400000000005,-0.03599999999999999,-0.5800000000000001,0.786,0.6739999999999999,0.24000000000000005,0.5,5.2,8.12,87.66,5.0,0.0,659.73,-0.25,-0.020000000000000018,0.786,0.29799999999999993,0.040000000000000036,0.74,5.5,8.12,91.54,7.0,1.0,687.78
Sequence_136,GVLDAFRKIATVVKNLV,0.009411764705882349,-1.011764705882353,0.6399999999999999,1.0311764705882354,-0.5000000000000002,2.0905882352941174,5.176470588235294,7.852941176470588,91.44117647058825,13.0,1.0,2422.7299999999996,0.0040000000000000036,-1.06,0.736,0.8699999999999999,-0.32000000000000006,1.636,5.2,8.16,91.08000000000001,5.0,0.0,702.77,-0.006000000000000028,-1.22,0.76,1.434,-0.8800000000000001,3.7959999999999994,6.5,7.540000000000001,113.96,5.0,1.0,841.0
seq_351,VLLDKARLAGFNTLRNCYRGHFKKHYHHHC,-0.24933333333333335,0.3033333333333333,0.6833333333333332,0.37200000000000005,-0.86,1.079,5.35,8.890000000000002,87.66999999999997,28.0,-1.0,4114.540000000001,0.15799999999999997,-1.46,0.8400000000000001,1.288,0.2799999999999999,1.6759999999999997,5.8,7.56,101.4,4.0,0.0,753.8599999999999,-0.616,2.1,0.6960000000000001,-0.576,-2.16,1.252,5.5,10.66,89.66,7.0,-2.0,732.74
Sequence_323,LRDLVCYCRSRGCKGRERMNGTCRKGHLLYTLCCR,-0.36228571428571416,0.2657142857142856,0.6694285714285714,0.3177142857142857,-1.182857142857143,0.9848571428571429,5.771428571428571,8.7,90.31999999999998,44.0,5.0,4873.46,0.22399999999999998,-1.36,0.7719999999999999,1.4,0.6,1.386,5.7,7.08,97.74000000000001,3.0,0.0,713.8299999999999,-0.6079999999999999,0.76,0.648,-0.11600000000000006,-1.36,0.9800000000000001,6.2,8.559999999999999,93.0,9.0,2.0,713.82
Sequence_112,AGIGKIGDFIKKAIAKYKN,-0.2021052631578947,-0.14210526315789473,0.5221052631578947,0.2768421052631579,-1.2315789473684209,0.7721052631578946,4.078947368421052,9.373684210526317,71.88421052631578,15.0,1.0,2298.4100000000003,-0.27399999999999997,-0.12,0.516,0.17400000000000002,-1.7600000000000002,0.79,4.2,9.7,72.04,5.0,0.0,611.62,-0.22200000000000003,0.0,0.6719999999999999,0.5760000000000001,-0.8600000000000001,1.314,5.3,9.219999999999999,85.32000000000001,4.0,1.0,662.75
Sequence_555,GSPIQCAETCFIGKCYTEELGCTCTAFLCMKN,-0.4178125,0.45624999999999993,0.6421874999999999,-0.0018750000000000225,-1.0125000000000002,0.7818749999999999,4.953125,8.953124999999998,83.58125000000001,42.0,4.0,4316.71,0.016000000000000014,-0.6599999999999999,0.538,0.898,0.0,0.25,4.4,7.92,78.5,3.0,0.0,640.71,-0.4,0.38,0.8119999999999999,0.354,-0.66,1.514,6.3,8.459999999999999,102.02000000000001,7.0,2.0,737.8899999999999
Sequence_277,RAEAVPPGFTPFRKP,-0.00933333333333333,-0.62,0.6306666666666667,1.096,0.07999999999999995,0.6419999999999999,4.833333333333333,7.593333333333334,82.42666666666668,6.0,-1.0,2005.3500000000006,0.015999999999999993,-0.27999999999999997,0.5720000000000001,0.788,-0.48,1.386,4.0,8.52,76.52000000000001,2.0,-1.0,630.65,0.017999999999999995,-0.82,0.648,1.404,0.3,0.29,5.3,7.0600000000000005,85.84,1.0,0.0,689.86
Sequence_673,ILGPVLGLVSNALGGLLKNL,0.045,-0.7300000000000002,0.7574999999999998,1.0099999999999998,0.36000000000000004,1.3824999999999998,5.425,7.709999999999999,94.36,16.0,2.0,2777.27,0.166,-1.2600000000000002,0.6360000000000001,1.3359999999999999,0.31999999999999995,1.636,5.0,7.159999999999999,92.22,3.0,0.0,705.84,0.13799999999999998,-0.5799999999999998,0.8880000000000001,1.154,1.28,1.024,5.9,7.460000000000001,100.6,3.0,1.0,694.86
seq_214,VLLNKARLAGFKTLRNCYRGTFKKHYHKHC,-0.21933333333333332,0.05,0.6759999999999999,0.5026666666666666,-0.7466666666666667,1.091,5.416666666666667,8.663333333333336,87.99999999999997,27.0,1.0,4117.6,0.06599999999999999,-0.9,0.8240000000000001,1.294,0.19999999999999982,2.4099999999999997,6.2,7.5,107.28,4.0,1.0,767.93,-0.5720000000000001,1.4,0.7,-0.29600000000000004,-2.1,1.2879999999999998,5.7,10.280000000000001,91.1,7.0,-1.0,740.77
Sequence_60,GLLDTLKNMAINAAKDAGVSVLNTLSCKLSKTC,-0.16939393939393943,-0.2393939393939394,0.6893939393939392,0.5387878787878786,-0.4909090909090909,1.1536363636363638,5.121212121212121,8.557575757575757,86.11212121212121,34.0,5.0,4394.88,-0.009999999999999998,-0.72,0.796,0.7,0.26,0.25,5.4,8.22,88.11999999999999,5.0,0.0,659.73,-0.374,0.12000000000000002,0.686,0.19399999999999995,-0.9400000000000001,0.78,5.4,8.78,85.82000000000001,7.0,1.0,684.74
seq_207,VLLNKARLAGFNTLRNCYRGNFKKHYHHHT,-0.22800000000000004,0.2833333333333333,0.6746666666666666,0.4666666666666667,-0.76,1.1996666666666669,5.4,8.783333333333337,88.06666666666662,26.0,1.0,4072.5900000000006,0.06599999999999999,-0.9,0.8240000000000001,1.294,0.19999999999999982,2.4099999999999997,6.2,7.5,107.28,4.0,1.0,767.93,-0.29999999999999993,1.42,0.66,-0.052000000000000005,-1.4,0.762,5.0,10.280000000000001,82.08,4.0,-3.0,677.66
Sequence_261,FLPAVLRVAAKVVPTVFCLISKKC,0.013333333333333336,-1.0041666666666667,0.6570833333333331,1.0716666666666665,0.04583333333333336,1.8291666666666668,5.166666666666667,7.345833333333334,91.77916666666668,18.0,2.0,3450.99,0.32999999999999996,-1.6,0.728,1.5899999999999999,1.9600000000000002,1.386,4.8,5.9799999999999995,91.2,1.0,0.0,694.86,-0.532,0.45999999999999996,0.522,-0.162,-2.4200000000000004,1.0699999999999998,4.6,9.9,76.82000000000001,7.0,1.0,664.6800000000001
seq_124,VLLNKARLAGFKTLRNTYRGNFKKHYKKQC,-0.149,-0.25000000000000006,0.6773333333333332,0.7023333333333334,-0.5066666666666666,1.095333333333333,5.483333333333333,8.390000000000002,89.07999999999998,24.0,3.0,4115.68,0.06599999999999999,-0.9,0.8240000000000001,1.294,0.19999999999999982,2.4099999999999997,6.2,7.5,107.28,4.0,1.0,767.93,-0.28200000000000003,-0.4,0.7080000000000001,0.596,-0.78,1.0699999999999998,6.2,8.48,98.38,6.0,1.0,766.8600000000001
Sequence_138,GRFRRLRKKTRKRLKKIGKVLKWIPPIVGSIPLGC,-0.08685714285714285,-0.6000000000000001,0.5894285714285713,0.8917142857142858,-0.8714285714285713,1.0434285714285714,5.1571428571428575,8.214285714285714,85.15714285714286,24.0,1.0,4743.320000000001,-0.17200000000000001,-0.16,0.476,0.752,-1.1599999999999997,0.25,5.1,8.0,75.76000000000002,2.0,0.0,612.6899999999999,-0.26,0.020000000000000018,0.632,0.396,-0.4,0.74,5.1,8.18,86.96,6.0,1.0,675.8
Sequence_473,KWLLKWL,0.20428571428571432,-1.5714285714285714,0.8371428571428571,1.4542857142857144,0.6428571428571429,1.8599999999999999,6.071428571428571,6.971428571428572,103.17142857142858,4.0,0.0,1066.21,0.136,-1.38,0.828,1.336,0.25999999999999995,1.592,6.0,7.4799999999999995,100.8,3.0,0.0,753.8499999999999,0.362,-1.64,0.8920000000000001,1.5879999999999999,1.8,1.302,5.9,6.44,102.81999999999998,2.0,0.0,729.86
seq_256,VLLNKARLAGFKTLRNCYRSTFKKHYHHNC,-0.22833333333333333,0.16999999999999993,0.6703333333333332,0.46999999999999986,-0.6800000000000002,1.1233333333333333,5.35,8.650000000000002,87.27999999999997,27.0,2.0,4067.5700000000006,0.06599999999999999,-0.9,0.8240000000000001,1.294,0.19999999999999982,2.4099999999999997,6.2,7.5,107.28,4.0,1.0,767.93,-0.712,2.1,0.6960000000000001,-0.538,-2.2399999999999998,1.732,5.9,10.46,93.74000000000001,8.0,0.0,731.8
Sequence_6,FISAIASMLGKFL,0.09846153846153848,-0.6230769230769231,0.5953846153846154,0.6338461538461537,0.9461538461538462,0.2076923076923077,3.576923076923077,7.676923076923076,70.13846153846154,5.0,0.0,1475.6200000000001,0.06999999999999999,-0.24,0.33399999999999996,0.21200000000000002,0.54,0.0,1.9,8.16,49.67999999999999,1.0,0.0,465.46999999999997,0.08199999999999999,-0.9800000000000001,0.8080000000000002,0.9199999999999999,0.96,0.54,5.2,7.360000000000001,90.78,3.0,0.0,684.8
seq_329,VLLNKARLAGFNTLRNCYRGHFKKHYKKQC,-0.20900000000000002,-0.019999999999999987,0.6826666666666665,0.5683333333333334,-0.6433333333333332,1.171,5.533333333333333,8.51666666666667,90.10333333333331,27.0,3.0,4162.7300000000005,0.06599999999999999,-0.9,0.8240000000000001,1.294,0.19999999999999982,2.4099999999999997,6.2,7.5,107.28,4.0,1.0,767.93,-0.28200000000000003,-0.4,0.7080000000000001,0.596,-0.78,1.0699999999999998,6.2,8.48,98.38,6.0,1.0,766.8600000000001
Sequence_321,QKIAEKFSGTRRG,-0.18615384615384614,-0.13076923076923078,0.546923076923077,0.4553846153846154,-1.146153846153846,0.4153846153846154,4.461538461538462,8.953846153846154,75.07692307692308,9.0,-1.0,1640.6900000000005,-0.019999999999999997,-0.1,0.5359999999999999,0.48200000000000004,-0.5000000000000001,0.29,3.6,9.14,72.62,2.0,-1.0,617.61,-0.33999999999999997,0.0,0.516,0.496,-2.18,0.5,5.6,9.120000000000001,79.56,5.0,0.0,641.68
Sequence_244,TNYGNGVGVPDAIMAGIIKLIFIFNIRQGYNFGKKAT,-0.13594594594594592,-0.2864864864864865,0.5632432432432432,0.5354054054054056,-0.6108108108108106,1.091621621621622,4.581081081081081,8.502702702702702,80.08378378378376,29.0,4.0,4713.290000000001,-0.506,0.86,0.66,0.13200000000000006,-1.5599999999999998,1.718,6.0,9.52,91.23999999999998,7.0,2.0,674.8,-0.2839999999999999,-0.34,0.62,0.45,-1.7599999999999998,0.8300000000000001,5.1,9.6,79.46000000000001,5.0,0.0,664.6800000000001
Sequence_179,MTAQGNKPSSHDVITGRWTPSAADRAAGRVSGFGVITNIINGGLDC,-0.20326086956521736,-0.18695652173913055,0.5786956521739129,0.48869565217391314,-1.0413043478260868,1.103913043478261,4.782608695652174,8.732608695652173,80.29130434782607,44.0,3.0,5963.439999999997,0.10400000000000001,-1.0,0.676,1.034,0.8399999999999999,0.25,5.1,7.459999999999999,85.88,3.0,0.0,650.72,-0.61,0.36,0.764,-0.24800000000000005,-2.1,0.99,6.0,9.66,93.23999999999998,10.0,1.0,729.79
seq_347,VLLNKARLAGFKTLRNCYRSNFKKHYHHHT,-0.19033333333333333,0.16999999999999996,0.6703333333333332,0.5146666666666667,-0.6466666666666667,1.0839999999999999,5.266666666666667,8.710000000000003,86.46666666666663,24.0,0.0,4040.500000000001,0.06599999999999999,-0.9,0.8240000000000001,1.294,0.19999999999999982,2.4099999999999997,6.2,7.5,107.28,4.0,1.0,767.93,-0.29999999999999993,1.42,0.66,-0.052000000000000005,-1.4,0.762,5.0,10.280000000000001,82.08,4.0,-3.0,677.66
Sequence_625,LLGRCKVKSNRFNGPCLTDTHCSTVCRGEGYKGGDCHGLRRRCMCLC,-0.4525531914893618,0.36808510638297864,0.6736170212765956,0.1740425531914893,-1.608510638297872,1.2008510638297876,5.776595744680851,9.002127659574466,90.95106382978719,67.0,7.0,6707.439999999998,-0.21200000000000002,-0.07999999999999999,0.752,0.5359999999999998,-0.12000000000000002,0.74,6.0,7.88,95.28,6.0,1.0,697.8199999999999,-0.804,1.08,0.808,-0.5000000000000001,-1.04,1.4700000000000002,6.7,8.319999999999999,106.25999999999999,12.0,3.0,784.94
Sequence_21,GLMSTLKDFGKTAAKEIAQSLLSTASCKLAKTC,-0.11454545454545455,-0.3060606060606061,0.6624242424242421,0.4942424242424244,-0.14545454545454553,0.4439393939393939,4.606060606060606,8.51212121212121,78.76060606060605,28.0,1.0,4172.440000000001,0.026000000000000013,-0.7000000000000001,0.742,0.8219999999999998,0.6599999999999999,0.25,5.0,7.68,83.96,4.0,0.0,632.7,-0.272,-0.039999999999999945,0.684,0.32599999999999996,-0.4200000000000001,0.78,5.3,8.56,85.35999999999999,6.0,1.0,668.74
Sequence_585,NLCERASLTWTGNCGNTGHCDTQCRNWESAKHGACHKRGNWKCFCYFNC,-0.5555102040816329,0.7693877551020407,0.6506122448979591,-0.07775510204081633,-1.9224489795918371,1.4532653061224494,5.6020408163265305,9.432653061224489,88.88979591836734,73.0,9.0,6936.5499999999965,-0.5839999999999999,1.44,0.7000000000000001,-0.154,-1.8,1.224,5.6,9.6,91.64000000000001,7.0,1.0,699.79,-0.808,1.3,0.684,-0.5780000000000001,-1.2399999999999998,1.714,6.0,8.74,95.34,10.0,3.0,732.8900000000001
Sequence_276,SLFSLIKAGAKFLGKNLLKQGACYAACKASKQC,-0.13575757575757574,-0.30303030303030304,0.6718181818181815,0.5066666666666666,-0.05454545454545459,0.7112121212121211,4.833333333333333,8.339393939393938,82.6969696969697,29.0,4.0,4308.76,0.196,-0.8,0.744,0.8399999999999999,1.98,0.0,4.0,6.859999999999999,76.41999999999999,2.0,0.0,593.67,-0.312,-0.040000000000000036,0.6260000000000001,0.304,-0.78,0.78,5.1,8.68,84.47999999999999,6.0,1.0,688.73
seq_74,VLLNKARLAGFKTLRNTYRSHFKKHYHHQT,-0.08066666666666669,-0.12666666666666668,0.6649999999999998,0.6976666666666665,-0.29666666666666675,0.8799999999999998,5.166666666666667,8.443333333333335,85.49666666666666,19.0,-2.0,4004.420000000001,0.06599999999999999,-0.9,0.8240000000000001,1.294,0.19999999999999982,2.4099999999999997,6.2,7.5,107.28,4.0,1.0,767.93,-0.05399999999999999,0.32,0.664,0.5599999999999999,-0.13999999999999999,0.508,5.3,8.860000000000001,87.91999999999999,3.0,-2.0,695.7199999999999
Sequence_337,RIKRFWPVVIRTVVAGYNLYRAI,0.08434782608695653,-0.9434782608695653,0.5426086956521738,1.138695652173913,-0.12608695652173915,1.702173913043478,4.869565217391305,7.478260869565218,85.32173913043476,11.0,1.0,3064.5100000000007,-0.06800000000000002,-0.3,0.40800000000000003,0.6839999999999999,-0.8600000000000001,0.29,4.1,8.18,68.74,1.0,0.0,581.64,0.32199999999999995,-0.76,0.532,1.0539999999999998,1.7,0.0,3.8,7.24,69.92,0.0,0.0,527.6099999999999
Sequence_332,GILKKFMLHRGTKVYKMRTLSKRSH,-0.053999999999999986,-0.44800000000000006,0.6583999999999999,0.7952000000000001,-0.452,0.7687999999999999,5.1,8.336,84.656,16.0,-2.0,3329.6300000000006,-0.12,-0.52,0.6200000000000001,0.592,-1.1600000000000001,0.8300000000000001,4.8,9.1,82.35999999999999,4.0,0.0,662.7099999999999,-0.32199999999999995,0.62,0.56,0.22000000000000003,-1.9799999999999998,0.5439999999999999,4.5,9.819999999999999,72.0,4.0,-1.0,627.6
Sequence_279,GLWSTIKQKGKEAAIAAAKAAGQAALGAL,0.025172413793103452,-0.5517241379310346,0.6093103448275861,0.6762068965517242,0.11034482758620699,0.5468965517241379,4.172413793103448,8.468965517241378,74.81034482758619,16.0,-1.0,3508.670000000001,-0.07599999999999998,-0.8,0.6860000000000002,0.762,-0.36,1.262,5.3,7.9399999999999995,86.79999999999998,5.0,0.0,682.72,0.254,-0.8799999999999999,0.752,0.984,1.8199999999999998,0.25,4.4,7.42,79.78,2.0,0.0,586.67
Sequence_203,RQRDPQQQYEQCQKHCQRRETEPRHMQTCQQRCERRYEKEKRKQQKR,-0.14574468085106387,-0.09574468085106383,0.6374468085106381,0.762127659574468,-0.7085106382978724,0.41680851063829777,5.542553191489362,8.423404255319147,90.72765957446808,33.0,-4.0,6733.289999999999,0.018000000000000006,-0.72,0.592,1.3,-0.4000000000000001,0.0,5.7,7.7,86.9,2.0,0.0,676.78,0.06999999999999998,-1.2,0.6319999999999999,1.416,-0.48000000000000015,0.58,6.1,7.840000000000001,97.04,2.0,0.0,755.83
Sequence_525,GIGALSAKGALKGLAKGLAEHFAN,-0.11374999999999998,-0.09999999999999994,0.6654166666666664,0.4291666666666667,-0.32916666666666666,0.6475,4.416666666666667,8.891666666666667,77.72916666666667,18.0,-1.0,2983.1800000000007,-0.04799999999999995,-0.38,0.5800000000000001,0.426,-0.2200000000000001,0.5,4.1,8.66,74.06,4.0,0.0,587.63,-0.43,1.5,0.652,-0.296,-1.3199999999999998,0.9879999999999999,4.0,10.040000000000001,75.82000000000001,4.0,-1.0,636.6600000000001
Sequence_513,GIMRVFKGVLKTAGKSVAKNVAGSFLDRLKCKISGGC,-0.20405405405405402,-0.4432432432432433,0.6359459459459458,0.5640540540540542,-1.0702702702702702,1.418648648648649,5.094594594594595,8.564864864864862,86.17027027027028,38.0,3.0,5100.57,0.06000000000000002,-1.0,0.5439999999999999,1.096,-0.52,1.636,4.9,7.56,87.4,3.0,0.0,671.76,-0.648,0.74,0.514,-0.506,-2.54,0.99,4.6,9.940000000000001,75.93999999999998,9.0,1.0,646.6600000000001
Sequence_375,TVYTNA,-0.05000000000000001,-0.5333333333333333,0.61,0.8733333333333334,-0.03333333333333329,1.7666666666666666,5.25,7.983333333333333,86.76666666666667,5.0,1.0,794.91,-0.11000000000000001,-0.54,0.628,0.914,-0.39999999999999997,2.12,5.8,7.959999999999999,93.6,5.0,1.0,705.8199999999999,-0.02400000000000002,-0.5600000000000002,0.632,0.9439999999999997,0.10000000000000013,2.12,5.3,7.859999999999999,89.88,4.0,1.0,675.7900000000001
Sequence_15,VKCAVKDTYSCFIVRGKCRHECHDFEKPIGFCTKLNANCYM,-0.3953658536585366,0.28536585365853656,0.6402439024390243,0.1665853658536585,-1.4146341463414638,1.3443902439024396,5.195121951219512,9.007317073170732,86.99024390243902,51.0,4.0,5754.309999999998,-0.23399999999999999,-0.96,0.6599999999999999,0.882,-1.5400000000000005,3.5519999999999996,6.0,7.959999999999999,104.88,7.0,1.0,826.93,-0.30800000000000005,0.44000000000000006,0.7240000000000001,0.27999999999999997,0.2800000000000001,1.224,5.5,8.139999999999999,90.78,6.0,2.0,657.8
Sequence_65,QLGDVLQKAGEKIVRGLKNIGQRIKDFFGKLTPRTES,-0.09567567567567567,-0.48378378378378384,0.6310810810810811,0.7056756756756756,-0.7108108108108109,0.8386486486486485,4.945945945945946,8.497297297297298,84.74864864864865,28.0,-1.0,5006.440000000001,0.07599999999999998,-1.4599999999999997,0.772,1.1959999999999997,-0.12000000000000004,1.636,6.0,7.58,103.34,5.0,0.0,778.87,-0.194,0.31999999999999995,0.5860000000000001,0.5859999999999997,-0.9400000000000001,0.0,4.4,8.9,73.16,3.0,-1.0,621.6500000000001
Sequence_223,VLSIVACSSGCGSGKTAASCVETCGNRCFTNVGSLC,-0.43361111111111106,0.23333333333333328,0.621111111111111,0.11138888888888888,-1.5166666666666666,1.5961111111111113,5.166666666666667,8.925,86.0611111111111,53.0,7.0,5002.409999999999,0.274,-1.6600000000000001,0.5900000000000001,1.422,0.3,2.772,4.6,6.840000000000001,92.8,3.0,0.0,719.81,-0.32199999999999995,-0.34,0.722,0.43799999999999983,-1.04,2.126,5.8,8.16,98.22,8.0,1.0,760.8499999999999
Sequence_54,GLFPKFNKKKVKTGIFDIIKTVGKEAGMDVLRTGIDVIGCKIKGEC,-0.25999999999999995,-0.27173913043478276,0.6030434782608696,0.3982608695652174,-1.5086956521739132,1.2628260869565218,4.858695652173913,9.02608695652174,83.69565217391303,48.0,1.0,6311.769999999999,-0.011999999999999988,-0.8800000000000001,0.7600000000000001,1.02,0.44000000000000006,0.54,5.3,7.459999999999999,89.92,3.0,0.0,702.84,-0.682,1.1400000000000001,0.564,-0.576,-3.02,1.03,4.5,10.68,79.08,8.0,0.0,683.6800000000001
Sequence_627,RLARIVVIRWAR,0.16916666666666666,-0.9916666666666666,0.46666666666666673,1.2366666666666666,-0.18333333333333335,1.5766666666666664,4.541666666666667,7.366666666666666,80.10000000000001,3.0,0.0,1509.6799999999998,0.19999999999999998,-0.45999999999999996,0.45199999999999996,0.994,0.54,0.0,3.9,7.659999999999999,67.61999999999999,0.0,0.0,525.5899999999999,0.057999999999999996,-0.5599999999999999,0.388,0.9339999999999999,-0.6199999999999999,1.012,4.2,7.859999999999999,70.46,1.0,0.0,575.61
seq_374,VLLNKARLSGFKTLRNTYRSNFKKHYHKND,-0.17866666666666667,-0.01333333333333332,0.6739999999999999,0.5956666666666665,-0.7033333333333333,1.0883333333333332,5.3,8.68666666666667,86.34999999999997,24.0,2.0,4021.5100000000007,0.06599999999999999,-0.9,0.8240000000000001,1.294,0.19999999999999982,2.4099999999999997,6.2,7.5,107.28,4.0,1.0,767.93,-0.44400000000000006,0.8400000000000001,0.716,0.041999999999999996,-1.98,1.278,5.6,10.3,88.50000000000001,6.0,0.0,697.7499999999999
seq_49,VLLNKARLAGFNTLRNTYKGTYKKHYHKHC,-0.18433333333333335,0.019999999999999987,0.6853333333333332,0.5683333333333331,-0.64,1.1316666666666666,5.45,8.723333333333334,88.34666666666664,26.0,1.0,4089.58,0.06599999999999999,-0.9,0.8240000000000001,1.294,0.19999999999999982,2.4099999999999997,6.2,7.5,107.28,4.0,1.0,767.93,-0.5720000000000001,1.4,0.7,-0.29600000000000004,-2.1,1.2879999999999998,5.7,10.280000000000001,91.1,7.0,-1.0,740.77
seq_364,VLLNKARLAGFKTLRNCYRSNFKKHYKHNC,-0.2516666666666667,0.16666666666666663,0.6769999999999998,0.4803333333333334,-0.7766666666666667,1.2516666666666665,5.45,8.67666666666667,88.64999999999996,28.0,4.0,4102.670000000001,0.06599999999999999,-0.9,0.8240000000000001,1.294,0.19999999999999982,2.4099999999999997,6.2,7.5,107.28,4.0,1.0,767.93,-0.6679999999999999,1.4,0.7000000000000001,-0.258,-2.18,1.768,6.1,10.080000000000002,95.17999999999999,8.0,1.0,739.8299999999999
Sequence_102,KGRGKQGGKVRAKAKTRSS,-0.22052631578947365,-0.44210526315789467,0.594736842105263,0.6684210526315789,-1.663157894736842,1.0094736842105263,5.2631578947368425,9.042105263157893,82.87368421052632,17.0,0.0,2582.7000000000007,-0.45,-0.12,0.624,0.40800000000000003,-3.0,1.08,5.9,9.959999999999999,87.36000000000001,6.0,0.0,717.75,-0.23400000000000004,-0.06000000000000002,0.524,0.476,-1.42,0.29,4.5,9.080000000000002,69.3,4.0,0.0,599.59
Sequence_185,ENDHRMPYELNRPNNLSKGGAKCGAAIA,-0.2828571428571428,0.4499999999999999,0.659642857142857,0.3417857142857143,-0.9785714285714281,0.8946428571428571,4.946428571428571,9.182142857142855,82.675,26.0,2.0,3629.040000000001,-0.63,1.8399999999999999,0.648,-0.386,-3.2,0.9879999999999999,5.0,11.24,81.5,6.0,-1.0,673.67,0.04400000000000001,-0.26,0.44800000000000006,0.358,0.3,0.25,2.8,8.760000000000002,56.760000000000005,2.0,0.0,488.49
Sequence_354,GIFSKINKKKAKTGLFNIIKTVGKEAGMDVIRAGIDTISCKIKGEC,-0.28695652173913044,0.013043478260869596,0.5491304347826087,0.2184782608695652,-1.5695652173913044,1.0141304347826088,4.413043478260869,9.343478260869565,76.92391304347827,46.0,2.0,5908.1799999999985,-0.22999999999999998,-0.2,0.506,0.162,-1.08,0.54,3.7,8.92,68.22,4.0,0.0,602.62,-0.682,1.1400000000000001,0.564,-0.576,-3.02,1.03,4.5,10.68,79.08,8.0,0.0,683.6800000000001
Sequence_631,FLPVIAGLAAKVLPKLFCAITKKC,-0.01708333333333333,-0.7000000000000001,0.6541666666666665,0.8208333333333332,0.22500000000000023,1.0754166666666665,4.791666666666667,7.754166666666667,85.02083333333333,17.0,2.0,3214.6899999999996,0.31199999999999994,-1.5,0.624,1.456,1.52,1.386,4.4,6.159999999999999,87.94,1.0,0.0,680.8399999999999,-0.516,0.32,0.516,-0.05999999999999996,-2.4,1.0699999999999998,5.0,9.78,80.08,7.0,1.0,678.71
seq_83,VLLNKARLAGFNTLRNTYKSNYKKNYKKHC,-0.20933333333333332,0.019999999999999987,0.6869999999999998,0.5926666666666666,-0.66,1.2983333333333336,5.516666666666667,8.673333333333336,89.23666666666665,27.0,5.0,4082.68,0.06599999999999999,-0.9,0.8240000000000001,1.294,0.19999999999999982,2.4099999999999997,6.2,7.5,107.28,4.0,1.0,767.93,-0.528,0.7,0.7040000000000001,-0.015999999999999924,-2.04,1.324,5.9,9.9,92.53999999999999,7.0,0.0,748.8
Sequence_519,KKCRERGGQCHSGVCSWNEKFIGFCSFARPCC,-0.5275000000000001,0.5375,0.6159374999999998,-0.029687500000000006,-1.9,1.2806250000000003,5.25,9.171875,86.19375000000001,45.0,4.0,4542.900000000001,-0.6699999999999999,1.0,0.64,-0.164,-3.2,1.0699999999999998,5.5,10.459999999999999,86.97999999999999,7.0,0.0,732.75,-0.616,0.8400000000000001,0.6040000000000001,0.013999999999999879,-1.3800000000000001,0.9800000000000001,5.8,8.559999999999999,88.42,8.0,2.0,701.8299999999999
seq_356,VLLDKARLAGFKCLRNTYRGNFKKHYKHNS,-0.20066666666666666,-0.02000000000000007,0.6796666666666665,0.5419999999999999,-0.73,1.089333333333333,5.333333333333333,8.68666666666667,87.02333333333331,26.0,2.0,4060.5500000000006,0.15799999999999997,-1.46,0.8400000000000001,1.288,0.2799999999999999,1.6759999999999997,5.8,7.56,101.4,4.0,0.0,753.8599999999999,-0.368,0.86,0.6700000000000002,0.16400000000000003,-1.44,1.278,5.2,9.820000000000002,84.33999999999999,5.0,0.0,670.72
seq_96,VLLNKARLAGFNTLRNTYKSTFKKHYHKNG,-0.16699999999999998,-0.05333333333333336,0.6756666666666665,0.6076666666666666,-0.5866666666666667,1.13,5.3,8.633333333333335,86.65999999999998,24.0,2.0,4023.53,0.06599999999999999,-0.9,0.8240000000000001,1.294,0.19999999999999982,2.4099999999999997,6.2,7.5,107.28,4.0,1.0,767.93,-0.454,0.8400000000000001,0.7,0.118,-1.98,1.528,5.8,10.080000000000002,91.30000000000001,6.0,0.0,711.7799999999999
Sequence_40,CLGIGSCNNFAGCGYAVVCFW,-0.4519047619047619,0.17619047619047612,0.6423809523809522,0.08999999999999998,-1.276190476190476,1.9552380952380954,5.428571428571429,8.576190476190476,91.07142857142857,32.0,6.0,3012.41,-0.45,0.31999999999999995,0.6120000000000001,-0.12800000000000003,-1.48,0.99,5.1,9.14,85.36,8.0,1.0,672.7399999999999,-0.192,-1.42,0.68,1.016,-1.02,4.273999999999999,6.3,6.6,112.88,7.0,1.0,885.02
seq_68,VLLNKARLAGFKTLRNCYKSNFKKHYHHND,-0.23266666666666666,0.1733333333333333,0.6903333333333332,0.465,-0.8066666666666666,1.2123333333333333,5.35,8.856666666666671,87.90666666666662,27.0,2.0,4092.5900000000006,0.06599999999999999,-0.9,0.8240000000000001,1.294,0.19999999999999982,2.4099999999999997,6.2,7.5,107.28,4.0,1.0,767.93,-0.488,1.54,0.7120000000000001,-0.238,-2.04,1.242,5.4,10.680000000000001,87.06,6.0,-1.0,689.7199999999999
Sequence_430,GWKSVFRKAKKVGKTVGGLALDHYLG,-0.10846153846153844,-0.7615384615384617,0.6926923076923076,0.7996153846153844,-0.9153846153846152,1.5623076923076922,5.423076923076923,8.453846153846154,90.58076923076922,24.0,-1.0,3729.040000000001,-0.19199999999999998,-1.14,0.6620000000000001,0.9259999999999999,-1.9400000000000002,2.9379999999999997,5.8,8.34,97.62,6.0,0.0,791.83,-0.13599999999999998,0.020000000000000028,0.78,0.364,-0.36,0.504,5.3,9.1,87.44,5.0,-1.0,673.7199999999999
Sequence_204,APRRQLKW,0.16625,-1.1124999999999998,0.6425,1.48875,0.4125,0.81375,5.5625,7.1000000000000005,90.1875,2.0,0.0,1101.27,0.196,-0.86,0.5439999999999999,1.5539999999999998,0.6599999999999999,0.0,5.2,7.0,82.28,0.0,0.0,633.75,0.178,-1.42,0.6960000000000001,1.528,0.23999999999999982,1.302,6.1,7.0,99.52,2.0,0.0,747.8399999999999
Sequence_130,KAGLAFPVGRVHRLLRK,0.04235294117647058,-0.7705882352941177,0.6717647058823528,1.0999999999999996,-0.1176470588235295,1.2076470588235293,5.294117647058823,7.758823529411765,89.21764705882353,9.0,-1.0,2345.67,0.028000000000000004,-0.62,0.688,0.732,0.2799999999999999,0.54,4.5,8.46,77.76,3.0,0.0,610.66,0.18399999999999997,-0.82,0.692,1.3679999999999999,0.5200000000000001,0.29,5.6,7.359999999999999,88.62,1.0,0.0,647.76
Sequence_362,QPFSLERW,0.07624999999999998,-0.7,0.6837500000000001,1.0737499999999998,0.5624999999999999,0.6325,4.875,7.25,86.87500000000001,3.0,-1.0,1101.23,0.27599999999999997,-1.26,0.73,1.3979999999999997,2.1799999999999997,0.0,4.8,6.159999999999999,87.36,1.0,0.0,671.81,-0.06,-0.15999999999999998,0.674,0.702,-0.54,1.012,4.7,8.32,83.02,3.0,-1.0,665.6800000000001
Sequence_16,APKGVQGPNG,-0.182,-0.59,0.69,0.978,-1.01,1.5799999999999998,5.9,8.330000000000002,96.34000000000002,10.0,1.0,1496.7400000000002,-0.041999999999999996,-1.1,0.6759999999999999,1.218,-0.78,1.9259999999999997,5.5,8.02,93.46000000000001,4.0,0.0,743.85,-0.32199999999999995,-0.07999999999999993,0.7040000000000001,0.7379999999999999,-1.24,1.234,6.3,8.64,99.22,6.0,1.0,752.89
seq_381,VLLNKARLAGFKTLRNTYKTTFKKHYHKHL,-0.07766666666666668,-0.26000000000000006,0.6866666666666666,0.7293333333333332,-0.2800000000000001,0.9343333333333331,5.25,8.440000000000001,86.49333333333333,20.0,-1.0,4032.4900000000002,0.06599999999999999,-0.9,0.8240000000000001,1.294,0.19999999999999982,2.4099999999999997,6.2,7.5,107.28,4.0,1.0,767.93,-0.07400000000000002,0.44000000000000006,0.768,0.5039999999999999,-0.3,0.7979999999999999,5.3,9.220000000000002,89.68,3.0,-2.0,697.7399999999999
Sequence_352,VIVFVASVAAEMMQHVYCAASKKC,-0.02791666666666669,-0.6874999999999999,0.6416666666666665,0.8112500000000001,-0.1166666666666667,1.8216666666666672,4.75,7.8500000000000005,88.02083333333336,19.0,0.0,3356.68,0.262,-2.2399999999999998,0.5439999999999999,1.636,-0.12000000000000004,4.1579999999999995,4.9,6.140000000000001,102.16000000000001,3.0,0.0,808.94,-0.514,0.36,0.6260000000000001,-0.028000000000000025,-1.98,1.0699999999999998,5.0,9.719999999999999,80.08,7.0,1.0,678.7
Sequence_556,LTVRAAQSFGRCNQKQCDADCVKKGYFGGLCTLTSCFCTGSRS,-0.3113953488372092,-0.12093023255813957,0.6446511627906977,0.34,-0.897674418604651,0.9960465116279071,5.348837209302325,8.490697674418605,86.66976744186044,53.0,7.0,5939.519999999999,0.22000000000000003,-1.22,0.6199999999999999,1.378,0.6199999999999999,1.386,5.1,7.0600000000000005,86.96000000000001,2.0,0.0,658.75,-0.292,0.07999999999999999,0.5200000000000001,0.304,-1.48,0.25,4.5,9.1,68.85999999999999,5.0,0.0,590.58
seq_202,VLLNKARLSGFKTLRNTYRHNYKKHYHKHC,-0.1953333333333333,0.15333333333333332,0.6809999999999998,0.5509999999999997,-0.7566666666666666,1.1323333333333332,5.45,8.800000000000004,88.33666666666663,25.0,0.0,4102.570000000001,0.06599999999999999,-0.9,0.8240000000000001,1.294,0.19999999999999982,2.4099999999999997,6.2,7.5,107.28,4.0,1.0,767.93,-0.5720000000000001,1.4,0.7,-0.29600000000000004,-2.1,1.2879999999999998,5.7,10.280000000000001,91.1,7.0,-1.0,740.77
seq_358,VLLNKARLAGFKTLRNTYRSNFKKHYHKNC,-0.199,0.05333333333333332,0.6709999999999998,0.5676666666666665,-0.65,1.1699999999999997,5.366666666666666,8.613333333333337,87.38666666666664,25.0,3.0,4047.5900000000006,0.06599999999999999,-0.9,0.8240000000000001,1.294,0.19999999999999982,2.4099999999999997,6.2,7.5,107.28,4.0,1.0,767.93,-0.6679999999999999,1.4,0.7,-0.258,-2.18,1.768,6.1,10.080000000000002,95.18000000000002,8.0,1.0,739.8299999999999
Sequence_267,GGGVIQTISHECRMNSWQFLFTCCS,-0.3091999999999999,0.096,0.6075999999999998,0.2456,-0.976,1.1212,4.98,8.539999999999997,85.116,29.0,2.0,3426.7000000000003,-0.30799999999999994,-0.5599999999999999,0.548,0.388,-2.3600000000000003,2.136,5.1,9.18,88.16,7.0,0.0,717.76,-0.784,0.9799999999999999,0.6020000000000001,-0.6580000000000001,-1.6,0.9800000000000001,5.2,8.86,82.52,10.0,2.0,693.7600000000001
seq_129,VLLNKARLAGFNTLRNCYKHNFKKHYHHND,-0.26800000000000007,0.37999999999999995,0.6946666666666667,0.3990000000000001,-0.92,1.3286666666666669,5.45,8.990000000000004,89.33999999999996,28.0,2.0,4125.660000000001,0.06599999999999999,-0.9,0.8240000000000001,1.294,0.19999999999999982,2.4099999999999997,6.2,7.5,107.28,4.0,1.0,767.93,-0.488,1.54,0.7120000000000001,-0.238,-2.04,1.242,5.4,10.680000000000001,87.06,6.0,-1.0,689.7199999999999
seq_145,VLLNKARLAGFKTLRNTYRTNFKKHYKKTD,-0.12100000000000001,-0.2933333333333334,0.6673333333333333,0.7176666666666666,-0.49666666666666676,0.9719999999999998,5.316666666666666,8.476666666666668,85.92666666666665,22.0,2.0,4000.5,0.06599999999999999,-0.9,0.8240000000000001,1.294,0.19999999999999982,2.4099999999999997,6.2,7.5,107.28,4.0,1.0,767.93,-0.21600000000000003,-0.5399999999999999,0.6839999999999999,0.54,-1.28,0.58,5.4,9.38,83.16,5.0,0.0,678.71
seq_402,VLLNKARLAGFKTFRNTYRSTFKKHYHKNC,-0.19133333333333333,-0.03333333333333333,0.6516666666666666,0.5533333333333332,-0.6100000000000001,1.0476666666666665,5.216666666666667,8.533333333333335,85.13333333333331,24.0,2.0,4010.5000000000005,0.06599999999999999,-0.9,0.8240000000000001,1.294,0.19999999999999982,2.4099999999999997,6.2,7.5,107.28,4.0,1.0,767.93,-0.6679999999999999,1.4,0.7,-0.258,-2.18,1.768,6.1,10.080000000000002,95.18000000000002,8.0,1.0,739.8299999999999
seq_210,VLLNKARLAGFKTLRNCYRSNFKKNYKHNL,-0.18466666666666665,0.006666666666666636,0.6883333333333331,0.6199999999999999,-0.49,1.2500000000000002,5.45,8.466666666666669,89.0933333333333,25.0,5.0,4058.7000000000007,0.06599999999999999,-0.9,0.8240000000000001,1.294,0.19999999999999982,2.4099999999999997,6.2,7.5,107.28,4.0,1.0,767.93,-0.17,0.44000000000000006,0.768,0.542,-0.38000000000000006,1.278,5.7,9.020000000000001,93.75999999999999,4.0,0.0,696.8
seq_287,VLLNKARLAGFKTLRNTYKSTFKKHYHKNC,-0.17933333333333332,-0.07666666666666669,0.6763333333333332,0.5853333333333333,-0.5966666666666668,1.0959999999999999,5.316666666666666,8.603333333333333,86.86666666666666,25.0,2.0,4060.55,0.06599999999999999,-0.9,0.8240000000000001,1.294,0.19999999999999982,2.4099999999999997,6.2,7.5,107.28,4.0,1.0,767.93,-0.6679999999999999,1.4,0.7,-0.258,-2.18,1.768,6.1,10.080000000000002,95.18000000000002,8.0,1.0,739.8299999999999
Sequence_94,ADDKNPLEEAFREADYEVFLEIAKNGL,-0.1733333333333333,0.1925925925925926,0.685185185185185,0.33185185185185173,-0.6222222222222221,0.6822222222222223,4.296296296296297,9.137037037037036,79.03333333333333,20.0,-3.0,3463.6800000000007,-0.506,0.48,0.684,-0.09199999999999997,-2.46,1.024,5.1,10.6,80.2,7.0,1.0,654.6800000000001,-0.242,0.08000000000000003,0.72,0.484,-0.8600000000000001,1.274,5.4,9.1,88.26,5.0,1.0,667.76
seq_269,VLLNKARLAGFNTLRNCYRSTFKKNYHKHD,-0.207,0.07666666666666666,0.6729999999999999,0.5263333333333332,-0.66,1.1216666666666666,5.333333333333333,8.653333333333336,86.84666666666664,26.0,3.0,4024.55,0.06599999999999999,-0.9,0.8240000000000001,1.294,0.19999999999999982,2.4099999999999997,6.2,7.5,107.28,4.0,1.0,767.93,-0.34800000000000003,0.8400000000000001,0.716,0.003999999999999981,-1.9,0.7979999999999999,5.2,10.500000000000002,84.42,5.0,-2.0,698.6899999999999
seq_91,VLLNKARLAGFNTLRNTYRSNFKKHYHKHS,-0.15633333333333332,0.07999999999999999,0.6653333333333332,0.5913333333333333,-0.5366666666666667,1.0823333333333334,5.183333333333334,8.633333333333335,85.33999999999997,22.0,1.0,3970.4500000000007,0.06599999999999999,-0.9,0.8240000000000001,1.294,0.19999999999999982,2.4099999999999997,6.2,7.5,107.28,4.0,1.0,767.93,-0.272,0.86,0.6699999999999999,0.12599999999999997,-1.3599999999999999,0.7979999999999999,4.8,10.020000000000001,80.26,4.0,-2.0,671.66
seq_42,VLLNKARLAGFKTLRNTYRSNFKKHYHKHC,-0.183,0.05333333333333332,0.6709999999999998,0.5613333333333332,-0.6366666666666667,1.0899999999999999,5.3,8.64666666666667,86.70666666666665,24.0,1.0,4048.5300000000007,0.06599999999999999,-0.9,0.8240000000000001,1.294,0.19999999999999982,2.4099999999999997,6.2,7.5,107.28,4.0,1.0,767.93,-0.5720000000000001,1.4,0.7,-0.29600000000000004,-2.1,1.2879999999999998,5.7,10.280000000000001,91.1,7.0,-1.0,740.77
Sequence_59,RDWERREFERRQNELRREQEQRREELL,-0.14999999999999997,0.4074074074074074,0.6385185185185184,0.5411111111111111,-0.988888888888889,0.32333333333333336,4.722222222222222,8.955555555555554,82.31851851851853,13.0,-7.0,3570.7000000000003,-0.296,0.18000000000000008,0.588,0.44000000000000006,-2.3,1.012,5.1,9.36,81.5,4.0,-1.0,676.67,-0.010000000000000009,0.4800000000000001,0.784,0.5199999999999999,0.08000000000000007,0.0,4.3,8.88,82.88,2.0,-2.0,643.67
Sequence_341,NCIQQCVSKGAQGGYCTNEKCTCY,-0.48,0.3625,0.6387499999999999,0.08333333333333325,-1.4833333333333332,1.3820833333333333,5.6875,9.029166666666667,92.10416666666667,37.0,6.0,3486.8499999999995,-0.2960000000000001,0.2,0.5519999999999999,0.38599999999999995,-0.6400000000000002,1.224,5.6,8.24,95.66,6.0,2.0,725.8399999999999,-0.7120000000000001,0.72,0.664,-0.308,-1.7399999999999998,1.27,6.2,9.18,93.28,10.0,2.0,739.83
seq_338,VLLNKARLAGFKTLRNCYRSNFKKNYHHNC,-0.275,0.2833333333333333,0.6763333333333332,0.44,-0.8,1.325666666666667,5.483333333333333,8.706666666666669,89.08999999999996,29.0,5.0,4093.7000000000007,0.06599999999999999,-0.9,0.8240000000000001,1.294,0.19999999999999982,2.4099999999999997,6.2,7.5,107.28,4.0,1.0,767.93,-0.712,2.1,0.6960000000000001,-0.538,-2.2399999999999998,1.732,5.9,10.46,93.74000000000001,8.0,0.0,731.8
Sequence_10,IFGSLFSLGSKLLPTVFKLFSRKKQ,0.037599999999999995,-0.84,0.6759999999999997,0.8880000000000001,0.424,0.6091999999999999,4.72,7.572,83.11600000000003,14.0,0.0,3301.7100000000005,-0.0040000000000000036,-0.45999999999999996,0.5700000000000001,0.414,0.45999999999999996,0.25,3.6,7.880000000000001,70.24000000000001,3.0,0.0,578.63,-0.10399999999999998,-0.64,0.5980000000000001,0.958,-1.2000000000000002,0.58,5.4,8.64,85.24000000000001,3.0,0.0,695.73
Sequence_607,DLVCYCRARGCKGRERMNGTCRKGHLLYMLCCR,-0.36727272727272714,0.26969696969696966,0.6824242424242423,0.30484848484848487,-1.1272727272727272,1.0445454545454544,5.787878787878788,8.681818181818183,91.33636363636361,42.0,5.0,4623.21,-0.152,-0.7,0.784,0.6599999999999999,-0.040000000000000036,1.876,6.0,7.720000000000001,101.46000000000001,7.0,1.0,758.88,-0.4659999999999999,0.48,0.744,0.15999999999999992,-0.45999999999999985,0.9800000000000001,6.3,7.82,99.16000000000001,8.0,2.0,725.87
seq_235,VLLNKARLAGFNTFRNTYRHNFKKNYHKNC,-0.2733333333333333,0.2866666666666667,0.6619999999999998,0.45733333333333326,-0.8433333333333333,1.3663333333333336,5.45,8.723333333333334,88.37666666666664,27.0,5.0,4069.7000000000003,0.06599999999999999,-0.9,0.8240000000000001,1.294,0.19999999999999982,2.4099999999999997,6.2,7.5,107.28,4.0,1.0,767.93,-0.6679999999999999,1.4,0.7,-0.258,-2.18,1.768,6.1,10.080000000000002,95.18000000000002,8.0,1.0,739.8299999999999
Sequence_540,KVFLGLK,0.054285714285714284,-1.2571428571428573,0.7771428571428572,1.1199999999999999,0.0999999999999999,1.5828571428571425,5.571428571428571,7.514285714285714,97.3142857142857,5.0,0.0,1044.1999999999998,0.010000000000000009,-1.3,0.744,1.06,-0.1200000000000001,1.9259999999999997,5.5,7.4,97.46000000000001,4.0,0.0,757.8699999999999,0.082,-0.9799999999999999,0.808,0.9199999999999999,0.96,0.54,5.2,7.359999999999999,90.78,3.0,0.0,684.8
seq_367,VLLNKARLAGFKTLRNCYKHHFKKHYHKHT,-0.19,0.12666666666666665,0.6873333333333332,0.5106666666666668,-0.7666666666666667,1.1006666666666665,5.316666666666666,8.863333333333337,87.62999999999997,24.0,-2.0,4131.540000000001,0.06599999999999999,-0.9,0.8240000000000001,1.294,0.19999999999999982,2.4099999999999997,6.2,7.5,107.28,4.0,1.0,767.93,-0.256,0.72,0.6639999999999999,0.22799999999999998,-1.34,0.7979999999999999,5.2,9.900000000000002,83.52000000000001,4.0,-2.0,685.6899999999999
Sequence_517,DKLIGSCVWGAVNYTSRCNAECKRRGYKGGHCGSFANVNCWCET,-0.4645454545454546,0.38409090909090915,0.6324999999999998,0.11181818181818177,-1.8340909090909092,1.6684090909090914,5.431818181818182,9.215909090909092,88.34545454545452,62.0,7.0,6220.749999999998,-0.16799999999999998,-0.38,0.632,0.344,-1.22,0.54,4.6,9.34,79.12,5.0,0.0,639.67,-0.8799999999999999,1.26,0.664,-0.6559999999999999,-2.9,1.9920000000000002,5.9,9.760000000000002,94.79999999999998,11.0,1.0,781.81
seq_54,VLLNKARLSGFKTLRNTYRSNFKKHYHKNY,-0.13933333333333336,-0.06999999999999999,0.6739999999999999,0.6656666666666665,-0.4466666666666666,1.0883333333333332,5.3,8.496666666666668,86.66333333333331,22.0,2.0,4006.540000000001,0.06599999999999999,-0.9,0.8240000000000001,1.294,0.19999999999999982,2.4099999999999997,6.2,7.5,107.28,4.0,1.0,767.93,-0.20800000000000002,0.5,0.716,0.462,-0.44000000000000006,1.278,5.6,9.16,90.38000000000002,4.0,0.0,682.7799999999999
Sequence_286,GFGCPFNQGACHRHCRSIRRRGGYCAGLIKQTCTCYRN,-0.40499999999999997,0.4236842105263157,0.5860526315789472,0.1660526315789473,-1.3052631578947371,0.8823684210526315,5.355263157894737,8.85,84.61315789473682,46.0,6.0,5113.69,-0.568,0.21999999999999997,0.6880000000000001,0.04799999999999995,-1.42,0.99,5.7,8.540000000000001,90.89999999999999,8.0,1.0,736.8600000000001,-0.514,0.82,0.5960000000000001,0.10999999999999999,-1.3,1.224,6.0,8.86,88.82000000000001,7.0,2.0,671.79
Sequence_381,EFKRCWKGQGACQTYCTRQETYMHLCPDASLCCLSYALKPPPVPKHEYE,-0.19551020408163267,-0.06530612244897961,0.7012244897959183,0.5626530612244898,-0.32653061224489793,0.7659183673469387,5.295918367346939,8.342857142857138,88.75918367346937,47.0,0.0,6854.64,-0.5820000000000001,0.9,0.624,-0.21600000000000003,-2.06,0.78,4.9,9.48,82.25999999999999,6.0,0.0,698.74,-0.384,1.4,0.7319999999999999,-0.20399999999999996,-1.9,0.5439999999999999,4.2,10.92,79.7,4.0,-3.0,685.64
seq_244,VLLNKARLAGFKTLRNCYRSTFKKHYHKHC,-0.205,0.05333333333333326,0.6709999999999998,0.5103333333333332,-0.6566666666666667,1.049333333333333,5.316666666666666,8.620000000000001,86.83999999999997,26.0,1.0,4076.5400000000004,0.06599999999999999,-0.9,0.8240000000000001,1.294,0.19999999999999982,2.4099999999999997,6.2,7.5,107.28,4.0,1.0,767.93,-0.5720000000000001,1.4,0.7,-0.29600000000000004,-2.1,1.2879999999999998,5.7,10.280000000000001,91.1,7.0,-1.0,740.77
seq_80,VLLNKARLSGFKTLRNMYRSNFKKHYHKNY,-0.11566666666666665,-0.11666666666666667,0.69,0.7116666666666666,-0.29666666666666675,1.0883333333333332,5.316666666666666,8.373333333333337,87.68999999999998,21.0,2.0,4018.590000000001,0.06599999999999999,-0.9,0.8240000000000001,1.294,0.19999999999999982,2.4099999999999997,6.2,7.5,107.28,4.0,1.0,767.93,-0.20800000000000002,0.5,0.716,0.462,-0.44000000000000006,1.278,5.6,9.16,90.38000000000002,4.0,0.0,682.7799999999999
seq_52,VLLNKARLAGFKTLRNTYRGNFKKHYHHNM,-0.14433333333333334,0.006666666666666606,0.6853333333333332,0.6466666666666665,-0.47333333333333333,1.1239999999999997,5.366666666666666,8.533333333333335,88.06999999999996,22.0,1.0,4037.590000000001,0.06599999999999999,-0.9,0.8240000000000001,1.294,0.19999999999999982,2.4099999999999997,6.2,7.5,107.28,4.0,1.0,767.93,-0.254,1.1400000000000001,0.756,0.262,-0.5799999999999998,1.242,5.5,9.34,92.32000000000001,4.0,-1.0,688.7699999999999
Sequence_122,KFFRKLKKSVKKRAKEFFKKPRVIGVSIPF,-0.08699999999999998,-0.6933333333333334,0.6059999999999999,0.8343333333333335,-0.7699999999999999,1.1696666666666666,4.733333333333333,8.196666666666667,82.87000000000002,17.0,-1.0,4118.55,-0.158,-0.6,0.6,0.6479999999999999,-0.6000000000000001,0.58,4.7,7.959999999999999,78.8,2.0,0.0,667.75,0.11400000000000002,-1.08,0.526,1.0779999999999998,0.45999999999999996,1.386,3.9,6.959999999999999,78.52000000000001,2.0,0.0,654.76
Sequence_635,GIFDKLKNFAKGVAQSLLNKASCKLSGQC,-0.19689655172413795,-0.27241379310344827,0.6755172413793101,0.48965517241379314,-0.5689655172413794,1.0403448275862066,5.068965517241379,8.524137931034481,86.18275862068964,29.0,4.0,3946.36,-0.30599999999999994,-0.22000000000000003,0.5519999999999999,0.040000000000000015,-1.6200000000000003,0.54,4.1,9.4,72.38,5.0,0.0,629.65,-0.274,-0.15999999999999998,0.722,0.37799999999999995,-0.3,0.74,5.7,8.12,93.92,7.0,1.0,721.8
seq_339,VLLNKARLAGFKTLRNTYKGNFKKHYKKNL,-0.13399999999999998,-0.24333333333333337,0.6993333333333333,0.7213333333333334,-0.48333333333333334,1.1843333333333332,5.45,8.496666666666668,89.16,23.0,3.0,4093.6800000000003,0.06599999999999999,-0.9,0.8240000000000001,1.294,0.19999999999999982,2.4099999999999997,6.2,7.5,107.28,4.0,1.0,767.93,-0.12600000000000003,-0.26,0.772,0.8220000000000001,-0.31999999999999995,1.314,5.9,8.64,95.2,4.0,1.0,704.83
seq_341,VLLNKARLAGFKTLRNTYRGNFKKHYHKHT,-0.14466666666666667,-0.0633333333333334,0.6699999999999999,0.6409999999999999,-0.6,1.0499999999999998,5.316666666666666,8.626666666666669,86.6033333333333,22.0,0.0,4034.5100000000007,0.06599999999999999,-0.9,0.8240000000000001,1.294,0.19999999999999982,2.4099999999999997,6.2,7.5,107.28,4.0,1.0,767.93,-0.256,0.72,0.6639999999999999,0.22799999999999998,-1.34,0.7979999999999999,5.2,9.900000000000002,83.52000000000001,4.0,-2.0,685.6899999999999
Sequence_380,GLLSGLKKVGKHVAKNVAVSLMDSLKCKISGDC,-0.1939393939393939,-0.42424242424242437,0.7030303030303029,0.588181818181818,-1.0272727272727271,1.5533333333333337,5.318181818181818,8.687878787878788,90.43333333333334,37.0,2.0,4699.109999999999,-0.03599999999999999,-0.5800000000000001,0.786,0.6739999999999999,0.24000000000000005,0.5,5.2,8.12,87.66,5.0,0.0,659.73,-0.638,0.74,0.53,-0.5820000000000001,-2.54,0.74,4.4,10.16,73.13999999999999,9.0,1.0,632.63
Sequence_393,GLFSVLGSVAKHLLPHVVPVIAEKL,0.0824,-0.8640000000000001,0.7103999999999998,1.0864000000000003,0.08000000000000007,1.7035999999999998,5.02,7.716,92.12000000000002,16.0,-3.0,3590.0299999999997,0.038000000000000006,-1.1400000000000001,0.7100000000000002,0.9339999999999999,0.36000000000000004,1.636,4.9,7.159999999999999,90.05999999999999,4.0,0.0,707.8000000000001,0.0040000000000000036,0.039999999999999994,0.6,0.40199999999999997,-0.16000000000000014,0.29,3.4,9.14,70.24000000000001,2.0,-1.0,583.5899999999999
Sequence_111,LLPILGNLLNGLL,0.14999999999999997,-0.5769230769230769,0.8184615384615384,1.086153846153846,1.4000000000000001,0.7569230769230769,5.461538461538462,7.2846153846153845,95.20000000000002,8.0,2.0,1727.1500000000003,0.522,-1.34,0.768,1.6199999999999999,3.0,0.0,4.6,6.0600000000000005,88.0,0.0,0.0,617.79,0.07999999999999999,-0.44000000000000006,0.884,0.982,1.22,0.984,5.9,7.480000000000001,100.16,4.0,1.0,685.8499999999999
Sequence_131,FTIAEPYIHPCMKGFCSFKSECANKCIFMGHHKGGDCIGGLDGIYCCCLA,-0.42120000000000013,0.47399999999999987,0.6287999999999999,-0.05520000000000004,-1.236,0.8326,4.8,9.164000000000001,81.65599999999996,64.0,4.0,6669.229999999997,-0.09,0.22000000000000003,0.4800000000000001,0.07400000000000002,-0.05999999999999996,0.0,2.7,8.84,59.36,2.0,-1.0,537.5300000000001,-0.8600000000000001,1.34,0.716,-0.7460000000000001,-1.44,1.4700000000000002,6.1,8.96,96.38,12.0,3.0,742.8599999999999
Sequence_510,RLSRIVVIRVSR,0.11333333333333333,-0.9500000000000001,0.46833333333333343,1.2099999999999997,-0.5833333333333334,1.7325,4.625,7.483333333333333,82.08333333333333,5.0,0.0,1564.73,0.09799999999999998,-0.3,0.454,0.8619999999999999,0.019999999999999907,0.0,4.0,7.88,68.08000000000001,1.0,0.0,541.5899999999999,0.02599999999999999,-0.62,0.39,1.002,-1.06,1.386,4.3,7.919999999999999,74.75999999999999,2.0,0.0,614.66
Sequence_236,GIGASILSAGKSALKGFAKGLAEHFAN,-0.13999999999999999,-0.037037037037037035,0.6159259259259258,0.32592592592592595,-0.44074074074074077,0.5755555555555555,4.074074074074074,8.929629629629629,73.25555555555555,20.0,-1.0,3258.4100000000008,-0.24599999999999994,0.04,0.48200000000000004,0.04800000000000001,-1.28,0.5,3.6,9.459999999999999,64.64,5.0,0.0,561.5500000000001,-0.43,1.5,0.652,-0.296,-1.3199999999999998,0.9879999999999999,4.0,10.040000000000001,75.82000000000001,4.0,-1.0,636.6600000000001
Sequence_309,FLPIVTNLLSGLLGK,0.07733333333333334,-0.7933333333333333,0.7313333333333333,1.0026666666666666,0.6666666666666666,0.97,5.133333333333334,7.4733333333333345,90.01333333333334,10.0,1.0,2023.3800000000003,0.312,-1.5,0.624,1.456,1.52,1.386,4.4,6.159999999999999,87.94000000000001,1.0,0.0,680.8399999999999,-0.06399999999999999,-0.74,0.8200000000000001,0.8,-0.24000000000000005,0.79,5.8,8.36,95.05999999999999,5.0,0.0,709.8
Sequence_153,RWKRWWRRKK,-0.142,-0.8399999999999999,0.5640000000000001,1.152,-1.9900000000000002,1.9529999999999998,6.1,8.180000000000001,91.87,6.0,0.0,1469.5700000000002,-0.1,-1.02,0.5640000000000001,1.248,-1.8000000000000003,2.314,6.2,7.760000000000001,94.30000000000001,3.0,0.0,747.8,-0.184,-0.6599999999999999,0.5640000000000001,1.0559999999999998,-2.18,1.592,6.0,8.6,89.43999999999998,3.0,0.0,721.77
Sequence_414,RRWKIVVIRWRR,0.02916666666666667,-0.9916666666666666,0.4416666666666667,1.2533333333333332,-1.366666666666667,2.119166666666666,5.208333333333333,7.633333333333334,86.30833333333334,5.0,0.0,1651.8100000000004,-0.072,-0.5599999999999999,0.42400000000000004,0.9279999999999999,-1.6199999999999999,1.302,4.9,8.32,78.32,2.0,0.0,641.6800000000001,-0.006000000000000003,-0.45999999999999996,0.356,1.04,-1.3,1.012,4.8,7.840000000000001,74.66,1.0,0.0,601.65
Sequence_461,GWLRKAAKSVGKFYYKHKYYIKAAWKIGRHAL,-0.02718749999999999,-0.5531250000000001,0.6234374999999998,0.7512500000000002,-0.34062500000000007,1.0465625,4.765625,8.434375000000001,81.24999999999999,19.0,-2.0,4168.480000000001,-0.08199999999999999,-0.8799999999999999,0.692,1.024,-1.02,1.552,6.0,8.059999999999999,94.67999999999999,4.0,0.0,728.8,-0.07999999999999999,0.18000000000000002,0.652,0.558,-0.45999999999999996,0.504,4.9,8.82,80.52000000000001,3.0,-1.0,628.67
Sequence_343,DHYNCVKGGGQCLYSACPIYTKVQGTCYGGKAKCCK,-0.38638888888888884,0.013888888888888938,0.6663888888888887,0.2733333333333334,-1.3027777777777778,1.3402777777777781,5.694444444444445,8.902777777777777,91.5361111111111,51.0,6.0,5207.759999999999,-0.716,1.54,0.7120000000000001,-0.506,-2.2399999999999998,1.478,5.9,10.319999999999999,91.94000000000001,9.0,1.0,716.79,-0.8140000000000001,0.9,0.656,-0.45,-2.72,1.56,5.9,9.98,90.92,10.0,2.0,747.81
seq_314,VLLNKARLAGFNTLRNTYRGTFKKHYHKHT,-0.13733333333333334,-0.06000000000000001,0.6633333333333333,0.6369999999999999,-0.5166666666666667,1.0016666666666665,5.283333333333333,8.566666666666668,85.91333333333331,22.0,0.0,3998.4700000000003,0.06599999999999999,-0.9,0.8240000000000001,1.294,0.19999999999999982,2.4099999999999997,6.2,7.5,107.28,4.0,1.0,767.93,-0.256,0.72,0.6639999999999999,0.22799999999999998,-1.34,0.7979999999999999,5.2,9.900000000000002,83.52000000000001,4.0,-2.0,685.6899999999999
Sequence_345,GLFTLIKGAYKLDAPTVACN,-0.08650000000000001,-0.46500000000000014,0.6679999999999999,0.6599999999999999,-0.025000000000000067,0.9225000000000001,4.95,8.190000000000001,84.10499999999999,17.0,2.0,2620.97,0.126,-0.96,0.768,0.8960000000000001,1.46,0.25,5.0,7.0,86.64,3.0,0.0,648.76,-0.484,0.34,0.616,0.22400000000000003,-1.64,2.61,5.8,8.780000000000001,94.68000000000002,8.0,2.0,732.8400000000001
seq_233,VLLNKARLAGFKTLRNCYKHNFKKHYHHHS,-0.21600000000000003,0.26666666666666666,0.6876666666666666,0.4533333333333334,-0.7933333333333334,1.1746666666666667,5.283333333333333,8.913333333333336,87.52666666666664,25.0,-1.0,4108.540000000001,0.06599999999999999,-0.9,0.8240000000000001,1.294,0.19999999999999982,2.4099999999999997,6.2,7.5,107.28,4.0,1.0,767.93,-0.31599999999999995,1.56,0.666,-0.154,-1.42,0.762,4.6,10.4,78.82,4.0,-3.0,663.63
seq_365,VLLNKARLAGFKTLRNCYKHTFKKHYHHHC,-0.23533333333333334,0.2433333333333333,0.6866666666666666,0.41933333333333334,-0.8100000000000002,1.134,5.366666666666666,8.86666666666667,88.2033333333333,27.0,-1.0,4150.580000000001,0.06599999999999999,-0.9,0.8240000000000001,1.294,0.19999999999999982,2.4099999999999997,6.2,7.5,107.28,4.0,1.0,767.93,-0.616,2.1,0.6960000000000001,-0.576,-2.16,1.252,5.5,10.66,89.66,7.0,-2.0,732.74
seq_186,VLLNKARLAGFKTLRNTYRSTFKKHYKKNC,-0.161,-0.1766666666666667,0.6656666666666665,0.6506666666666666,-0.5333333333333333,1.0536666666666665,5.333333333333333,8.46,86.49666666666667,24.0,3.0,4028.55,0.06599999999999999,-0.9,0.8240000000000001,1.294,0.19999999999999982,2.4099999999999997,6.2,7.5,107.28,4.0,1.0,767.93,-0.624,0.7,0.7040000000000001,0.022000000000000065,-2.12,1.8039999999999998,6.3,9.7,96.62,8.0,2.0,747.8600000000001
seq_63,VLLNKARLSGFKTFRNMYRGHFKKHYHKHC,-0.19766666666666666,0.05666666666666664,0.6789999999999999,0.5206666666666665,-0.7166666666666667,1.0516666666666665,5.283333333333333,8.64666666666667,87.16666666666664,24.0,-1.0,4108.560000000001,0.06599999999999999,-0.9,0.8240000000000001,1.294,0.19999999999999982,2.4099999999999997,6.2,7.5,107.28,4.0,1.0,767.93,-0.5720000000000001,1.4,0.7,-0.29600000000000004,-2.1,1.2879999999999998,5.7,10.280000000000001,91.1,7.0,-1.0,740.77
Sequence_76,KTCEHLADTYRGVCFTNASCDDHCKNKAHLISGTCHNWKCFCTQNC,-0.5234782608695653,0.691304347826087,0.6456521739130433,-0.10021739130434783,-1.789130434782609,1.2967391304347833,5.4021739130434785,9.469565217391304,86.93913043478258,68.0,7.0,6444.939999999997,-0.736,1.6199999999999999,0.6639999999999999,-0.5799999999999998,-3.08,1.034,5.2,10.959999999999999,85.06,8.0,-1.0,728.7099999999999,-0.8380000000000001,1.22,0.648,-0.39,-2.16,1.714,6.7,9.22,101.68000000000002,11.0,3.0,778.9000000000001
Sequence_328,GFRDVLKGAAKQFVKTVAGHIANI,-0.08458333333333334,-0.5666666666666668,0.5941666666666665,0.6870833333333334,-0.7208333333333333,1.4095833333333332,4.729166666666667,8.437500000000002,83.2,18.0,0.0,3221.500000000001,-0.19799999999999998,-0.8,0.624,0.6719999999999999,-1.4,1.636,5.3,8.2,88.54,5.0,0.0,718.79,-0.23000000000000004,1.1,0.37600000000000006,-0.13199999999999998,-1.28,0.9879999999999999,3.1,9.940000000000001,63.0,3.0,0.0,532.55
Sequence_376,ILGPVIKTIGGVIGGLLKNL,-0.04849999999999999,-0.6350000000000002,0.6119999999999999,0.7665,-0.5999999999999999,1.334,4.9,8.325,86.51500000000001,17.0,1.0,2689.03,0.166,-1.2600000000000002,0.6360000000000001,1.3359999999999999,0.31999999999999995,1.636,5.0,7.159999999999999,92.22,3.0,0.0,705.84,0.13799999999999998,-0.5799999999999998,0.8880000000000001,1.154,1.28,1.024,5.9,7.460000000000001,100.6,3.0,1.0,694.86
Sequence_220,FKCRRWQWRAKKLGA,-0.12933333333333333,-0.6133333333333334,0.6213333333333334,0.8213333333333334,-0.7733333333333332,1.2113333333333332,5.466666666666667,8.046666666666667,87.80666666666667,11.0,1.0,2089.2900000000004,-0.45199999999999996,0.3,0.5439999999999999,0.26399999999999996,-1.6800000000000002,0.78,5.5,8.48,83.3,5.0,1.0,680.77,-0.10200000000000001,-0.6199999999999999,0.724,0.7259999999999999,-0.7200000000000001,0.8300000000000001,5.2,8.92,85.62,4.0,0.0,676.73
Sequence_258,GLRSKIKEAAKTAGKMALGFVNDMA,-0.092,-0.37599999999999995,0.6539999999999999,0.6076,-0.4199999999999999,0.8059999999999999,4.6,8.616,79.86399999999999,18.0,0.0,3180.4300000000007,-0.13799999999999998,-0.36,0.658,0.706,-0.9200000000000002,0.54,5.2,8.66,82.41999999999999,4.0,0.0,652.6999999999999,-0.11800000000000002,-0.5,0.728,0.8,-0.5400000000000003,2.12,5.4,8.260000000000002,94.16,5.0,1.0,702.8100000000001
Sequence_342,KRCHLTIDKATACSLSDCRLSCYSGYNGVGKCFDDPKVAGPSNCGCIYNC,-0.42460000000000014,0.29400000000000004,0.645,0.11739999999999995,-1.3780000000000003,1.1558000000000002,5.3,9.063999999999998,85.63999999999999,70.0,10.0,6843.539999999997,-0.42400000000000004,0.74,0.6880000000000001,0.17599999999999993,-1.6600000000000001,1.034,5.9,9.280000000000001,92.26,6.0,0.0,722.7899999999998,-0.784,1.5,0.56,-0.654,-1.8199999999999998,1.714,5.5,9.440000000000001,88.93999999999998,10.0,3.0,686.81
Sequence_193,QPWLPFR,0.2642857142857143,-1.457142857142857,0.7085714285714285,1.74,1.5285714285714285,0.7228571428571428,5.642857142857143,5.928571428571429,95.62857142857142,1.0,0.0,1012.25,0.376,-1.8399999999999999,0.7959999999999999,2.12,1.9599999999999997,1.012,6.2,5.6,105.5,1.0,0.0,775.97,0.196,-1.2799999999999998,0.696,1.496,1.2,1.012,5.4,6.12,91.55999999999999,1.0,0.0,697.85
seq_135,VLLNKARLAGFKTLRNTYRGNFKKHYHHNL,-0.1376666666666667,0.006666666666666606,0.6866666666666666,0.6466666666666665,-0.45,1.1239999999999997,5.366666666666666,8.543333333333335,88.06999999999996,22.0,1.0,4037.590000000001,0.06599999999999999,-0.9,0.8240000000000001,1.294,0.19999999999999982,2.4099999999999997,6.2,7.5,107.28,4.0,1.0,767.93,-0.21400000000000002,1.1400000000000001,0.764,0.262,-0.43999999999999984,1.242,5.5,9.400000000000002,92.32000000000001,4.0,-1.0,688.7699999999999
Sequence_617,GNGVIKTISHECHMNTWQFIFTCCS,-0.40759999999999996,0.45199999999999996,0.5783999999999998,0.031199999999999947,-1.4999999999999998,1.3268,4.86,9.079999999999998,83.32,31.0,2.0,3406.64,-0.39,8.881784197001253e-17,0.548,0.318,-2.4400000000000004,2.62,5.3,9.34,91.24,7.0,1.0,717.8,-0.784,0.9799999999999999,0.6020000000000001,-0.6580000000000001,-1.6,0.9800000000000001,5.2,8.86,82.52,10.0,2.0,693.7600000000001
Sequence_251,FLSLIPHAINAVSAIAKHN,-0.03947368421052633,0.04210526315789478,0.563157894736842,0.5189473684210526,-0.05789473684210527,0.9610526315789473,3.9210526315789473,8.547368421052632,74.0,10.0,0.0,2270.49,0.27999999999999997,-0.86,0.638,0.8379999999999999,2.0599999999999996,0.0,3.5,6.8199999999999985,72.70000000000002,1.0,0.0,563.6499999999999,-0.34199999999999997,1.0,0.516,-0.003999999999999981,-1.8400000000000003,1.278,4.2,10.219999999999999,74.12,4.0,0.0,612.64
Sequence_452,GILSTIKDFAIKAGKGAAKGLLEMASCKLSGQC,-0.1654545454545455,-0.20606060606060608,0.6318181818181817,0.36909090909090914,-0.5363636363636363,0.5575757575757575,4.46969696969697,8.793939393939391,77.88787878787878,30.0,1.0,4167.410000000001,-0.04799999999999999,-0.34,0.546,0.442,-0.18,0.25,4.0,8.5,70.82,4.0,0.0,576.6,-0.274,-0.15999999999999998,0.722,0.37799999999999995,-0.3,0.74,5.7,8.12,93.92,7.0,1.0,721.8
Sequence_379,GFSSIFRGVAKFASKGLGKDLARLGVNLVACKISKQC,-0.157027027027027,-0.4324324324324325,0.6313513513513511,0.5591891891891893,-0.6567567567567567,1.1583783783783785,4.851351351351352,8.386486486486485,83.50810810810812,34.0,3.0,4956.419999999999,-0.202,-0.04,0.4720000000000001,0.036000000000000004,-0.6,0.25,3.1,8.68,60.82000000000001,4.0,0.0,552.55,-0.32999999999999996,0.05999999999999996,0.522,0.16999999999999993,-1.2200000000000002,0.78,4.7,8.860000000000001,81.22,6.0,1.0,674.71
seq_361,VLLNKARLAGFNTLRNTYRGTFKKHYHKHC,-0.19,0.05333333333333332,0.6693333333333332,0.5496666666666665,-0.6433333333333333,1.0833333333333333,5.366666666666666,8.630000000000003,87.17666666666665,25.0,1.0,4053.55,0.06599999999999999,-0.9,0.8240000000000001,1.294,0.19999999999999982,2.4099999999999997,6.2,7.5,107.28,4.0,1.0,767.93,-0.5720000000000001,1.4,0.7,-0.29600000000000004,-2.1,1.2879999999999998,5.7,10.280000000000001,91.1,7.0,-1.0,740.77
seq_291,VLLNKARLAGFKTLRNCYRGTFKKNYHKHC,-0.23533333333333334,0.05,0.6759999999999999,0.5089999999999999,-0.76,1.171,5.483333333333333,8.630000000000003,88.67999999999998,28.0,3.0,4116.660000000001,0.06599999999999999,-0.9,0.8240000000000001,1.294,0.19999999999999982,2.4099999999999997,6.2,7.5,107.28,4.0,1.0,767.93,-0.5720000000000001,1.4,0.7,-0.29600000000000004,-2.1,1.2879999999999998,5.7,10.280000000000001,91.1,7.0,-1.0,740.77
seq_72,VLLNKARLAGFKTLRNTYKHNFKKNYHKHC,-0.222,0.12666666666666662,0.6873333333333332,0.5233333333333332,-0.7933333333333333,1.2606666666666668,5.45,8.79666666666667,88.98999999999998,26.0,2.0,4129.660000000001,0.06599999999999999,-0.9,0.8240000000000001,1.294,0.19999999999999982,2.4099999999999997,6.2,7.5,107.28,4.0,1.0,767.93,-0.5720000000000001,1.4,0.7,-0.29600000000000004,-2.1,1.2879999999999998,5.7,10.280000000000001,91.1,7.0,-1.0,740.77
seq_5,VLLNKARLAGFNTLRNCYKSNFKKHYHKNY,-0.20933333333333334,0.11666666666666667,0.6903333333333332,0.5413333333333334,-0.5633333333333332,1.2923333333333338,5.416666666666667,8.633333333333335,88.89999999999996,26.0,4.0,4076.6800000000003,0.06599999999999999,-0.9,0.8240000000000001,1.294,0.19999999999999982,2.4099999999999997,6.2,7.5,107.28,4.0,1.0,767.93,-0.20800000000000002,0.5,0.716,0.462,-0.44000000000000006,1.278,5.6,9.16,90.38000000000002,4.0,0.0,682.7799999999999
Sequence_241,GLLDTFKNLAINAAESAGVSVLNSLSCKLSKTC,-0.18484848484848487,-0.08484848484848484,0.674242424242424,0.43999999999999995,-0.4606060606060606,1.1096969696969698,4.818181818181818,8.599999999999996,83.25454545454546,33.0,4.0,4321.74,-0.009999999999999998,-0.72,0.796,0.7,0.26,0.25,5.4,8.22,88.11999999999999,5.0,0.0,659.73,-0.374,0.12000000000000002,0.686,0.19399999999999995,-0.9400000000000001,0.78,5.4,8.78,85.82000000000001,7.0,1.0,684.74
seq_45,VLLNKARLAGFNTFRNCYRGNFKKHYHKHC,-0.2963333333333334,0.30666666666666664,0.6679999999999998,0.3753333333333334,-0.9433333333333334,1.2873333333333337,5.433333333333334,8.793333333333335,88.44666666666663,29.0,3.0,4125.68,0.06599999999999999,-0.9,0.8240000000000001,1.294,0.19999999999999982,2.4099999999999997,6.2,7.5,107.28,4.0,1.0,767.93,-0.5720000000000001,1.4,0.7,-0.29600000000000004,-2.1,1.2879999999999998,5.7,10.280000000000001,91.1,7.0,-1.0,740.77
Sequence_67,LIKIVPAMICAVTKKC,-0.10375,-0.5375,0.57375,0.6862500000000001,-0.53125,1.4443749999999997,4.71875,8.162500000000001,84.48125,14.0,2.0,2156.42,0.20400000000000001,-1.14,0.484,1.028,-0.08000000000000011,1.6759999999999997,3.9,7.8,80.38,2.0,0.0,640.71,-0.47400000000000003,-0.36,0.6559999999999999,0.4600000000000001,-2.5,2.4559999999999995,6.3,9.059999999999999,99.9,8.0,1.0,807.8799999999999
Sequence_358,RTCASQSQRFKGKCVSDTNCENVCHNEGFPGGDCRGFRRRCFCTRNC,-0.5372340425531917,0.5851063829787233,0.6142553191489362,0.023829787234042554,-1.940425531914893,1.245957446808511,5.531914893617022,9.15744680851064,87.53191489361699,67.0,9.0,6637.299999999997,-0.4039999999999999,0.48,0.518,0.059999999999999984,-1.16,0.49000000000000005,4.7,8.88,72.28,6.0,1.0,602.63,-0.974,1.72,0.5800000000000001,-0.6100000000000001,-3.04,1.714,6.5,9.780000000000001,93.62,11.0,3.0,728.8399999999999
Sequence_397,LLGDFFRKAREKIGEEFKRIVQRIKDFLRNLVPRTES,-0.09945945945945943,-0.23243243243243236,0.6094594594594593,0.6208108108108108,-0.6567567567567568,0.6981081081081081,4.554054054054054,8.499999999999998,80.26756756756757,22.0,-3.0,4817.220000000001,0.034,-0.8399999999999999,0.8200000000000001,0.6719999999999999,0.9,0.25,5.0,7.6,87.53999999999999,4.0,0.0,661.76,-0.194,0.31999999999999995,0.5860000000000001,0.5859999999999997,-0.9400000000000001,0.0,4.4,8.9,73.16,3.0,-1.0,621.6500000000001
Sequence_392,QAFKTFTPDWNKIRNDAKRMQDNLEQMKKRFNLNL,-0.1305714285714286,-0.25142857142857145,0.6719999999999999,0.7105714285714285,-0.42571428571428555,0.8760000000000001,5.242857142857143,8.345714285714287,87.30571428571429,25.0,4.0,4718.36,0.064,-0.9800000000000001,0.608,0.9019999999999999,0.6399999999999999,0.29,4.6,7.5600000000000005,79.58000000000001,2.0,0.0,649.71,-0.14000000000000004,0.28,0.804,0.608,0.74,1.468,5.6,7.7,96.5,4.0,2.0,675.87
Sequence_311,ASSGWVCTLTIECGTVICACR,-0.379047619047619,0.1380952380952381,0.5676190476190475,0.13238095238095235,-1.4095238095238094,1.4866666666666664,4.928571428571429,8.79047619047619,83.23809523809523,29.0,3.0,2854.03,-0.188,-0.39999999999999997,0.592,0.41400000000000003,-0.9199999999999999,1.262,4.3,8.64,73.66,5.0,0.0,626.6099999999999,-0.636,1.1,0.44800000000000006,-0.466,-1.8400000000000003,0.9800000000000001,4.7,9.22,76.13999999999999,8.0,2.0,627.6899999999999
Sequence_226,GFLDTLKNMALNAAKGAGGSVLKALFCKLFKTC,-0.15424242424242424,-0.34848484848484856,0.7118181818181816,0.5399999999999998,-0.1848484848484849,0.9521212121212119,5.090909090909091,8.306060606060605,85.96969696969697,31.0,4.0,4407.96,-0.148,-0.5599999999999999,0.716,0.396,-0.13999999999999999,0.25,4.9,8.28,81.38,5.0,0.0,649.71,-0.314,-0.13999999999999996,0.704,0.26799999999999996,-0.2800000000000001,0.78,5.4,8.040000000000001,88.5,6.0,1.0,700.8
seq_16,VLLNKARLSGFNTLRNTYKSTFKKHYKKNC,-0.21233333333333332,-0.05,0.6766666666666665,0.5696666666666665,-0.6966666666666667,1.176,5.4,8.606666666666667,87.62333333333332,27.0,4.0,4075.6099999999997,0.06599999999999999,-0.9,0.8240000000000001,1.294,0.19999999999999982,2.4099999999999997,6.2,7.5,107.28,4.0,1.0,767.93,-0.624,0.7,0.7040000000000001,0.022000000000000065,-2.12,1.8039999999999998,6.3,9.7,96.62,8.0,2.0,747.8600000000001
Sequence_679,QLEARFEPKQRNFRKRELDFEKLFANMPDY,-0.0726666666666667,-0.14666666666666667,0.6913333333333332,0.698,-0.010000000000000054,0.38966666666666666,4.766666666666667,8.246666666666666,83.33333333333331,15.0,-2.0,3948.4300000000007,0.15999999999999998,-0.36,0.6719999999999999,0.9739999999999999,0.7999999999999999,0.0,4.5,7.9,82.1,1.0,-1.0,633.6800000000001,-0.082,-0.28,0.792,0.9259999999999999,0.5,0.734,5.7,7.88,93.12,4.0,1.0,675.84
Sequence_356,RECRSESKKFVGLCVSDTNCASVCLTERFPGGKCDGYRRCFCTKDC,-0.47413043478260875,0.3326086956521739,0.6452173913043479,0.08304347826086958,-1.723913043478261,1.1926086956521742,5.358695652173913,9.089130434782607,86.70217391304344,65.0,6.0,6488.019999999998,-0.576,1.26,0.538,-0.17800000000000002,-2.4,0.49000000000000005,4.8,9.74,75.91999999999999,6.0,0.0,642.65,-0.9480000000000001,1.06,0.664,-0.728,-3.28,1.27,6.2,10.32,91.4,12.0,2.0,754.8
Sequence_202,APVPFSCTRGCLTHLV,-0.15687500000000001,-0.36250000000000004,0.6718749999999999,0.745,-0.2812499999999999,1.3299999999999998,5.4375,7.775,90.91250000000002,16.0,1.0,2279.620000000001,0.23600000000000004,-1.5,0.68,1.6900000000000002,1.44,1.386,4.9,6.08,90.34,1.0,0.0,712.9,0.20600000000000002,-0.8800000000000001,0.784,1.232,0.78,1.64,5.6,7.340000000000001,99.05999999999999,3.0,-1.0,732.8299999999999
Sequence_515,GKIPVKAIKKAGAAIGKGLRAINIASTAHDVYSFFKPKHKKK,-0.12738095238095237,-0.3095238095238096,0.5728571428571427,0.5576190476190476,-0.9047619047619045,0.9421428571428573,4.404761904761905,8.916666666666663,76.71904761904761,29.0,-1.0,5349.700000000001,-0.05999999999999996,-1.0,0.5720000000000001,1.084,-1.2200000000000002,1.9259999999999997,5.1,8.2,90.2,4.0,0.0,729.83,-0.44399999999999995,0.2,0.6960000000000001,0.36000000000000004,-3.2600000000000002,1.4140000000000001,5.8,10.78,90.46,5.0,-1.0,767.7699999999999
seq_407,VLLNKARLAGFKTLRNTYRSNFKKHYHKNY,-0.12233333333333336,-0.09666666666666668,0.6736666666666665,0.6876666666666666,-0.36000000000000004,1.0883333333333332,5.283333333333333,8.460000000000003,86.58666666666664,21.0,2.0,3990.540000000001,0.06599999999999999,-0.9,0.8240000000000001,1.294,0.19999999999999982,2.4099999999999997,6.2,7.5,107.28,4.0,1.0,767.93,-0.20800000000000002,0.5,0.716,0.462,-0.44000000000000006,1.278,5.6,9.16,90.38000000000002,4.0,0.0,682.7799999999999
Sequence_675,HKTDSFVGLM,-0.11199999999999995,-0.52,0.717,0.6369999999999999,-0.5300000000000001,1.0899999999999999,5.1,8.360000000000001,87.58000000000001,9.0,-1.0,1392.5000000000002,-0.41999999999999993,0.52,0.634,-0.03799999999999999,-2.3400000000000003,0.5439999999999999,4.8,10.420000000000002,75.67999999999999,6.0,-1.0,658.62,0.196,-1.56,0.8,1.312,1.28,1.636,5.4,6.3,99.47999999999999,3.0,0.0,733.8799999999999
seq_94,VLLNKARLAGFNTLRNCYRGHFKKNYHHQQ,-0.16066666666666665,0.030000000000000013,0.6819999999999999,0.628,-0.43333333333333324,1.1573333333333335,5.5,8.433333333333335,90.46333333333331,24.0,2.0,4136.72,0.06599999999999999,-0.9,0.8240000000000001,1.294,0.19999999999999982,2.4099999999999997,6.2,7.5,107.28,4.0,1.0,767.93,0.10400000000000001,-0.1,0.7040000000000001,0.916,0.5599999999999999,0.508,5.6,8.180000000000001,96.46,2.0,-2.0,741.79
seq_284,VLLNKARLAGFNTLRNCYRGNFKKNYHHHT,-0.24400000000000002,0.2833333333333333,0.6746666666666666,0.473,-0.7733333333333333,1.279666666666667,5.466666666666667,8.750000000000004,88.74666666666663,27.0,3.0,4071.6500000000005,0.06599999999999999,-0.9,0.8240000000000001,1.294,0.19999999999999982,2.4099999999999997,6.2,7.5,107.28,4.0,1.0,767.93,-0.29999999999999993,1.42,0.66,-0.052000000000000005,-1.4,0.762,5.0,10.280000000000001,82.08,4.0,-3.0,677.66
Sequence_421,YVSCLFRGARCRVYSGRSCCFGYYCRRDFPGSIFGTCSRRNF,-0.31642857142857145,0.045238095238095244,0.5907142857142857,0.31833333333333325,-0.8119047619047619,0.9161904761904763,5.107142857142857,8.25952380952381,82.37380952380951,46.0,7.0,5547.239999999999,-0.07599999999999998,-0.68,0.738,0.7819999999999998,0.5,1.876,5.6,7.24,97.3,6.0,1.0,731.85,-0.292,0.45999999999999996,0.51,0.44400000000000006,-1.08,0.734,4.8,8.4,75.1,3.0,1.0,602.69
Sequence_139,RRWFWR,-0.021666666666666667,-0.9333333333333332,0.5166666666666667,1.1966666666666668,-0.8166666666666668,1.6866666666666665,5.583333333333333,6.983333333333333,86.91666666666667,2.0,0.0,828.92,-0.012000000000000002,-1.1199999999999999,0.548,1.1960000000000002,-0.6599999999999999,2.024,5.6,6.779999999999999,89.58,2.0,0.0,713.79,-0.012000000000000002,-1.1199999999999999,0.5479999999999999,1.196,-0.6600000000000001,2.024,5.6,6.779999999999999,89.58,2.0,0.0,713.7900000000001
Sequence_248,GLWQKIKNAAGDLASGIVEGIKS,-0.14130434782608692,-0.31304347826086953,0.5991304347826085,0.4782608695652173,-0.9695652173913044,1.087391304347826,4.478260869565218,8.956521739130434,79.55217391304349,20.0,0.0,2977.11,0.054000000000000006,-1.3800000000000001,0.7600000000000001,1.244,-0.14000000000000004,1.552,6.2,7.5,102.73999999999998,4.0,0.0,778.86,-0.382,0.6,0.534,-0.15399999999999997,-2.2800000000000002,0.54,3.6,10.419999999999998,68.24000000000001,5.0,-1.0,614.57
seq_90,VLLNKARLSGFNTLRNTYRSNFKKNYHKHL,-0.15633333333333338,0.036666666666666646,0.6819999999999999,0.6386666666666666,-0.46,1.1623333333333337,5.35,8.503333333333336,87.66666666666664,23.0,3.0,4011.5900000000006,0.06599999999999999,-0.9,0.8240000000000001,1.294,0.19999999999999982,2.4099999999999997,6.2,7.5,107.28,4.0,1.0,767.93,-0.07400000000000002,0.44000000000000006,0.768,0.5039999999999999,-0.3,0.7979999999999999,5.3,9.220000000000002,89.68,3.0,-2.0,697.7399999999999
Sequence_266,FFPTIAGLTKLFCAITKKC,-0.1731578947368421,-0.28421052631578947,0.5978947368421053,0.40736842105263166,-0.1578947368421053,0.5526315789473685,4.526315789473684,8.173684210526316,77.97894736842105,16.0,2.0,2420.7099999999996,0.06400000000000002,-0.74,0.504,0.736,1.16,0.0,3.5,6.859999999999999,68.36,1.0,0.0,585.7,-0.516,0.32,0.516,-0.05999999999999996,-2.4,1.0699999999999998,5.0,9.78,80.08,7.0,1.0,678.71
Sequence_249,GIFSLVKGAAKLAGKGLAKEGGKFGLELIACKIAKQC,-0.16648648648648648,-0.26216216216216226,0.6467567567567566,0.41972972972972983,-0.6675675675675674,0.8305405405405404,4.608108108108108,8.802702702702701,81.12162162162164,33.0,0.0,4856.19,-0.0040000000000000036,-0.45999999999999996,0.5700000000000001,0.414,0.45999999999999996,0.25,3.6,7.880000000000001,70.24000000000001,3.0,0.0,578.63,-0.22800000000000004,-0.1,0.52,0.30199999999999994,-0.7000000000000001,0.78,4.6,8.64,80.76000000000002,5.0,1.0,658.71
Sequence_3,GIPCGESCVWIPCISAALGCSCKNKVCYRN,-0.45566666666666666,0.38333333333333325,0.6023333333333333,0.10833333333333332,-1.5799999999999998,1.5870000000000002,5.2,8.973333333333333,86.93333333333332,43.0,7.0,4189.650000000001,-0.5439999999999999,0.42000000000000004,0.5640000000000001,-0.028000000000000073,-2.0,0.99,5.2,9.24,84.49999999999999,8.0,1.0,690.78,-0.4040000000000001,0.22000000000000003,0.6359999999999999,0.526,-1.34,2.61,6.4,8.22,101.66000000000001,7.0,2.0,756.9100000000001
Sequence_351,GVCDMADLA,-0.17777777777777784,-0.4888888888888888,0.7355555555555555,0.46888888888888886,-0.44444444444444453,1.181111111111111,5.166666666666667,8.433333333333332,88.31111111111112,11.0,1.0,1229.35,-0.43800000000000006,-0.36,0.76,0.31599999999999995,-1.7200000000000002,2.126,6.2,8.58,102.38000000000001,9.0,1.0,787.8799999999999,0.22400000000000003,-0.8799999999999999,0.76,0.908,1.6800000000000002,0.0,4.2,7.58,76.98,2.0,0.0,572.64
seq_14,VLLNKARLAGFNTLRNCYKHNFKKHYKKHC,-0.2746666666666667,0.24000000000000002,0.6933333333333332,0.4360000000000001,-0.92,1.3423333333333336,5.533333333333333,8.860000000000003,90.25333333333332,29.0,3.0,4184.74,0.06599999999999999,-0.9,0.8240000000000001,1.294,0.19999999999999982,2.4099999999999997,6.2,7.5,107.28,4.0,1.0,767.93,-0.528,0.7,0.7040000000000001,-0.015999999999999924,-2.04,1.324,5.9,9.9,92.53999999999999,7.0,0.0,748.8
seq_78,VLLNKARLAGFKTLRNCYRSNFKKHYKHNT,-0.199,0.05333333333333331,0.6709999999999998,0.5676666666666667,-0.65,1.1699999999999997,5.366666666666666,8.613333333333337,87.38666666666663,25.0,3.0,4047.5900000000006,0.06599999999999999,-0.9,0.8240000000000001,1.294,0.19999999999999982,2.4099999999999997,6.2,7.5,107.28,4.0,1.0,767.93,-0.352,0.72,0.664,0.266,-1.4200000000000002,1.278,5.6,9.700000000000001,87.6,5.0,0.0,684.75
Sequence_674,KNGYGGSGNRWVHCGAGIVGGALIGAIGGPWSAVAGGISGGFASCH,-0.30347826086956514,-0.0369565217391304,0.5926086956521739,0.2808695652173913,-1.4630434782608694,1.432391304347826,4.869565217391305,9.052173913043477,82.19347826086955,54.0,2.0,6146.54,-0.46799999999999997,0.28,0.7000000000000001,0.22600000000000003,-1.9799999999999998,1.524,6.0,9.72,92.29999999999998,7.0,1.0,710.8,-0.47000000000000003,0.96,0.6060000000000001,-0.36,-0.9,0.744,4.2,9.12,73.91999999999999,6.0,0.0,636.6600000000001
Sequence_570,FDITKLNIKKLTKATCKVISKGASMCKVLFDKKKQE,-0.20111111111111113,-0.34722222222222227,0.6383333333333332,0.49416666666666687,-1.025,1.0605555555555557,4.902777777777778,8.830555555555554,83.85000000000002,34.0,2.0,4901.26,-0.20400000000000001,-0.34,0.516,0.188,-1.06,0.29,3.9,9.02,68.67999999999999,4.0,0.0,602.62,-0.262,-0.2,0.712,0.6039999999999999,-2.06,0.8699999999999999,5.4,9.88,91.6,4.0,-1.0,763.7700000000001
Sequence_170,DKLIGSCVWLAVNYTSNCNAECKRRGYKGGHCGSFLNVNCWCET,-0.44477272727272726,0.3772727272727273,0.6588636363636362,0.14772727272727268,-1.643181818181818,1.7234090909090916,5.5227272727272725,9.104545454545455,90.46363636363633,62.0,8.0,6278.909999999998,-0.16799999999999998,-0.38,0.632,0.344,-1.22,0.54,4.6,9.34,79.12,5.0,0.0,639.67,-0.8799999999999999,1.26,0.664,-0.6559999999999999,-2.9,1.9920000000000002,5.9,9.760000000000002,94.79999999999998,11.0,1.0,781.81
seq_55,VLLNKARLSGFNTLRNCYRGNFKKHYHKHT,-0.23766666666666672,0.19333333333333333,0.6756666666666665,0.49133333333333334,-0.8366666666666666,1.2056666666666669,5.45,8.75666666666667,88.38333333333328,27.0,2.0,4096.620000000001,0.06599999999999999,-0.9,0.8240000000000001,1.294,0.19999999999999982,2.4099999999999997,6.2,7.5,107.28,4.0,1.0,767.93,-0.256,0.72,0.6639999999999999,0.22799999999999998,-1.34,0.7979999999999999,5.2,9.900000000000002,83.52000000000001,4.0,-2.0,685.6899999999999
seq_396,VLLNKARLAGFKTLRNCYRSTFKKNYKKNC,-0.22966666666666669,-0.06333333333333341,0.6716666666666665,0.5696666666666667,-0.6733333333333335,1.2153333333333334,5.483333333333333,8.490000000000002,88.44,28.0,6.0,4082.69,0.06599999999999999,-0.9,0.8240000000000001,1.294,0.19999999999999982,2.4099999999999997,6.2,7.5,107.28,4.0,1.0,767.93,-0.624,0.7,0.7040000000000001,0.022000000000000065,-2.12,1.8039999999999998,6.3,9.7,96.62,8.0,2.0,747.8600000000001
seq_240,VLLNKARLAGFKTLRNCYRSNFKKHYHHQY,-0.12533333333333332,-0.05000000000000003,0.6796666666666665,0.6493333333333333,-0.27333333333333343,1.0416666666666665,5.316666666666666,8.383333333333335,87.9033333333333,22.0,1.0,4056.590000000001,0.06599999999999999,-0.9,0.8240000000000001,1.294,0.19999999999999982,2.4099999999999997,6.2,7.5,107.28,4.0,1.0,767.93,0.09000000000000001,0.1,0.716,0.756,0.8400000000000001,0.508,5.3,8.32,90.7,2.0,-2.0,693.7499999999999
seq_357,VLLNKARLAGFKTLRNTYRGTFKKHLKHNC,-0.17633333333333334,-0.07333333333333343,0.6786666666666665,0.6096666666666665,-0.6233333333333334,1.0893333333333333,5.416666666666667,8.543333333333335,87.97999999999999,25.0,2.0,4075.6000000000004,0.06599999999999999,-0.9,0.8240000000000001,1.294,0.19999999999999982,2.4099999999999997,6.2,7.5,107.28,4.0,1.0,767.93,-0.6300000000000001,1.34,0.752,-0.17800000000000002,-2.12,1.768,6.2,9.940000000000001,98.56000000000002,8.0,1.0,753.8499999999999
seq_372,VLLNKARLAGFKTLRNCYKATFKKHYHHQC,-0.16533333333333336,-0.056666666666666705,0.6819999999999999,0.5689999999999998,-0.42333333333333345,1.049333333333333,5.333333333333333,8.490000000000002,88.10666666666664,25.0,1.0,4110.6,0.06599999999999999,-0.9,0.8240000000000001,1.294,0.19999999999999982,2.4099999999999997,6.2,7.5,107.28,4.0,1.0,767.93,-0.37,1.0,0.7000000000000001,0.03599999999999994,-0.9,0.998,5.8,9.24,95.5,6.0,-1.0,750.8
Sequence_98,KWKWKW,-0.19000000000000003,-1.3999999999999997,0.7000000000000001,1.12,-2.25,3.2549999999999994,6.5,8.3,104.05000000000001,6.0,0.0,1009.05,-0.23200000000000004,-1.22,0.7,1.024,-2.44,2.8939999999999997,6.4,8.72,101.62,5.0,0.0,827.86,-0.148,-1.5799999999999998,0.7,1.216,-2.06,3.6159999999999997,6.6,7.880000000000001,106.48000000000002,5.0,0.0,853.8899999999999
seq_41,VLLNKARLAGFNTLRNCYKGNFKKHYHKNC,-0.3003333333333334,0.26333333333333336,0.6926666666666665,0.41366666666666674,-0.9433333333333334,1.415666666666667,5.6,8.830000000000004,90.85999999999997,31.0,5.0,4174.79,0.06599999999999999,-0.9,0.8240000000000001,1.294,0.19999999999999982,2.4099999999999997,6.2,7.5,107.28,4.0,1.0,767.93,-0.6679999999999999,1.4,0.7,-0.258,-2.18,1.768,6.1,10.080000000000002,95.18000000000002,8.0,1.0,739.8299999999999
Sequence_86,RIITCSCRTFCFLGERISGRCYQSVFIYRLCCRG,-0.3126470588235294,0.1823529411764706,0.5426470588235291,0.19558823529411765,-0.8588235294117648,0.7464705882352941,4.794117647058823,8.399999999999999,79.83529411764705,37.0,5.0,4390.840000000001,-0.33799999999999997,0.52,0.308,-0.07600000000000003,-1.52,0.49000000000000005,3.8,9.02,65.3,5.0,1.0,558.5899999999999,-0.71,0.8800000000000001,0.684,-0.26400000000000007,-1.92,1.23,6.4,8.940000000000001,96.69999999999999,10.0,2.0,740.85
seq_257,VLLNKARLAGFNTLRNCYRSNFKKHYHKTC,-0.24433333333333335,0.16999999999999998,0.6703333333333332,0.4763333333333334,-0.6933333333333334,1.2033333333333334,5.416666666666667,8.616666666666669,87.95999999999997,28.0,4.0,4066.63,0.06599999999999999,-0.9,0.8240000000000001,1.294,0.19999999999999982,2.4099999999999997,6.2,7.5,107.28,4.0,1.0,767.93,-0.484,0.72,0.6639999999999999,-0.040000000000000036,-1.54,1.034,5.7,9.540000000000001,88.4,7.0,0.0,712.76
Sequence_628,IFGAIAGLLKNIF,-0.027692307692307697,-0.2846153846153846,0.5430769230769231,0.42538461538461536,0.176923076923077,0.5861538461538461,3.730769230769231,8.253846153846155,71.62307692307692,7.0,1.0,1501.68,-0.015999999999999986,-0.26,0.364,0.166,2.2204460492503132e-17,0.25,2.5,8.42,56.64,2.0,0.0,506.53000000000003,-0.11400000000000002,-0.05999999999999996,0.604,0.47000000000000003,-0.1,1.024,4.4,8.280000000000001,80.72,3.0,1.0,628.74
Sequence_329,KDRPKKPGLCPPRPQKPCVKECKNDWSCPGQQKCCNYGCIDECRDPIFVN,-0.40840000000000004,0.11800000000000001,0.6686,0.4159999999999999,-1.5260000000000002,1.2686000000000004,5.77,8.812,93.082,65.0,9.0,7400.429999999996,-0.25,-0.42000000000000004,0.6599999999999999,0.8559999999999999,-1.9200000000000004,0.58,5.7,9.22,86.16000000000001,4.0,0.0,706.78,-0.054000000000000006,-0.5399999999999998,0.5559999999999999,0.962,-0.15999999999999998,2.12,4.7,7.380000000000001,88.56000000000002,3.0,1.0,695.8600000000001
Sequence_123,GSVFNCGETCVLGTCYTPGCTCNTYRVCTKD,-0.499032258064516,0.2612903225806451,0.6551612903225806,0.13,-1.645161290322581,1.589677419354839,5.82258064516129,8.896774193548387,92.24838709677417,50.0,7.0,4526.049999999999,-0.328,-0.18,0.642,0.44000000000000006,-1.3199999999999998,2.37,5.2,8.38,90.67999999999999,6.0,1.0,722.8199999999999,-0.522,-0.21999999999999997,0.6679999999999999,0.21200000000000002,-2.56,2.1659999999999995,6.1,9.3,96.66,9.0,1.0,784.84
