0,1,2,3,4,5,6,7,8,9,10,11,12,13,14,15,16,17,18,19,20,21,22,23,24,25,26,27,28,29,30,31,32,33
0.2890114165372303,0.0,0.0,0.1066666666666666,0.32,0.5028571428571428,0.2,0.4266666666666666,0.1420118343195266,0.0133136094674556,0.0362426035502958,0.1775147928994083,0.0,0.0,0.0,0.0,0.48,0.0,0.1666666666666666,0.0,0.1666666666666666,0.0,0.1284623442640147,0.0179949877484497,0.0779487179487179,0.0,0.0,0.0,0.2280542986425339,0.1846153846153846,0.12,0.0,0.0,0.0
0.0,0.0,0.0393962375799588,0.3137254901960784,0.0,0.3361344537815126,0.3529411764705882,0.0784313725490196,0.2777777777777778,0.0277777777777777,0.0504115226337448,0.2777777777777778,0.0,0.0,0.0,0.4117647058823529,0.0,0.0,0.0,0.0,0.0,0.0,0.2127156310735423,0.0469163828982217,0.0,0.0,0.0,0.0,0.0,0.0,0.0,0.0,0.0,0.0
0.4101230532590557,0.0756674824962582,0.0942183625466368,0.1159420289855072,0.1739130434782608,0.2236024844720497,0.3043478260869565,0.3188405797101449,0.1195110909913988,0.0040742417383431,0.0073939942658819,0.1140787686736079,0.0,0.0,0.0,0.1521739130434782,0.0,0.0,0.0,0.3111111111111111,0.0,0.0427360959925391,0.1519252460202715,0.0156495966005814,0.1054579093432007,0.0455682324322472,0.0927712435575525,0.0092506938020351,0.1942645698427381,0.0693802035152636,0.0841813135985198,0.0,0.0,0.020814061054579
0.2309212104015159,0.0,0.0397874823454059,0.0,0.1904761904761904,0.2721088435374149,0.238095238095238,0.2539682539682539,0.2479338842975206,0.1301652892561983,0.1181129476584022,0.2603305785123967,0.0,0.0,0.0,0.0,0.0,0.0,0.0,0.0,0.0,0.3284660928053444,0.218940909902082,0.0348153118259752,0.0,0.0609267275933942,0.0,0.0,0.320855614973262,0.0,0.0,0.0,0.0,0.0
0.0,0.0,0.0,0.4444444444444444,0.0,0.0,0.5,0.0,0.6122448979591837,0.0,0.4999999999999999,0.7346938775510203,0.0,0.0,0.0,0.0,0.0,1.0,0.0,0.0,0.0,0.0,0.3398616959116136,0.1875610853410695,0.0,0.0,0.0,0.0,0.0,0.0,0.0,0.0,0.0,0.0
0.0,0.0,0.0,0.7999999999999999,0.0,0.0,0.5,0.0,0.5454545454545454,0.0,0.0674931129476584,0.5454545454545454,0.0,0.0,0.0,0.0,0.0,0.6000000000000001,0.0,0.0,0.0,0.0,0.4475509026734438,0.1952935703347612,0.0,0.0,0.0,0.0,0.0,0.0,0.0,0.0,0.0,0.0
0.0,0.0381329241703171,0.0,0.7272727272727272,0.3636363636363636,0.0,0.7272727272727273,0.0,0.5,0.0,0.1134259259259259,0.5,0.0,0.0,0.0,0.0,0.0,0.0,0.0,0.0,0.0,0.3587520135601815,0.159418773096148,0.0868080798289687,0.0,0.0,0.0,0.303030303030303,0.0,0.0,0.0,0.0,0.0,0.0
0.6369471146268019,0.1762745995283851,0.2194906395484993,0.1185185185185185,0.3555555555555555,0.2539682539682539,0.2888888888888888,0.237037037037037,0.1190926275992438,0.0127599243856332,0.0038594833018273,0.1247637051039697,0.0,0.0666666666666666,0.0,0.0,0.2666666666666666,0.0,0.0909090909090909,0.0,0.1818181818181818,0.0,0.2512512065435269,0.0245887386017773,0.0979066022544283,0.0611916264090177,0.0107660455486542,0.0,0.5132139812446718,0.1014492753623188,0.0376811594202898,0.0507246376811594,0.0359299516908212,0.0869565217391304
0.1040874044809307,0.0,0.0,0.5925925925925926,0.0,0.0,0.6666666666666666,0.0,0.6000000000000001,0.09,0.1633333333333333,0.6000000000000001,0.0,0.0,0.0,0.0,0.0,0.0,0.0,0.0,0.0,0.2436283273512274,0.0,0.0,0.0,0.0,0.0,0.0,0.0,1.0,0.0,0.0,0.0,0.0
0.3931936677240075,0.0,0.0451645710260307,0.074074074074074,0.3333333333333333,0.1904761904761904,0.2777777777777778,0.2592592592592592,0.1490138787436085,0.0065741417092768,0.029827124421719,0.1621621621621621,0.0,0.0,0.0,0.0,0.0,0.0,0.1142857142857142,0.0,0.0571428571428571,0.0,0.1703118004564103,0.0245969427770131,0.038038038038038,0.0211322433544655,0.0334620334620334,0.0,0.0370959194488606,0.045045045045045,0.0975975975975975,0.0,0.0,0.0
0.0,0.0,0.0305652030612777,0.3137254901960784,0.2352941176470588,0.2016806722689075,0.3529411764705882,0.1568627450980392,0.3333333333333333,0.0555555555555555,0.1260288065843621,0.3333333333333333,0.0,0.0,0.0,0.0,0.0,0.0,0.0,0.4375,0.0,0.3839502770680676,0.0,0.0,0.0,0.1839748244977003,0.0,0.0,0.0,0.0,0.0,0.0,0.0,0.0
0.0,0.0,0.0,0.3333333333333333,0.0,0.4285714285714285,0.125,0.0,0.6666666666666666,0.1111111111111111,0.2016460905349794,0.6666666666666666,0.0,0.0,0.0,0.0,0.0,0.375,0.0,0.0,0.0,0.2712784393176132,0.1205481065716637,0.0487115021998742,0.0,0.0,0.0,0.2777777777777778,0.0,0.0,0.0,0.0,0.0,0.0
0.0,0.0,0.0,0.2222222222222222,0.3333333333333333,0.4761904761904761,0.0833333333333333,0.5555555555555556,0.3550295857988166,0.1597633136094674,0.0483234714003944,0.4615384615384615,0.0,0.0,0.0,0.0,0.0,0.0,0.3636363636363636,0.6363636363636364,0.0,0.0,0.1042742120056149,0.0175139720645626,0.0,0.0,0.0,0.0,0.0,0.0,0.0,0.0,0.0,0.0
0.3191116261023989,0.0883138847861972,0.0,0.1111111111111111,0.1666666666666666,0.4285714285714285,0.25,0.3888888888888889,0.1728,0.0144,0.0261333333333333,0.2016,0.0,0.0,0.0,0.0,0.5,0.0,0.1739130434782608,0.0,0.1739130434782608,0.0,0.0698827970851525,0.0097461408426179,0.0,0.0,0.0,0.0,0.1235294117647058,0.0,0.0,0.0,0.0,0.0
0.4179142454673995,0.0771049532635439,0.0,0.2222222222222222,0.2222222222222222,0.5396825396825397,0.3055555555555556,0.5185185185185185,0.1577794010226443,0.0262965668371073,0.029827124421719,0.1577794010226443,0.0,0.0,0.0,0.0,0.0,0.0,0.1142857142857142,0.0,0.1142857142857142,0.0,0.1458237646162979,0.0156694002793015,0.0950950950950951,0.0950950950950951,0.0,0.0,0.1483836777954424,0.09009009009009,0.039039039039039,0.0,0.0,0.0337837837837837
0.1170773015225937,0.0,0.0,0.1666666666666666,0.25,0.2857142857142857,0.375,0.1666666666666666,0.3114186851211072,0.0311418685121107,0.0565167243367935,0.2906574394463668,0.0,0.0,0.0,0.4375,0.0,0.0,0.2666666666666666,0.0,0.0,0.0,0.22946974325391,0.0546644511512767,0.0,0.0,0.0,0.0,0.0,0.0,0.0955882352941176,0.0,0.0,0.0
0.0,0.0,0.0,0.0,0.0,0.0,0.2857142857142857,0.0,0.75,0.0,0.2552083333333333,0.75,0.0,0.0,0.0,0.0,0.0,0.0,0.0,0.0,0.0,0.3937905230322551,0.0,0.0,0.0,0.0,0.0,0.7142857142857142,0.0,0.0,0.0,0.0,0.0,0.0
0.279190273930803,0.0772656828160809,0.0,0.2318840579710144,0.1739130434782608,0.3478260869565217,0.2608695652173913,0.289855072463768,0.25,0.015625,0.0283564814814814,0.2395833333333333,0.0,0.0,0.0,0.0,0.0,0.0,0.1818181818181818,0.0,0.0,0.0,0.223426475542521,0.0362447555277749,0.0,0.0,0.0,0.0,0.0,0.1630434782608695,0.2355072463768116,0.0,0.0,0.0
0.1099547857103602,0.0,0.0378901884988139,0.2962962962962963,0.2666666666666666,0.2285714285714285,0.4222222222222222,0.1481481481481481,0.1275992438563327,0.0042533081285444,0.0077189666036546,0.1219281663516068,0.0,0.0666666666666666,0.1037037037037037,0.0,0.0,0.0,0.2727272727272727,0.0,0.0,0.035185544790219,0.2814374583133475,0.0453982201194097,0.0,0.0067990696010019,0.0215320910973084,0.0144927536231884,0.1909633418584825,0.0144927536231884,0.0125603864734299,0.0,0.0,0.0
0.1244014328600119,0.0688559921368176,0.0,0.3703703703703703,0.2222222222222222,0.3174603174603174,0.3611111111111111,0.2592592592592592,0.1577794010226443,0.0065741417092768,0.0119308497686876,0.1402483564645726,0.0,0.0,0.0,0.0,0.0,0.0,0.2285714285714285,0.1999999999999999,0.1142857142857142,0.0,0.2530821732786952,0.0418607791506312,0.0,0.0,0.0,0.0,0.2040275569687334,0.0,0.0,0.0,0.0,0.0
0.1144215843013246,0.12666432416096,0.0394294379230609,0.2424242424242424,0.1212121212121212,0.2424242424242424,0.4242424242424242,0.0808080808080808,0.1660899653979238,0.0077854671280276,0.0423875432525951,0.1193771626297577,0.0,0.0,0.0,0.0,0.0,0.0,0.125,0.21875,0.0,0.1049029497677013,0.3263103547802072,0.0659789667193297,0.0,0.0,0.0595874713521772,0.0089126559714795,0.0,0.1336898395721925,0.0463458110516934,0.0,0.0,0.1203208556149732
0.0,0.0,0.0,1.0,0.0,0.0,0.625,0.0,0.6666666666666666,0.0,0.1008230452674897,0.6666666666666666,0.0,0.0,0.0,0.0,0.0,0.75,0.0,0.0,0.0,0.0,0.4000193280847373,0.1923203111484934,0.0,0.0,0.0,0.0,0.0,0.0,0.0,0.0,0.0,0.0
0.1059160943656771,0.0,0.0,0.1666666666666666,0.25,0.2857142857142857,0.375,0.1666666666666666,0.3114186851211072,0.0311418685121107,0.0565167243367935,0.2906574394463668,0.0,0.0,0.0,0.0,0.0,0.0,0.2666666666666666,0.0,0.0,0.0849091145590424,0.1509243862728827,0.0372420548742734,0.0,0.0,0.0,0.0,0.0,0.0,0.0,0.0,0.0,0.0
0.2636743396464157,0.0,0.0454308121604643,0.1632653061224489,0.0,0.466472303206997,0.1428571428571428,0.2176870748299319,0.1176,0.0144,0.0032666666666666,0.1176,0.0,0.0,0.0,0.0,0.0,0.0,0.0,0.1458333333333333,0.0,0.0943291630071415,0.1676683487800123,0.0188024188868664,0.0620408163265306,0.0861678004535147,0.0,0.0040816326530612,0.0302521008403361,0.1959183673469388,0.0636734693877551,0.0,0.0,0.0
0.1208297761971586,0.0,0.0832753748152403,0.1999999999999999,0.4,0.3428571428571428,0.225,0.3999999999999999,0.1356335514574658,0.0107079119571683,0.0048582193139004,0.1463414634146341,0.0,0.0,0.0,0.0,0.0,0.0,0.2051282051282051,0.1794871794871795,0.0,0.1380145022645805,0.2044318618326403,0.0212898703008422,0.0617886178861788,0.068654019873532,0.013588850174216,0.0,0.3012912482065997,0.0182926829268292,0.0158536585365853,0.0,0.0,0.0
0.0,0.0,0.0354514164011031,0.2424242424242424,0.0,0.3463203463203463,0.3939393939393939,0.202020202020202,0.1660899653979238,0.0077854671280276,0.0211937716262975,0.1660899653979238,0.0,0.0909090909090909,0.0,0.0,0.0,0.0,0.0,0.0,0.0,0.0451865442329198,0.3212729983848178,0.0691727484259659,0.0,0.0,0.1191749427043544,0.0,0.0,0.0,0.0,0.0,0.0,0.0
0.1025260753475922,0.0,0.0,0.2352941176470588,0.1176470588235294,0.2352941176470588,0.3235294117647059,0.3137254901960784,0.1714285714285714,0.0220408163265306,0.0066666666666666,0.1714285714285714,0.0,0.0,0.1372549019607843,0.2058823529411764,0.0,0.0,0.0,0.2121212121212121,0.0,0.3213644484097549,0.0816027691962992,0.0108518135049876,0.0,0.1419234360410831,0.0,0.0,0.1038062283737024,0.0,0.0655462184873949,0.0,0.0,0.0
0.0,0.068396544218334,0.0425824289873707,0.4102564102564102,0.3076923076923077,0.2637362637362637,0.4615384615384615,0.0512820512820512,0.2139917695473251,0.0123456790123456,0.0224051211705532,0.2139917695473251,0.0,0.0,0.0,0.0,0.0,0.0,0.16,0.0,0.0,0.0,0.2649151028896546,0.0359337285746257,0.0360873694207027,0.020048538567057,0.0,0.0,0.2463549522373051,0.0,0.0,0.0,0.0,0.0641025641025641
0.1799750388823817,0.0,0.0,0.0,0.0,0.4571428571428571,0.12,0.48,0.1420118343195266,0.0133136094674556,0.0241617357001972,0.0,0.0,0.0,0.0,0.28,0.48,0.0,0.0,0.0,0.0,0.0,0.0,0.0,0.0,0.0,0.0,0.0,0.0,0.0461538461538461,0.24,0.0,0.0,0.0
0.0,0.0,0.0,0.2424242424242424,0.0,0.1038961038961038,0.4545454545454545,0.1212121212121212,0.5,0.1875,0.1134259259259259,0.5,0.0,0.0,0.0,0.0,0.0,0.0,0.0,0.0,0.0,0.4091582095681331,0.0,0.0,0.0,0.0,0.0,0.303030303030303,0.0,0.0,0.0,0.0,0.0,0.0
0.3517780063860352,0.1298057055279479,0.0808146420403173,0.2601626016260162,0.3902439024390244,0.1114982578397212,0.3658536585365853,0.2276422764227642,0.1428571428571428,0.010204081632653,0.0092592592592592,0.1428571428571428,0.0,0.073170731707317,0.1138211382113821,0.0,0.0,0.0,0.2,0.175,0.1,0.1237203436909382,0.2565624025680743,0.0293321452133547,0.0,0.0408654880199595,0.0,0.0116144018583042,0.2582496413199426,0.0,0.1509872241579558,0.0,0.0,0.0261324041811846
0.1467047286486555,0.0812008303283206,0.0,0.074074074074074,0.1111111111111111,0.2857142857142857,0.2222222222222222,0.3333333333333333,0.1621621621621621,0.0131482834185536,0.0178962746530314,0.1095690284879473,0.0,0.0,0.0,0.1944444444444444,0.0,0.0,0.0,0.1999999999999999,0.0,0.0564646142288217,0.1003648111616358,0.0168246499909196,0.038038038038038,0.0105661216772327,0.0836550836550836,0.0075075075075075,0.0370959194488606,0.0,0.0,0.0,0.1116741741741741,0.0
0.2618306355845647,0.0724614169246596,0.0902262877688337,0.1367521367521367,0.2051282051282051,0.1758241758241758,0.3333333333333333,0.3076923076923077,0.1387499999999999,0.03375,0.0051041666666666,0.1312499999999999,0.0,0.0,0.0,0.1794871794871795,0.0,0.0,0.0,0.3684210526315789,0.0,0.0470708489923181,0.1673351331574472,0.0176847948613164,0.1461538461538461,0.0631528964862298,0.1285714285714286,0.0064102564102564,0.2692307692307691,0.0576923076923076,0.05,0.0,0.0,0.0288461538461538
0.3205849627784251,0.1182955060284188,0.1104729056683091,0.1159420289855072,0.3478260869565217,0.1987577639751552,0.2391304347826087,0.3188405797101449,0.1167949298325033,0.0040742417383431,0.0110909913988229,0.1276595744680851,0.0,0.0,0.0,0.0,0.0,0.0,0.1777777777777777,0.3111111111111111,0.0,0.1784014535112498,0.2219737070024096,0.0279429769126229,0.0,0.006509747490321,0.0309237478525175,0.0046253469010175,0.1485552592915056,0.0,0.0120259019426457,0.0,0.0,0.020814061054579
0.304124087007405,0.0561107302977858,0.0,0.5,0.25,0.2142857142857142,0.375,0.25,0.3529411764705882,0.0311418685121107,0.0565167243367935,0.3321799307958477,0.0,0.0,0.0,0.0,0.0,0.0,0.2666666666666666,0.0,0.1333333333333333,0.1700397519327489,0.0,0.0,0.0,0.0517429193899782,0.0,0.1838235294117647,0.0,0.0,0.0,0.0,0.0,0.0
0.1295446242170103,0.0,0.0,0.2962962962962963,0.2962962962962963,0.2116402116402116,0.4444444444444444,0.1975308641975308,0.183673469387755,0.0114795918367346,0.0208333333333333,0.183673469387755,0.0,0.0,0.0,0.0,0.0,0.0,0.3076923076923077,0.0,0.0,0.0,0.2724795231093471,0.0375570928387104,0.0,0.0186165000979815,0.0,0.0,0.2941176470588235,0.0793650793650793,0.1375661375661375,0.0,0.0,0.0
0.3699041838158908,0.0,0.0637341028893634,0.1616161616161616,0.2424242424242424,0.5194805194805194,0.1818181818181818,0.6868686868686869,0.1764705882352941,0.0155709342560553,0.0070645905420991,0.1764705882352941,0.0,0.0,0.0,0.0,0.0,0.0,0.125,0.0,0.25,0.0,0.1983469927715686,0.0173845898336816,0.0677361853832442,0.0627186901696705,0.0,0.0,0.1100975149418056,0.0267379679144385,0.0231729055258467,0.0155971479500891,0.0,0.0
0.1148403780835263,0.0635639637624323,0.0,0.2962962962962963,0.2962962962962963,0.2116402116402116,0.4444444444444444,0.1975308641975308,0.183673469387755,0.0114795918367346,0.0208333333333333,0.183673469387755,0.0,0.0,0.0,0.0,0.0,0.0,0.3076923076923077,0.0,0.0,0.0559829117603844,0.1990171878033126,0.0296124842706639,0.0,0.0186165000979815,0.0,0.0132275132275132,0.261437908496732,0.119047619047619,0.1375661375661375,0.0,0.0983796296296296,0.1785714285714285
0.1097967135942884,0.0,0.0378357171792104,0.3232323232323232,0.0,0.2424242424242424,0.4242424242424242,0.0808080808080808,0.1660899653979238,0.0077854671280276,0.0211937716262975,0.1660899653979238,0.0,0.0,0.0,0.0,0.0,0.0,0.0,0.21875,0.0,0.0477383119455343,0.2969888938690584,0.0631081372808916,0.0,0.0,0.0993124522536287,0.0,0.0,0.160427807486631,0.0463458110516934,0.0,0.0,0.0
0.2587061130162303,0.0,0.0,0.1666666666666666,0.125,0.3928571428571428,0.34375,0.3333333333333333,0.1707988980716253,0.0082644628099173,0.0224977043158861,0.1707988980716253,0.0,0.0,0.0,0.0,0.375,0.0,0.0,0.0,0.0,0.0,0.2491186809245531,0.0334180532118231,0.0,0.0,0.0,0.0,0.1871657754010695,0.0,0.0246212121212121,0.0,0.0,0.0
0.0,0.0,0.0,0.1333333333333333,0.0,0.4571428571428571,0.2,0.2666666666666666,0.1496598639455782,0.0204081632653061,0.037037037037037,0.1496598639455782,0.0,0.0,0.0,0.0,0.0,0.0,0.0,0.0,0.0,0.0,0.1667597058801033,0.0209034925171461,0.0,0.0670194003527337,0.0,0.0,0.2352941176470588,0.0,0.0,0.0,0.0,0.0
0.1133507792812697,0.0,0.0,0.2962962962962963,0.4444444444444444,0.5079365079365079,0.2777777777777778,0.074074074074074,0.2493074792243767,0.0249307479224376,0.0452446906740535,0.2326869806094182,0.0,0.0,0.0,0.0,0.0,0.0,0.4705882352941176,0.0,0.0,0.0840904734910332,0.0747346334309331,0.0144909557378611,0.0,0.0,0.0,0.0584795321637426,0.0,0.087719298245614,0.0760233918128654,0.0,0.0,0.0
0.0,0.0,0.0,0.2133333333333333,0.32,0.4571428571428571,0.28,0.1599999999999999,0.1952662721893491,0.0133136094674556,0.060404339250493,0.2130177514792899,0.0,0.0,0.0,0.0,0.0,0.0,0.1666666666666666,0.0,0.0,0.0566866887918949,0.2518988615117859,0.0517526556945899,0.0,0.0,0.0,0.0,0.0,0.0,0.0,0.0,0.0,0.0
0.2172972568726187,0.0,0.0,0.3555555555555555,0.1777777777777777,0.2793650793650793,0.4666666666666667,0.1481481481481481,0.1275992438563327,0.0042533081285444,0.0077189666036546,0.1219281663516068,0.0,0.0,0.0,0.0,0.0,0.0,0.1818181818181818,0.0,0.0,0.0350535753802079,0.2180747947309324,0.0334969192571069,0.0,0.0067990696010019,0.0645962732919254,0.0241545893719806,0.1432225063938619,0.0144927536231884,0.0125603864734299,0.0,0.0,0.0
0.0,0.0,0.0518758466224542,0.1403508771929824,0.0,0.3609022556390977,0.1578947368421052,0.4210526315789473,0.3,0.0225,0.0408333333333333,0.3,0.0,0.0,0.0,0.0,0.0,0.0,0.0,0.0,0.2222222222222222,0.0,0.1615207180332156,0.0443606643092037,0.0,0.0,0.1172932330827067,0.0,0.0,0.0,0.0,0.0,0.0,0.0
0.0994755576479457,0.0,0.0,0.3333333333333333,0.25,0.2857142857142857,0.4375,0.0833333333333333,0.3114186851211072,0.1868512110726644,0.0282583621683967,0.3114186851211072,0.0,0.0,0.0,0.0,0.0,0.0,0.2666666666666666,0.0,0.0,0.0,0.27255420461784,0.0612166621728877,0.0,0.0,0.0,0.0,0.0,0.2205882352941176,0.1911764705882352,0.0,0.0,0.0
0.0,0.0,0.0,0.5333333333333333,0.0,0.0,0.5,0.0,0.4462809917355372,0.0,0.2024793388429751,0.4462809917355372,0.0,0.0,0.0,0.0,0.0,0.3,0.0,0.0,0.0,0.0,0.3929078295866934,0.1826815199283779,0.0,0.0,0.0,0.0,0.0,0.0,0.0,0.0,0.0,0.0
0.3366714047384624,0.0621156928941199,0.0,0.0579710144927536,0.3478260869565217,0.248447204968944,0.3478260869565217,0.2028985507246377,0.1249434133091896,0.0122227252150294,0.0073939942658819,0.1249434133091896,0.0,0.0,0.0,0.1521739130434782,0.0,0.0,0.0888888888888888,0.1555555555555555,0.0444444444444444,0.2217257077833131,0.0656855598716822,0.0076152755246367,0.0468701819303114,0.1367046972967417,0.0103079159508391,0.0,0.091418621102465,0.0138760407030527,0.0481036077705828,0.0,0.0344010175763182,0.0416281221091581
0.1231612124557916,0.1363390642929305,0.042441095451589,0.1066666666666666,0.16,0.4114285714285713,0.32,0.2666666666666666,0.2130177514792899,0.0133136094674556,0.0241617357001972,0.2041420118343195,0.0,0.0,0.0,0.0,0.48,0.0,0.0,0.0,0.0833333333333333,0.0686725064339406,0.1830961718513054,0.0289238255527285,0.0,0.0,0.0,0.0461538461538461,0.2280542986425339,0.0,0.0,0.0,0.0,0.2076923076923077
0.6235632093371526,0.0,0.0,0.0620155038759689,0.0930232558139534,0.1860465116279069,0.3488372093023256,0.2170542635658914,0.1332644628099173,0.0046487603305785,0.0126549586776859,0.1270661157024793,0.0,0.0,0.0,0.0,0.0,0.0,0.0952380952380952,0.0,0.1428571428571428,0.0945848723266605,0.1260921505370942,0.0120671026726785,0.040169133192389,0.1041421971654529,0.0117789187556629,0.0105708245243128,0.1566969282427558,0.047568710359408,0.0412262156448203,0.0,0.0,0.0
0.6073184649895457,0.0,0.0,0.0620155038759689,0.0930232558139534,0.2126245847176079,0.3488372093023256,0.2170542635658914,0.1363636363636363,0.0046487603305785,0.0126549586776859,0.1363636363636363,0.0,0.0,0.0,0.0,0.0,0.0,0.0952380952380952,0.0,0.1428571428571428,0.1401277094919398,0.1245372105499337,0.0122553553824983,0.0937279774489076,0.1041421971654529,0.0117789187556629,0.0158562367864693,0.1566969282427558,0.095137420718816,0.0,0.0,0.0,0.0
0.1257030721575952,0.0695764473854338,0.0,0.0761904761904761,0.1142857142857142,0.1632653061224489,0.4,0.2666666666666666,0.1666666666666666,0.0138888888888888,0.0189043209876543,0.1574074074074073,0.0,0.0,0.0,0.0,0.0,0.0,0.0,0.0,0.0,0.0,0.4162929903060108,0.0644900604494301,0.0201058201058201,0.0111699000587889,0.0,0.0,0.196078431372549,0.0476190476190476,0.0412698412698412,0.0,0.0,0.0
0.0843061835760166,0.0,0.0,0.1904761904761904,0.2857142857142857,0.2448979591836734,0.4285714285714285,0.1904761904761904,0.4,0.04,0.0725925925925925,0.4,0.5714285714285714,0.0,0.0,0.0,0.0,0.0,0.0,0.0,0.0,0.2358126818697403,0.0,0.0,0.1206349206349206,0.0,0.0,0.1904761904761905,0.0,0.0,0.0,0.0,0.0,0.0
0.0,0.0,0.0,0.2962962962962963,0.0,0.0,0.5555555555555556,0.0,0.54,0.0,0.2449999999999999,0.54,0.0,0.0,0.0,0.0,0.0,0.0,0.0,0.0,0.0,0.5176603522653487,0.0,0.0,0.0,0.0,0.0,1.0,0.0,0.0,0.0,0.0,0.0,0.0
0.1183808345158247,0.0,0.0,0.3703703703703703,0.1111111111111111,0.4761904761904761,0.3611111111111111,0.2592592592592592,0.1577794010226443,0.0065741417092768,0.0119308497686876,0.1533966398831263,0.0,0.0,0.0,0.1944444444444444,0.0,0.0,0.1142857142857142,0.1999999999999999,0.0,0.0,0.2748973461002371,0.0408953190008843,0.0,0.0,0.0,0.0,0.2225755166931637,0.0,0.039039039039039,0.0,0.0,0.0
0.2147666973903841,0.0594365100416624,0.0,0.3478260869565217,0.3478260869565217,0.1987577639751552,0.3478260869565217,0.1739130434782608,0.25,0.015625,0.0850694444444444,0.15625,0.0,0.0,0.0,0.0,0.0,0.0,0.3636363636363636,0.0,0.0,0.0,0.2962481802340996,0.0552763543392623,0.0,0.0,0.0,0.0,0.0,0.0543478260869565,0.0,0.0,0.0,0.0
0.0,0.0,0.0,0.2424242424242424,0.0,0.0,0.5454545454545454,0.0,0.5,0.0,0.2835648148148148,0.5,0.0,0.0,0.0,0.0,0.0,0.0,0.0,0.0,0.0,0.5094255223538483,0.0905494477386578,0.0483671583394342,0.0,0.0,0.0,0.4545454545454546,0.0,0.0,0.0,0.0,0.0,0.0
0.1189109437311029,0.0,0.0819529235300727,0.0761904761904761,0.1142857142857142,0.4571428571428571,0.2571428571428571,0.419047619047619,0.162037037037037,0.0208333333333333,0.0063014403292181,0.1574074074074073,0.0,0.0,0.0,0.0,0.0,0.0,0.0,0.2058823529411764,0.1176470588235294,0.0505335528533417,0.1347336883122638,0.0133677053266822,0.1206349206349206,0.1452087007642563,0.0,0.0079365079365079,0.1568627450980391,0.0238095238095238,0.0,0.0138888888888888,0.0,0.0
0.1266096538199846,0.0,0.0,0.3333333333333333,0.25,0.4285714285714285,0.34375,0.375,0.1763085399449036,0.0082644628099173,0.014998469543924,0.1542699724517906,0.0,0.0,0.0,0.0,0.0,0.0,0.2580645161290322,0.0,0.0,0.0,0.2744310989831906,0.0400663464231092,0.0,0.0133277216610549,0.0,0.0,0.2573529411764705,0.0284090909090909,0.0492424242424242,0.0,0.0,0.0
0.0,0.0,0.0,0.3809523809523809,0.0,0.3265306122448979,0.4285714285714285,0.1904761904761904,0.3466666666666667,0.1999999999999999,0.1451851851851851,0.3466666666666667,0.0,0.0,0.0,0.0,0.0,0.0,0.0,0.0,0.0,0.0,0.3121260100265916,0.0832775824703788,0.0,0.0,0.1061224489795918,0.0,0.0,0.0,0.0,0.0,0.0,0.0
0.1261776872815448,0.0,0.0,0.4166666666666666,0.125,0.2857142857142857,0.34375,0.125,0.1707988980716253,0.0082644628099173,0.014998469543924,0.1267217630853994,0.0,0.0,0.0,0.0,0.0,0.0,0.1290322580645161,0.0,0.0,0.0,0.2391914002056111,0.0467077957976891,0.0,0.0,0.0422077922077922,0.0,0.0,0.3125,0.0492424242424242,0.0,0.0,0.0
0.3053322066205687,0.0563336277159046,0.0,0.1777777777777777,0.5333333333333333,0.1142857142857142,0.5,0.0444444444444444,0.1873048907388137,0.0093652445369406,0.0169961845300034,0.1873048907388137,0.0,0.0,0.0,0.0,0.0,0.0,0.2758620689655172,0.0,0.0,0.1540611554503146,0.1369204322503074,0.0197983483363,0.0272401433691756,0.0302668259657507,0.0239631336405529,0.0967741935483871,0.159392789373814,0.1612903225806451,0.1397849462365591,0.0,0.0799731182795698,0.0967741935483871
0.086018493378202,0.0,0.0,0.4705882352941176,0.2352941176470588,0.2016806722689075,0.2941176470588235,0.3137254901960784,0.2962962962962963,0.1944444444444444,0.0504115226337448,0.3148148148148147,0.0,0.0,0.2745098039215686,0.0,0.0,0.0,0.0,0.0,0.0,0.2025732853184401,0.240046854182403,0.0936118071666458,0.0,0.0,0.0,0.0326797385620915,0.0,0.0,0.0849673202614379,0.0,0.0,0.0
0.0805925581065524,0.0,0.0277720264609743,0.3809523809523809,0.5714285714285714,0.0,0.4285714285714285,0.1904761904761904,0.65625,0.140625,0.2552083333333333,0.75,0.0,0.0,0.0,0.0,0.0,0.0,0.0,0.0,0.0,0.2336269912696621,0.1038169178222776,0.0466572888989227,0.0,0.0,0.0,0.0,0.0,0.0,0.0,0.0,0.0,0.0
0.174443074548889,0.193107919954218,0.0601127175526592,0.0,0.1290322580645161,0.368663594470046,0.2258064516129032,0.4301075268817204,0.1875,0.0263671875,0.0319010416666666,0.1875,0.0,0.0,0.0,0.0,0.0,0.0,0.0,0.0,0.2666666666666666,0.0,0.2085164740057325,0.0178253907874134,0.0510752688172043,0.0425627240143369,0.0224654377880184,0.0,0.1245256166982922,0.0,0.0,0.0,0.0,0.1360887096774193
0.1055539176978781,0.1168478458796218,0.0,0.4444444444444444,0.3333333333333333,0.2222222222222222,0.4722222222222222,0.1481481481481481,0.1621621621621621,0.0065741417092768,0.0536888239590942,0.1533966398831263,0.0,0.1666666666666666,0.0,0.0,0.0,0.0,0.1142857142857142,0.1999999999999999,0.0,0.0419760326116613,0.335752309612899,0.0671192481607901,0.0,0.0,0.0,0.015015015015015,0.0,0.0,0.0,0.0,0.1116741741741741,0.0337837837837837
0.0,0.0,0.0359635365264802,0.2352941176470588,0.0,0.3361344537815126,0.3529411764705882,0.2352941176470588,0.156734693877551,0.0073469387755102,0.0199999999999999,0.156734693877551,0.0,0.0,0.0,0.0,0.0,0.0,0.0,0.0,0.0,0.0442293397798857,0.3144673452879937,0.0660711925296925,0.0,0.0,0.0749099639855942,0.0,0.0,0.0,0.0,0.0,0.0,0.0
0.1694146173333293,0.0,0.0,0.1333333333333333,0.2,0.4571428571428571,0.1,0.2666666666666666,0.1632653061224489,0.0204081632653061,0.037037037037037,0.1496598639455782,0.0,0.0,0.0,0.0,0.0,0.0,0.2105263157894736,0.0,0.0,0.0,0.0929332923573305,0.0098240926731283,0.0,0.0670194003527337,0.0,0.0,0.1176470588235294,0.0,0.1238095238095238,0.0,0.0,0.0
0.3329413715066563,0.0921412556569222,0.0,0.0,0.0,0.4081632653061224,0.1666666666666666,0.1904761904761904,0.1362898864250946,0.0243374797187669,0.0088336037497746,0.1395348837209302,0.0,0.0,0.0,0.0,0.0,0.0,0.0,0.0,0.0,0.0,0.0607636553507522,0.0056829919895196,0.0701365817644887,0.1168943029408145,0.0,0.0,0.027359781121751,0.1328903654485049,0.0575858250276854,0.0,0.0,0.0
0.0,0.0,0.1304413121523168,0.3809523809523809,0.0,0.6122448979591836,0.2857142857142857,0.3809523809523809,0.178359096313912,0.0107015457788347,0.0194213238208481,0.178359096313912,0.0,0.0,0.0,0.0,0.0,0.0,0.0,0.0,0.0,0.0,0.3282857979388472,0.0693858576815137,0.0,0.0,0.0,0.0,0.0,0.0,0.0,0.0,0.0,0.0
0.2494140048035003,0.3451256219228482,0.0429737714242949,0.1403508771929824,0.4210526315789473,0.2406015037593984,0.2105263157894736,0.2105263157894736,0.1538461538461538,0.0118343195266272,0.0214770984001753,0.1538461538461538,0.0,0.0789473684210526,0.0,0.0,0.0,0.0,0.1081081081081081,0.0,0.0,0.0889314651644775,0.3161480806860599,0.0796632596456417,0.0,0.0,0.0451127819548872,0.0067476383265856,0.0,0.0404858299595141,0.1228070175438596,0.0118083670715249,0.0,0.1518218623481781
0.0,0.0,0.0,0.2666666666666666,0.0,0.5142857142857142,0.1,0.3333333333333333,0.2857142857142857,0.0204081632653061,0.037037037037037,0.2857142857142857,0.0,0.0,0.2333333333333333,0.0,0.0,0.0,0.0,0.0,0.0,0.0869746046164941,0.0772978783917437,0.0106198514801912,0.0,0.0670194003527337,0.0,0.0476190476190476,0.0588235294117647,0.0,0.0,0.0,0.0,0.0
0.7402825300573405,0.0,0.08503326897821,0.0579710144927536,0.5217391304347826,0.2236024844720497,0.3478260869565217,0.3768115942028985,0.1249434133091896,0.0081484834766862,0.0110909913988229,0.1249434133091896,0.0,0.0,0.0,0.0,0.0,0.0,0.0888888888888888,0.0,0.0888888888888888,0.1825427829753394,0.0973399297549139,0.0114539777940624,0.0,0.0520779799225682,0.0,0.0231267345050878,0.2285465527561625,0.0,0.1322849213691027,0.032377428307123,0.0,0.0
0.1101834994637627,0.0,0.0,0.4102564102564102,0.0,0.2637362637362637,0.4615384615384615,0.2051282051282051,0.2755102040816327,0.3214285714285714,0.0416666666666666,0.2755102040816327,0.0,0.0,0.0,0.0,0.0,0.2307692307692307,0.0,0.0,0.0,0.0,0.2566430806464298,0.0575308829967451,0.0,0.0,0.0,0.0,0.0,0.1648351648351648,0.7142857142857143,0.0,0.0,0.0
0.1016153644276616,0.0562439400668673,0.0350164414187657,0.0,0.2666666666666666,0.2666666666666666,0.2,0.3111111111111111,0.1560874089490114,0.028095733610822,0.0254942767950052,0.1810613943808532,0.0,0.0,0.0,0.0,0.0,0.0,0.0,0.0,0.0689655172413793,0.3764506243071553,0.0,0.0,0.0,0.045400238948626,0.0,0.064516129032258,0.0,0.0,0.0,0.0,0.0,0.0
0.0,0.0695419542524769,0.0,0.3333333333333333,0.0,0.3214285714285714,0.40625,0.2916666666666666,0.1763085399449036,0.0082644628099173,0.014998469543924,0.1542699724517906,0.0,0.0,0.0,0.0,0.0,0.0,0.0,0.0,0.0,0.0,0.2338866147102988,0.0348941313785692,0.0,0.0133277216610549,0.0,0.0,0.2105614973262031,0.0,0.0,0.0,0.0,0.0
0.0993502329025147,0.0,0.0,0.3809523809523809,0.0,0.2448979591836734,0.5,0.1904761904761904,0.4,0.2799999999999999,0.0362962962962962,0.4,0.0,0.0,0.0,0.0,0.0,0.0,0.0,0.0,0.0,0.0,0.2948073541169742,0.0756452369779446,0.0,0.0,0.1061224489795918,0.0,0.0,0.1428571428571428,0.1238095238095238,0.0,0.0,0.0
0.0,0.1390565482300353,0.0,0.2962962962962963,0.3333333333333333,0.3492063492063492,0.3333333333333333,0.2962962962962963,0.1577794010226443,0.0065741417092768,0.0119308497686876,0.1533966398831263,0.0,0.0,0.0,0.0,0.0,0.0,0.2285714285714285,0.1999999999999999,0.0,0.0,0.2567680258439178,0.0407983518680684,0.0,0.0,0.0167310167310167,0.0,0.1854795972443031,0.0,0.0,0.0,0.0,0.1351351351351351
0.1173619946884369,0.0,0.0,0.4444444444444444,0.2222222222222222,0.3809523809523809,0.4444444444444444,0.0,0.2493074792243767,0.0249307479224376,0.0452446906740535,0.2326869806094182,0.0,0.0,0.0,0.0,0.0,0.0,0.2352941176470588,0.0,0.0,0.0,0.2125901046855816,0.042182536290414,0.0,0.0,0.0,0.0,0.0,0.0,0.0760233918128654,0.0,0.0,0.0
0.0,0.0,0.0,0.7999999999999999,0.0,0.0,0.6,0.0,0.5454545454545454,0.0,0.1349862258953168,0.5454545454545454,0.0,0.0,0.0,0.0,0.0,0.3,0.0,0.0,0.0,0.0,0.4594244032838521,0.205287555397076,0.0,0.0,0.0,0.0,0.0,0.0,0.0,0.0,0.0,0.0
0.0930152724425912,0.0,0.0,0.2051282051282051,0.3076923076923077,0.0,0.6153846153846154,0.0,0.3673469387755101,0.0918367346938775,0.0416666666666666,0.336734693877551,0.0,0.0,0.0,0.5384615384615385,0.0,0.0,0.3333333333333333,0.0,0.0,0.0,0.3173153314726566,0.0874670370812488,0.0,0.0,0.2448979591836734,0.0,0.0,0.0,0.1428571428571428,0.0,0.0,0.0
0.1476225471689023,0.0817088413966839,0.0,0.25,0.25,0.3214285714285714,0.25,0.3333333333333333,0.1763085399449036,0.0082644628099173,0.014998469543924,0.1542699724517906,0.0,0.0,0.0,0.0,0.0,0.0,0.2580645161290322,0.0,0.064516129032258,0.0,0.2089728358748127,0.0298847527509452,0.0,0.0,0.0,0.0,0.1637700534759358,0.0,0.0,0.0,0.0704308712121212,0.0852272727272727
0.0,0.0,0.0,0.6666666666666666,0.0,0.4285714285714285,0.375,0.0,0.6666666666666666,0.1111111111111111,0.2016460905349794,0.6666666666666666,0.0,0.0,0.5833333333333334,0.0,0.0,0.0,0.0,0.0,0.0,0.3435251084638653,0.1017682582007189,0.0486133728995524,0.0,0.0,0.0,0.2777777777777778,0.0,0.0,0.0,0.0,0.0,0.0
0.6357370709082544,0.0,0.0,0.0620155038759689,0.0930232558139534,0.1860465116279069,0.3488372093023256,0.2170542635658914,0.1332644628099173,0.0046487603305785,0.0126549586776859,0.1270661157024793,0.0,0.0,0.0,0.0,0.0,0.0697674418604651,0.0952380952380952,0.0,0.1428571428571428,0.0961486118068956,0.1281767891171583,0.0121599562281807,0.040169133192389,0.096703468796492,0.0117789187556629,0.0105708245243128,0.1566969282427558,0.047568710359408,0.0412262156448203,0.0,0.0,0.0
0.112149338735931,0.0,0.0,0.4444444444444444,0.3333333333333333,0.2857142857142857,0.2916666666666667,0.1666666666666666,0.2208,0.0144,0.0261333333333333,0.2304,0.0,0.0,0.1944444444444444,0.0,0.0,0.0,0.3478260869565217,0.0,0.0,0.0623416754793401,0.2216223584430401,0.0452459476527963,0.0,0.0,0.0371428571428571,0.0,0.0,0.05,0.0,0.0,0.0,0.0
0.1196987680744101,0.1325061495488237,0.0412479443810863,0.1481481481481481,0.0,0.2857142857142857,0.3611111111111111,0.1851851851851851,0.1533966398831263,0.0197224251278305,0.0119308497686876,0.1533966398831263,0.0,0.0,0.0,0.0,0.0,0.0,0.0,0.0,0.0,0.2229717843994595,0.0495410296812978,0.0093365598136394,0.0,0.0,0.1338481338481338,0.015015015015015,0.0,0.2252252252252252,0.0195195195195195,0.0,0.055837087087087,0.0
0.2608651991834581,0.0,0.0,0.2666666666666666,0.0,0.3999999999999999,0.45,0.1333333333333333,0.2857142857142857,0.0204081632653061,0.037037037037037,0.2857142857142857,0.0,0.0,0.0,0.0,0.0,0.0,0.0,0.0,0.0,0.0,0.2196141230670462,0.0358996058169832,0.0,0.0,0.0,0.0,0.0,0.0714285714285714,0.2476190476190476,0.0,0.0,0.0
0.1333077725281594,0.0737856367563285,0.0459375787676429,0.1403508771929824,0.0,0.3609022556390977,0.1578947368421052,0.3508771929824561,0.3,0.0225,0.0408333333333333,0.3,0.0,0.0,0.0,0.0,0.0,0.0,0.0,0.0,0.2222222222222222,0.0903130626190304,0.0802649021779841,0.0189017740933128,0.0,0.0,0.0,0.0263157894736842,0.0,0.1578947368421052,0.0684210526315789,0.0,0.0,0.1184210526315789
0.1402268997556883,0.0,0.1449656864870782,0.1159420289855072,0.3478260869565217,0.3478260869565217,0.0869565217391304,0.289855072463768,0.1145833333333333,0.0625,0.0567129629629629,0.1979166666666666,0.0,0.0,0.0,0.0,0.5217391304347826,0.0,0.0,0.0,0.0909090909090909,0.0760174743461604,0.2026794894981104,0.0292524298389301,0.0917874396135265,0.0509930220075147,0.0,0.0,0.2237851662404092,0.108695652173913,0.0942028985507246,0.0951086956521739,0.0,0.0
0.0,0.0,0.0242953569392963,0.4848484848484848,0.0,0.1038961038961038,0.6363636363636364,0.1212121212121212,0.5,0.1875,0.1134259259259259,0.5,0.0,0.0,0.0,0.0,0.0,0.0,0.0,0.0,0.0,0.4489243997290865,0.0,0.0,0.0,0.0,0.0,0.1515151515151515,0.0,0.0,0.0,0.0,0.0,0.0
0.290211484839443,0.0,0.0500031344431563,0.0592592592592592,0.1777777777777777,0.4825396825396825,0.0666666666666666,0.4444444444444444,0.0283553875236294,0.0127599243856332,0.0077189666036546,0.1304347826086956,0.0,0.0,0.0,0.0,0.0,0.0,0.0909090909090909,0.1590909090909091,0.0,0.0553134538962734,0.0491593224430781,0.0051994733436677,0.0734299516908212,0.0747897656110216,0.0,0.0,0.0238704177323103,0.1739130434782608,0.0251207729468599,0.0084541062801932,0.0,0.0
0.1154963999030717,0.0639270707798493,0.0,0.3076923076923077,0.3076923076923077,0.2197802197802197,0.4615384615384615,0.2051282051282051,0.1893004115226337,0.0123456790123456,0.0224051211705532,0.1893004115226337,0.0,0.0,0.0,0.0,0.0,0.0,0.32,0.0,0.0,0.0572182672209508,0.2034088309309815,0.0313762433955635,0.0,0.020048538567057,0.0,0.0142450142450142,0.2815485168426345,0.1282051282051282,0.1111111111111111,0.0,0.1059472934472934,0.1282051282051282
0.1412881209705824,0.0782027467281958,0.0,0.25,0.25,0.3928571428571428,0.3125,0.3333333333333333,0.1542699724517906,0.0082644628099173,0.014998469543924,0.1542699724517906,0.0,0.0,0.0,0.0,0.0,0.0,0.2580645161290322,0.2258064516129032,0.0,0.0,0.2207087756240154,0.0292523413668392,0.0,0.0266554433221099,0.0,0.0,0.1637700534759358,0.0284090909090909,0.0738636363636363,0.0,0.0,0.0426136363636363
0.1298607548992011,0.0,0.0,0.1666666666666666,0.125,0.4642857142857142,0.3125,0.3333333333333333,0.1707988980716253,0.0082644628099173,0.014998469543924,0.1707988980716253,0.0,0.0,0.0,0.0,0.375,0.0,0.0,0.0,0.0,0.0,0.2433168305709801,0.0335112840725772,0.0,0.0,0.0,0.0,0.1871657754010695,0.0852272727272727,0.0738636363636363,0.0,0.0,0.0
0.0,0.0,0.0,0.4210526315789473,0.631578947368421,0.1203007518796992,0.3157894736842105,0.2105263157894736,0.285,0.09,0.1224999999999999,0.3,0.0,0.3157894736842105,0.0,0.0,0.0,0.0,0.2222222222222222,0.0,0.1111111111111111,0.0,0.4005541613698939,0.0954612749037688,0.0,0.0,0.0,0.0,0.0,0.0,0.0,0.0,0.0,0.0
0.2139876392302898,0.0,0.0,0.4148148148148148,0.2666666666666666,0.2539682539682539,0.4666666666666667,0.1481481481481481,0.1275992438563327,0.0042533081285444,0.0077189666036546,0.1219281663516068,0.0,0.0,0.0,0.0,0.0,0.0,0.2727272727272727,0.0,0.0,0.0348951061024172,0.2481016319524717,0.0376137000669089,0.0,0.0067990696010019,0.0538302277432712,0.0241545893719806,0.1670929241261722,0.0144927536231884,0.0125603864734299,0.0,0.0,0.0
0.2025572478494402,0.0560575547424412,0.0698008026956948,0.2758620689655172,0.4137931034482758,0.354679802955665,0.2758620689655172,0.367816091954023,0.1666666666666666,0.04,0.009074074074074,0.2,0.0,0.0,0.0,0.0,0.0,0.0,0.2857142857142857,0.0,0.0,0.2692271028325541,0.047854621349013,0.0058999079877873,0.0,0.1132396764580672,0.0,0.0919540229885057,0.0567951318458417,0.0,0.0896551724137931,0.0,0.0,0.0
0.1025045361307061,0.0,0.0,0.3555555555555555,0.1777777777777777,0.3047619047619047,0.4444444444444444,0.1185185185185185,0.1275992438563327,0.0042533081285444,0.0077189666036546,0.1219281663516068,0.0,0.0666666666666666,0.0,0.0,0.0,0.0,0.1818181818181818,0.0,0.0,0.0337048182113653,0.2396387727940411,0.0374144133689218,0.0,0.0067990696010019,0.0322981366459627,0.0193236714975845,0.1670929241261722,0.0144927536231884,0.0125603864734299,0.0,0.0,0.0
0.0,0.144124914582829,0.0,0.1403508771929824,0.0,0.3007518796992481,0.2631578947368421,0.1403508771929824,0.255,0.0225,0.0408333333333333,0.285,0.0,0.0,0.0,0.0,0.0,0.0,0.0,0.0,0.2222222222222222,0.0900326352667622,0.0,0.0,0.0,0.0,0.0,0.0263157894736842,0.0,0.0,0.0,0.0,0.1957236842105263,0.2368421052631578
0.8581855606739567,0.0791673869279187,0.0,0.0,0.1052631578947368,0.3007518796992481,0.3421052631578947,0.2105263157894736,0.145956607495069,0.0059171597633136,0.0214770984001753,0.145956607495069,0.0,0.0,0.0,0.0,0.0,0.0789473684210526,0.0,0.0,0.1621621621621621,0.0,0.1179915808224821,0.0082607104825956,0.3931623931623932,0.0664767331433998,0.0,0.0,0.1000238151940938,0.5870445344129555,0.3157894736842105,0.0,0.0,0.0910931174089068
0.1163280528313184,0.1287747786644553,0.0400864029792141,0.1066666666666666,0.16,0.4114285714285713,0.32,0.2666666666666666,0.2130177514792899,0.0133136094674556,0.0241617357001972,0.2041420118343195,0.0,0.0,0.0,0.0,0.48,0.0,0.0,0.0,0.0833333333333333,0.1341994880720139,0.1192685583908658,0.0193071696431886,0.0,0.0,0.0,0.0769230769230769,0.1520361990950226,0.0,0.0,0.0,0.0,0.2076923076923077
0.0788299665920703,0.0,0.0,0.6274509803921569,0.2352941176470588,0.2016806722689075,0.3529411764705882,0.2352941176470588,0.2962962962962963,0.2777777777777778,0.0504115226337448,0.3148148148148147,0.0,0.0,0.2745098039215686,0.0,0.0,0.0,0.0,0.0,0.0,0.195337571977253,0.2314726227748054,0.0779936472916318,0.0,0.0,0.0,0.065359477124183,0.0,0.0,0.0849673202614379,0.0,0.0,0.0
0.0,0.1396781298119317,0.0,0.2962962962962963,0.2222222222222222,0.3492063492063492,0.3333333333333333,0.2962962962962963,0.1577794010226443,0.0065741417092768,0.0119308497686876,0.1402483564645726,0.0,0.0,0.0,0.0,0.0,0.0,0.2285714285714285,0.1999999999999999,0.0,0.0,0.2133391015700908,0.0333937957144905,0.0,0.0,0.0,0.0,0.1669316375198728,0.0,0.0,0.0,0.0,0.1689189189189189
0.1199972882314263,0.0,0.0,0.2222222222222222,0.0,0.0,0.5,0.1111111111111111,0.4260355029585799,0.1597633136094674,0.0966469428007889,0.4615384615384615,0.0,0.0,0.0,0.0,0.0,0.0,0.0,0.0,0.0,0.0,0.0910778329804842,0.0238140964086806,0.0,0.0,0.0,0.0,0.0,0.3846153846153846,0.0,0.0,0.0,0.0
0.0,0.0655120405562799,0.0,0.2539682539682539,0.0,0.2176870748299319,0.3809523809523809,0.1904761904761904,0.2727272727272727,0.018595041322314,0.0337465564738292,0.2727272727272727,0.0,0.0,0.0,0.3333333333333333,0.0,0.0,0.0,0.0,0.0,0.0,0.2530651724129696,0.0475305911838419,0.0,0.0,0.1929499072356215,0.0,0.0,0.0,0.0,0.0,0.1609848484848484,0.0974025974025974
0.0,0.0,0.0,0.2424242424242424,0.0,0.0,0.5454545454545454,0.0,0.5,0.1875,0.1134259259259259,0.5,0.0,0.0,0.0,0.0,0.0,0.0,0.0,0.0,0.0,0.4136312273489552,0.0,0.0,0.0,0.0,0.0,0.303030303030303,0.0,0.0,0.0,0.0,0.0,0.0
0.1026522677380436,0.0,0.0,0.2051282051282051,0.0,0.3516483516483517,0.4615384615384615,0.2051282051282051,0.3673469387755101,0.2295918367346938,0.0416666666666666,0.3673469387755101,0.0,0.0,0.0,0.0,0.0,0.0,0.0,0.0,0.0,0.0,0.2511382227903689,0.071028026401981,0.0,0.0,0.0,0.0,0.0,0.4945054945054945,0.2857142857142857,0.0,0.0,0.0
0.5443373923248886,0.0,0.0,0.0,0.0,0.3657142857142857,0.2,0.3199999999999999,0.2218934911242603,0.0133136094674556,0.0241617357001972,0.0,0.0,0.0,0.0,0.0,0.48,0.0,0.0,0.0,0.0,0.0,0.0,0.0,0.0,0.0,0.0,0.0,0.0,0.0461538461538461,0.24,0.0,0.0,0.0
0.1190202018090574,0.1317549788853152,0.041014111869504,0.1523809523809523,0.0,0.2612244897959183,0.4285714285714285,0.1904761904761904,0.1435185185185185,0.0833333333333333,0.0504115226337448,0.0972222222222222,0.0,0.0857142857142857,0.0,0.0,0.0,0.0,0.0,0.0,0.0,0.1077642305883298,0.2394361672503894,0.0481976702466094,0.0,0.0,0.0707482993197278,0.0158730158730158,0.0,0.119047619047619,0.0,0.0,0.0590277777777777,0.0
0.104288132762555,0.0,0.0,0.1568627450980392,0.0,0.2352941176470588,0.2647058823529412,0.3137254901960784,0.1714285714285714,0.0220408163265306,0.0066666666666666,0.1714285714285714,0.0,0.0,0.1372549019607843,0.2058823529411764,0.0,0.0,0.0,0.2121212121212121,0.0,0.3711509043756438,0.1236963548063094,0.0163226952293581,0.0,0.1064425770308123,0.0,0.0,0.1868512110726643,0.0,0.0436974789915966,0.0,0.0,0.0
0.0,0.0,0.0,0.1333333333333333,0.0,0.5714285714285714,0.1,0.2666666666666666,0.1632653061224489,0.0204081632653061,0.037037037037037,0.1632653061224489,0.0,0.0,0.0,0.0,0.0,0.0,0.0,0.0,0.0,0.0,0.1701149346120164,0.0200985477178423,0.0,0.0670194003527337,0.0,0.0,0.2352941176470588,0.0,0.0,0.0,0.0,0.0
0.0,0.0,0.1266932695262279,0.2857142857142857,0.0,0.5714285714285714,0.2857142857142857,0.3809523809523809,0.178359096313912,0.0107015457788347,0.0194213238208481,0.178359096313912,0.0,0.0,0.0,0.0,0.0,0.0,0.0,0.0,0.0,0.0,0.3251515921282883,0.0694373649410227,0.0,0.0,0.0,0.0,0.0,0.0,0.0,0.0,0.0,0.0
0.1143112677080346,0.0,0.0,0.3809523809523809,0.0,0.2040816326530612,0.4285714285714285,0.0952380952380952,0.1926278240190249,0.0107015457788347,0.0194213238208481,0.1712247324613555,0.0,0.0,0.0,0.0,0.0,0.0,0.0,0.0,0.0,0.0,0.292212182676314,0.0634297721197558,0.0,0.0,0.0823363828289936,0.0,0.0,0.0738916256157635,0.0,0.0,0.0,0.0
0.0,0.225786953751436,0.0,0.2580645161290322,0.0,0.4055299539170507,0.3225806451612903,0.3440860215053763,0.1875,0.0087890625,0.0159505208333333,0.15234375,0.0,0.0,0.0,0.0,0.0,0.0,0.0,0.0,0.0,0.0,0.1646946845914536,0.0256378719505988,0.0,0.0,0.0,0.0,0.0,0.0,0.0,0.0,0.0,0.0907258064516129
0.4769201276133414,0.0879915067478566,0.0,0.1159420289855072,0.1739130434782608,0.2981366459627328,0.3043478260869565,0.289855072463768,0.1875,0.015625,0.0283564814814814,0.21875,0.0,0.0,0.0,0.0,0.5217391304347826,0.0,0.1818181818181818,0.0,0.0909090909090909,0.0,0.0726206626466227,0.0099789278719131,0.0,0.0,0.0,0.0,0.1342710997442455,0.0,0.1884057971014492,0.0,0.0,0.0815217391304347
0.1296528002548331,0.3588130775354128,0.1340342489683508,0.1269841269841269,0.5714285714285714,0.1632653061224489,0.4761904761904761,0.1904761904761904,0.2727272727272727,0.018595041322314,0.0168732782369146,0.2355371900826446,0.0,0.0,0.2222222222222222,0.0,0.0,0.0,0.2,0.0,0.5,0.2478537329717039,0.0,0.0,0.0548340548340548,0.0,0.0,0.0865800865800865,0.0,0.0,0.0,0.0,0.0,0.2922077922077922
0.0,0.0,0.0,0.3809523809523809,0.0,0.0,0.5714285714285714,0.0,0.75,0.0,0.2552083333333333,0.75,0.0,0.0,0.0,0.0,0.0,0.0,0.0,0.0,0.0,0.3734172431215761,0.0,0.0,0.0,0.0,0.0,0.7142857142857142,0.0,0.0,0.0,0.0,0.0,0.0
0.1986866933946047,0.1099727638464107,0.0684670177499903,0.2735042735042735,0.4102564102564102,0.293040293040293,0.3076923076923077,0.2735042735042735,0.15,0.01125,0.0051041666666666,0.15,0.0,0.0,0.0,0.0,0.0,0.0,0.3157894736842105,0.0,0.0,0.300964823126552,0.0382113875995493,0.0044124973311508,0.0649572649572649,0.0721747388414055,0.0,0.0448717948717948,0.0316742081447963,0.0384615384615384,0.0666666666666666,0.0,0.0,0.1442307692307692
0.0,0.0,0.0,0.3333333333333333,0.0,0.4285714285714285,0.125,0.0,0.6666666666666666,0.1111111111111111,0.2016460905349794,0.6666666666666666,0.0,0.0,0.0,0.0,0.0,0.0,0.0,0.0,0.0,0.2866603652757376,0.1273833790479494,0.0625048468398604,0.0,0.0,0.0,0.2777777777777778,0.0,0.0,0.0,0.0,0.0,0.0
0.4596419008579935,0.0848036832149258,0.0,0.1666666666666666,0.25,0.3571428571428571,0.34375,0.2916666666666666,0.1707988980716253,0.0082644628099173,0.014998469543924,0.1707988980716253,0.0,0.0,0.0,0.0,0.375,0.0,0.1290322580645161,0.0,0.0,0.0,0.2273099264370794,0.0274763438395122,0.0,0.0,0.0,0.0,0.1403743315508021,0.1988636363636363,0.221590909090909,0.0,0.0,0.1278409090909091
0.4021636497613278,0.0,0.2771695001428559,0.0592592592592592,0.1777777777777777,0.2285714285714285,0.2444444444444444,0.2666666666666666,0.1275992438563327,0.0085066162570888,0.011578449905482,0.1275992438563327,0.0,0.0,0.0,0.0,0.0,0.0,0.0,0.0,0.2727272727272727,0.084053904800864,0.1120532000167825,0.0129976799840028,0.0367149758454106,0.0407944176060118,0.0215320910973084,0.0,0.0358056265984654,0.0434782608695652,0.1256038647342995,0.0084541062801932,0.0,0.0
0.0,0.0,0.0401194198383773,0.2962962962962963,0.0,0.3174603174603174,0.3333333333333333,0.1481481481481481,0.2493074792243767,0.0249307479224376,0.0452446906740535,0.2493074792243767,0.0,0.0,0.0,0.3888888888888888,0.0,0.0,0.0,0.0,0.0,0.0,0.2068721798589906,0.0435489709799599,0.0,0.0,0.0,0.0,0.0,0.0,0.0,0.0,0.0,0.0
0.0,0.0,0.0,0.2807017543859649,0.4210526315789473,0.1804511278195488,0.3684210526315789,0.2807017543859649,0.285,0.09,0.1837499999999999,0.3,0.0,0.3157894736842105,0.0,0.0,0.0,0.0,0.2222222222222222,0.0,0.0,0.0,0.4562921001457165,0.1127101297529921,0.0,0.0,0.0,0.0,0.0,0.0,0.0,0.0,0.0,0.0
0.0,0.0,0.0,0.1904761904761904,0.0,0.0,0.4285714285714285,0.0,0.4,0.16,0.1088888888888888,0.4,0.0,0.0,0.0,0.0,0.0,0.0,0.0,0.0,0.0,0.5222904648616135,0.0,0.0,0.0,0.0,0.0,0.2857142857142857,0.0,0.0,0.0,0.0,0.0,0.0
0.1555008817571424,0.1721389737300971,0.0,0.0,0.0,0.3333333333333333,0.2083333333333333,0.3333333333333333,0.1728,0.0144,0.0522666666666666,0.2016,0.0,0.0,0.0,0.0,0.0,0.0,0.0,0.0,0.1739130434782608,0.0861422856893179,0.0,0.0,0.0,0.0,0.0,0.0333333333333333,0.0,0.0,0.0433333333333333,0.0,0.0,0.15
0.252096342146656,0.0,0.3474874826807387,0.0,0.64,0.4114285714285713,0.28,0.48,0.2307692307692307,0.0133136094674556,0.0120808678500986,0.2307692307692307,0.0,0.0,0.0,0.0,0.0,0.0,0.0,0.0,0.75,0.2809074621468092,0.0624134796131042,0.0068016303659884,0.0,0.0,0.0,0.0,0.0,0.0,0.0,0.0,0.0,0.0
0.0,0.0,0.038292802022559,0.1240310077519379,0.0930232558139534,0.2392026578073089,0.3023255813953488,0.2790697674418604,0.1332644628099173,0.0046487603305785,0.0084366391184573,0.1363636363636363,0.0,0.0,0.0,0.0,0.0,0.0,0.0952380952380952,0.0,0.0,0.1555111528690491,0.3109704842129514,0.0391326723828204,0.080338266384778,0.0297549134758437,0.0,0.0052854122621564,0.2742196244248228,0.0,0.0,0.0092494714587737,0.0,0.0
0.1101852285504546,0.0,0.0,0.1904761904761904,0.0,0.3265306122448979,0.4285714285714285,0.2857142857142857,0.24,0.1999999999999999,0.0362962962962962,0.24,0.0,0.0,0.0,0.0,0.0,0.0,0.0,0.0,0.0,0.0,0.2444813347004609,0.0589339247849082,0.0,0.0,0.0,0.0,0.0,0.1428571428571428,0.3714285714285714,0.0,0.0,0.0
0.4732829313656413,0.0,0.0407730763305596,0.0579710144927536,0.5217391304347826,0.2236024844720497,0.3260869565217391,0.289855072463768,0.1249434133091896,0.0081484834766862,0.0110909913988229,0.1222272521502942,0.0,0.0,0.0,0.0,0.0,0.0,0.0888888888888888,0.0,0.0888888888888888,0.1825583988780357,0.0973482568486875,0.0116124998139022,0.0351526364477335,0.0325487374516051,0.0,0.0,0.18283724220493,0.0277520814061054,0.0841813135985198,0.0161887141535615,0.0,0.0
0.0,0.0377138163464726,0.0,0.9696969696969696,0.0,0.0,0.8181818181818182,0.0,0.5,0.0,0.0567129629629629,0.5,0.0,0.0,0.4242424242424242,0.0,0.0,0.0,0.0,0.0,0.0,0.3643636598148105,0.0809562112726026,0.0419461777456271,0.0,0.0,0.0,0.303030303030303,0.0,0.0,0.0,0.0,0.0,0.3409090909090909
0.3660543638442776,0.0,0.0,0.0,0.0,0.3636363636363636,0.1818181818181818,0.3636363636363636,0.1814744801512287,0.0170132325141776,0.0308758664146187,0.0,0.0,0.0,0.0,0.3181818181818182,0.5454545454545454,0.0,0.0,0.0,0.0,0.0,0.0,0.0,0.0,0.0,0.0,0.0,0.0,0.0592885375494071,0.308300395256917,0.0,0.0,0.0
0.0,0.0,0.0,0.7999999999999999,0.0,0.0,0.5,0.0,0.5454545454545454,0.0,0.0674931129476584,0.5454545454545454,0.0,0.0,0.0,0.0,0.0,0.3,0.0,0.0,0.0,0.0,0.4593539328122031,0.205287555397076,0.0,0.0,0.0,0.0,0.0,0.0,0.0,0.0,0.0,0.0
0.4687740082690104,0.0,0.0,0.0620155038759689,0.0930232558139534,0.1860465116279069,0.3488372093023256,0.2170542635658914,0.1332644628099173,0.0046487603305785,0.0126549586776859,0.1270661157024793,0.0,0.0,0.0,0.0,0.0,0.0,0.0952380952380952,0.0,0.0952380952380952,0.1328225633514086,0.1180448292336338,0.0118025604429718,0.040169133192389,0.1041421971654529,0.0117789187556629,0.0158562367864693,0.1566969282427558,0.0317124735729386,0.0274841437632135,0.0,0.0,0.0
0.0,0.0,0.0,0.0,0.0,0.0,0.2857142857142857,0.0,0.75,0.0,0.5104166666666666,0.75,0.0,0.0,0.0,0.0,0.0,0.0,0.0,0.0,0.0,0.480421727846791,0.0,0.0,0.0,0.0,0.0,0.3571428571428571,0.0,0.0,0.0,0.0,0.0,0.0
0.2894516248395914,0.1602110067845572,0.0,0.0579710144927536,0.2608695652173913,0.2981366459627328,0.2608695652173913,0.2608695652173913,0.1249434133091896,0.0081484834766862,0.0110909913988229,0.1222272521502942,0.0,0.0652173913043478,0.0,0.0,0.0,0.0,0.0888888888888888,0.1555555555555555,0.0888888888888888,0.0821349469782927,0.1094950158940368,0.0124100298497657,0.0937403638606229,0.0911364648644944,0.0515395797541958,0.0,0.1371279316536975,0.0416281221091581,0.0,0.0,0.0688020351526364,0.0
0.2201164464422799,0.1218340975418603,0.1517033313921729,0.1951219512195121,0.4878048780487805,0.3066202090592334,0.2682926829268293,0.2926829268292683,0.1428571428571428,0.010204081632653,0.0046296296296296,0.1428571428571428,0.0,0.0,0.0,0.0,0.0,0.0,0.3,0.0,0.0,0.3154236128909196,0.1401649146819057,0.0187886561740025,0.0,0.0653847808319353,0.0,0.0116144018583042,0.1004304160688665,0.0,0.0150987224157955,0.0203252032520325,0.0,0.0261324041811846
0.0,0.1916859657462244,0.0,0.2807017543859649,0.2105263157894736,0.2406015037593984,0.3157894736842105,0.2807017543859649,0.3,0.09,0.0204166666666666,0.2249999999999999,0.0,0.0,0.0,0.0,0.0,0.0,0.0,0.3888888888888888,0.0,0.0781943754653683,0.1389890612850028,0.037249197594053,0.0,0.0,0.0,0.0526315789473684,0.0,0.0,0.0,0.0,0.0,0.5921052631578947
0.0,0.0,0.0,0.8888888888888888,0.0,0.0,0.5833333333333334,0.0,0.4615384615384615,0.0,0.0483234714003944,0.4615384615384615,0.0,0.0,0.0,0.0,0.0,0.25,0.0,0.0,0.0,0.0,0.3660297352687964,0.1617012739492426,0.0,0.0,0.0,0.0,0.0,0.0,0.0,0.0,0.0,0.0
0.1326187999883252,0.0,0.0,0.2051282051282051,0.0,0.3516483516483517,0.3076923076923077,0.3076923076923077,0.3673469387755101,0.183673469387755,0.1249999999999999,0.3673469387755101,0.0,0.0,0.0,0.5384615384615385,0.0,0.0,0.0,0.0,0.0,0.0,0.1830183217510626,0.0471011740230597,0.0,0.0,0.0,0.0,0.0,0.1648351648351648,0.2857142857142857,0.0,0.0,0.0
0.1276273498430664,0.0706415319759703,0.0,0.2962962962962963,0.2222222222222222,0.3174603174603174,0.3333333333333333,0.2962962962962963,0.1577794010226443,0.0065741417092768,0.0119308497686876,0.1402483564645726,0.0,0.0,0.0,0.0,0.0,0.0,0.1142857142857142,0.1999999999999999,0.1142857142857142,0.0,0.2585824265768988,0.0422747227578924,0.0,0.0,0.0334620334620334,0.0,0.2040275569687334,0.0,0.0,0.0,0.0,0.0
0.0,0.0627736606998958,0.0781634504953276,0.2580645161290322,0.1290322580645161,0.2949308755760368,0.4193548387096774,0.1720430107526881,0.17578125,0.0263671875,0.02392578125,0.1171875,0.0,0.0,0.0,0.0,0.0,0.0,0.0,0.0,0.0,0.1748265752085284,0.2589591795157007,0.061427121217202,0.0,0.0,0.1347926267281106,0.0302419354838709,0.0,0.0,0.0,0.0,0.0,0.0
0.0,0.0647776841514319,0.0,0.367816091954023,0.0,0.4334975369458128,0.3793103448275862,0.2758620689655172,0.1933333333333333,0.01,0.0181481481481481,0.1733333333333333,0.0,0.0,0.0,0.0,0.0,0.0,0.0,0.0,0.0,0.0,0.1950598897059047,0.0345764704115929,0.0,0.0,0.0,0.0,0.0,0.0,0.0,0.0,0.0,0.1034482758620689
0.0,0.175134872058767,0.0,0.065040650406504,0.2926829268292683,0.4181184668989546,0.1463414634146341,0.4227642276422764,0.1360544217687074,0.0051020408163265,0.0092592592592592,0.1360544217687074,0.0,0.0,0.0,0.0,0.0,0.0,0.1,0.175,0.1,0.0630694307055006,0.1121047507236557,0.0129350638929567,0.0294231513743708,0.0245192928119757,0.0,0.0116144018583042,0.0573888091822094,0.0,0.0,0.0,0.0,0.0522648083623693
0.0,0.0,0.0,0.7619047619047619,0.0,0.0,0.5714285714285714,0.0,0.75,0.0,0.2552083333333333,0.75,0.0,0.0,0.0,0.0,0.0,0.4285714285714285,0.0,0.0,0.0,0.0,0.3451431864316416,0.1850236444607685,0.0,0.0,0.0,0.0,0.0,0.0,0.0,0.0,0.0,0.0
0.0,0.0,0.0,1.0,0.0,0.0,0.625,0.0,0.6666666666666666,0.0,0.1008230452674897,0.6666666666666666,0.0,0.0,0.0,0.0,0.0,0.75,0.0,0.0,0.0,0.0,0.324067649835992,0.1602608712942158,0.0,0.0,0.0,0.0,0.0,0.0,0.0,0.0,0.0,0.0
0.1125413269698554,0.0,0.0,0.4102564102564102,0.0,0.2637362637362637,0.3846153846153846,0.1025641025641025,0.2755102040816327,0.3214285714285714,0.0416666666666666,0.336734693877551,0.0,0.0,0.0,0.0,0.0,0.2307692307692307,0.0,0.0,0.0,0.0,0.2593254185468773,0.060964540723708,0.0,0.0,0.0,0.0,0.0,0.1648351648351648,0.2857142857142857,0.0,0.0,0.0
0.2134273195475326,0.0,0.0,0.2857142857142857,0.1428571428571428,0.2040816326530612,0.4642857142857143,0.0476190476190476,0.1712247324613555,0.0107015457788347,0.0194213238208481,0.1712247324613555,0.0,0.0,0.0,0.0,0.0,0.0,0.1481481481481481,0.0,0.0,0.0555559853153018,0.2468743500342002,0.0349632755470494,0.0311986863711001,0.0346652070790001,0.0,0.0369458128078817,0.2738336713995943,0.1108374384236453,0.0960591133004926,0.0,0.0,0.0
0.0,0.0,0.0,0.1333333333333333,0.2,0.5142857142857142,0.0,0.5333333333333333,0.0680272108843537,0.0408163265306122,0.1296296296296296,0.1632653061224489,0.0,0.0,0.0,0.0,0.0,0.0,0.0,0.3684210526315789,0.0,0.0,0.1835057632528861,0.0290299285597229,0.0,0.0,0.0,0.0,0.1176470588235294,0.0,0.0,0.0,0.0,0.0
0.1119567405466283,0.0,0.0,0.4102564102564102,0.0,0.1758241758241758,0.5384615384615384,0.1025641025641025,0.3673469387755101,0.3214285714285714,0.0416666666666666,0.2755102040816327,0.0,0.0,0.0,0.0,0.0,0.2307692307692307,0.0,0.0,0.0,0.0,0.1698141219132163,0.0387752598447546,0.0,0.0,0.0,0.0,0.0,0.1648351648351648,0.4285714285714286,0.0,0.0,0.0
0.0938932875466568,0.0,0.0323554299245108,0.2424242424242424,0.1818181818181818,0.3116883116883116,0.2727272727272727,0.303030303030303,0.2381852551984877,0.1190926275992438,0.0308758664146187,0.2381852551984877,0.0,0.0,0.0,0.0,0.0,0.0,0.1904761904761904,0.6666666666666666,0.0,0.2910953534729507,0.0646770782470641,0.016436166090925,0.0,0.0,0.0,0.0988142292490118,0.0,0.0592885375494071,0.0513833992094861,0.0,0.0,0.0
0.0,0.0622797240618066,0.0,0.4444444444444444,0.1111111111111111,0.3492063492063492,0.4444444444444444,0.074074074074074,0.1577794010226443,0.0065741417092768,0.0119308497686876,0.1533966398831263,0.0,0.0833333333333333,0.0,0.1944444444444444,0.0,0.0,0.1142857142857142,0.1999999999999999,0.0,0.0,0.2746541221812735,0.0410906725921135,0.019019019019019,0.0,0.0,0.0,0.2225755166931637,0.0,0.0,0.0,0.0,0.0
0.2271504552361453,0.0,0.0,0.2962962962962963,0.1777777777777777,0.2539682539682539,0.4222222222222222,0.2074074074074074,0.1275992438563327,0.0042533081285444,0.0077189666036546,0.1219281663516068,0.0,0.0,0.0,0.0,0.0,0.0,0.1818181818181818,0.1590909090909091,0.0,0.0365273818918476,0.2921703665461024,0.0465041436384395,0.0,0.0067990696010019,0.0107660455486542,0.0241545893719806,0.1909633418584825,0.072463768115942,0.0125603864734299,0.0,0.0,0.0
0.1058087020163731,0.0,0.0,0.1666666666666666,0.25,0.2857142857142857,0.375,0.1666666666666666,0.3114186851211072,0.0311418685121107,0.0565167243367935,0.2906574394463668,0.0,0.0,0.0,0.4375,0.0,0.0,0.2666666666666666,0.0,0.0,0.0844205419108947,0.1500559573950837,0.0364168692336191,0.0,0.0,0.0,0.0,0.0,0.0,0.0955882352941176,0.0,0.0,0.0
0.0,0.0732929777910498,0.0,0.2318840579710144,0.3478260869565217,0.248447204968944,0.2608695652173913,0.2318840579710144,0.2395833333333333,0.046875,0.0141782407407407,0.2291666666666666,0.0,0.0,0.0,0.6086956521739131,0.0,0.0,0.3636363636363636,0.0,0.0,0.0,0.32133664806198,0.0471396855326784,0.0,0.0509930220075147,0.0,0.0,0.1342710997442455,0.0,0.0,0.0,0.0,0.0
0.2918290215126903,0.0807634460014011,0.0,0.2222222222222222,0.3333333333333333,0.4761904761904761,0.3333333333333333,0.1666666666666666,0.2304,0.0144,0.0391999999999999,0.2208,0.0,0.0,0.0,0.2916666666666666,0.0,0.0,0.1739130434782608,0.0,0.0,0.0,0.2673824533416342,0.0357495711492977,0.0,0.0,0.0,0.0,0.2470588235294117,0.05,0.13,0.0,0.0,0.0
0.0,0.1733811527043818,0.0719626087073931,0.1333333333333333,0.0,0.3428571428571428,0.35,0.3999999999999999,0.2721088435374149,0.0816326530612245,0.0185185185185185,0.2857142857142857,0.0,0.15,0.0,0.0,0.0,0.0,0.0,0.0,0.2105263157894736,0.2038528187617977,0.1207815427958867,0.0302192961078596,0.0,0.0,0.0,0.0,0.0,0.0,0.0,0.0,0.0,0.8571428571428572
0.2129900686519161,0.0,0.0,0.0,0.2580645161290322,0.3317972350230415,0.0967741935483871,0.2150537634408602,0.1875,0.0263671875,0.0478515625,0.1875,0.0,0.0,0.0,0.0,0.0,0.0,0.0,0.0,0.0,0.2714577767943005,0.0965022390692635,0.0177570196406737,0.0,0.0,0.0224654377880184,0.0403225806451612,0.0,0.1209677419354838,0.0262096774193548,0.0,0.0,0.0
0.0807372959176725,0.0,0.0,0.6274509803921569,0.2352941176470588,0.134453781512605,0.3529411764705882,0.2352941176470588,0.2962962962962963,0.5,0.0504115226337448,0.3148148148148147,0.0,0.0,0.2745098039215686,0.0,0.0,0.0,0.0,0.0,0.0,0.2019937744241711,0.2393601408928643,0.0931837691447267,0.0,0.0,0.0,0.065359477124183,0.0,0.0,0.0849673202614379,0.0,0.0,0.0
0.1176740136405173,0.1302647529318571,0.1216506547517492,0.1185185185185185,0.2666666666666666,0.2285714285714285,0.3777777777777777,0.1481481481481481,0.1247637051039697,0.0042533081285444,0.0077189666036546,0.1247637051039697,0.0,0.0666666666666666,0.1037037037037037,0.0,0.0,0.0,0.0909090909090909,0.1590909090909091,0.0,0.1152922084327053,0.1707748130664639,0.0186203391396756,0.0734299516908212,0.0747897656110216,0.0430641821946169,0.0144927536231884,0.3938618925831201,0.0,0.0125603864734299,0.0,0.0,0.0217391304347826
0.3502190377666129,0.2584608955724579,0.0402282485815133,0.2176870748299319,0.3265306122448979,0.2798833819241982,0.3877551020408163,0.2993197278911564,0.1056,0.0072,0.0032666666666666,0.1176,0.0,0.0,0.0,0.0,0.0,0.0,0.25,0.0,0.1666666666666666,0.1476048116563525,0.1639780202473786,0.020428491409135,0.0620408163265306,0.0517006802721088,0.0,0.0326530612244898,0.1411764705882353,0.036734693877551,0.0636734693877551,0.0142857142857142,0.0,0.073469387755102
0.1087561416098915,0.0,0.0,0.3555555555555555,0.2666666666666666,0.2031746031746031,0.4444444444444444,0.1185185185185185,0.1275992438563327,0.0042533081285444,0.0077189666036546,0.1219281663516068,0.0,0.0666666666666666,0.1037037037037037,0.0,0.0,0.0,0.2727272727272727,0.0,0.0,0.0349357338760535,0.3104881155349781,0.0505774361883438,0.0,0.0067990696010019,0.0215320910973084,0.0193236714975845,0.2148337595907928,0.0434782608695652,0.0376811594202898,0.0,0.0,0.0
0.4846328296041486,0.0,0.0,0.1666666666666666,0.375,0.4285714285714285,0.25,0.4166666666666666,0.1707988980716253,0.0082644628099173,0.014998469543924,0.1707988980716253,0.0,0.0,0.0,0.0,0.375,0.0,0.2580645161290322,0.0,0.0,0.0,0.2344774412955453,0.0283087870510128,0.0,0.0,0.0,0.0,0.1403743315508021,0.1988636363636363,0.221590909090909,0.0,0.0,0.0
0.281330061630626,0.1557157346675192,0.0,0.3636363636363636,0.1818181818181818,0.1038961038961038,0.3181818181818182,0.2424242424242424,0.2608695652173913,0.0340264650283553,0.0154379332073093,0.2041587901701323,0.0,0.0,0.0,0.0,0.0,0.0,0.1904761904761904,0.0,0.2857142857142857,0.086427310460006,0.2304344272602566,0.0555184361159136,0.0,0.0,0.0,0.0,0.0,0.1185770750988142,0.0,0.0,0.0,0.0
0.3115981427360911,0.0,0.0,0.0,0.0,0.3265306122448979,0.2857142857142857,0.1904761904761904,0.2933333333333333,0.04,0.0725925925925925,0.2133333333333333,0.0,0.0,0.0,0.0,0.0,0.0,0.0,0.0,0.0,0.0,0.0,0.0,0.0,0.0,0.0,0.0,0.0,0.5714285714285715,0.0,0.0,0.0,0.0
0.391353665854762,0.0,0.0899064348625351,0.1777777777777777,0.0888888888888888,0.2031746031746031,0.2222222222222222,0.3555555555555555,0.1304347826086956,0.0170132325141776,0.0077189666036546,0.1304347826086956,0.0,0.0,0.0,0.1555555555555555,0.2666666666666666,0.0,0.0909090909090909,0.0,0.1363636363636363,0.0428698097766981,0.2286008903914909,0.0282256699511011,0.0,0.0067990696010019,0.0,0.0048309178743961,0.155157715260017,0.0434782608695652,0.1256038647342995,0.0,0.0,0.0
0.1155031720251476,0.0,0.0398021507837963,0.0808080808080808,0.2424242424242424,0.4155844155844155,0.1515151515151515,0.4444444444444444,0.1557093425605536,0.0077854671280276,0.0141291810841983,0.1764705882352941,0.0,0.0,0.0,0.0,0.0,0.0,0.0,0.4375,0.0625,0.051085055461281,0.2270068614909653,0.043389412983232,0.0,0.0,0.0,0.017825311942959,0.0,0.0,0.0,0.0311942959001782,0.0,0.0
0.1135257915752867,0.0,0.0,0.0808080808080808,0.1212121212121212,0.3463203463203463,0.303030303030303,0.2828282828282828,0.1764705882352941,0.0155709342560553,0.0070645905420991,0.1660899653979238,0.0,0.0,0.1414141414141414,0.2121212121212121,0.0,0.0,0.0,0.0,0.125,0.2743058280011524,0.0,0.0,0.0,0.1379811183732752,0.0595874713521772,0.0089126559714795,0.0,0.0,0.0231729055258467,0.0,0.0,0.0
0.3231973384883074,0.1192594698521072,0.0742487499052263,0.1159420289855072,0.3478260869565217,0.1490683229813664,0.2826086956521739,0.2608695652173913,0.1249434133091896,0.0040742417383431,0.0110909913988229,0.1276595744680851,0.0,0.0,0.0,0.0,0.0,0.0,0.1777777777777777,0.3111111111111111,0.0,0.2118794465211535,0.2196902232589034,0.0292798262930971,0.0,0.006509747490321,0.0412316638033566,0.0,0.1485552592915056,0.0,0.0120259019426457,0.0,0.0,0.020814061054579
0.4653426873980746,0.0858554752619922,0.0,0.1666666666666666,0.25,0.3571428571428571,0.3125,0.3333333333333333,0.1707988980716253,0.0082644628099173,0.014998469543924,0.1707988980716253,0.0,0.0,0.0,0.0,0.375,0.0,0.1290322580645161,0.0,0.0,0.0,0.2285499318868279,0.0287480338270909,0.0,0.0,0.0,0.0,0.1403743315508021,0.1988636363636363,0.1969696969696969,0.0,0.0,0.1278409090909091
0.0,0.0,0.0507481364731673,0.1777777777777777,0.0,0.5333333333333333,0.1333333333333333,0.3555555555555555,0.1640625,0.10546875,0.095703125,0.234375,0.0,0.0,0.0,0.0,0.0,0.0,0.0,0.5,0.0,0.0,0.1036671556467951,0.0193472348576681,0.0,0.0,0.0,0.0,0.0,0.0,0.0,0.0,0.0,0.0
0.1466689216184883,0.0,0.0505418027159018,0.1720430107526881,0.0,0.4423963133640552,0.0967741935483871,0.1720430107526881,0.12890625,0.017578125,0.0079752604166666,0.158203125,0.0,0.0,0.0,0.0,0.0,0.0,0.0,0.0,0.0,0.0805162750815835,0.0715580975303697,0.0090931654595094,0.1021505376344086,0.0851254480286738,0.0,0.0,0.0,0.2419354838709677,0.0786290322580645,0.0,0.0,0.0
0.1231756044620696,0.2045324942960762,0.0,0.1739130434782608,0.2608695652173913,0.248447204968944,0.2608695652173913,0.2028985507246377,0.1222272521502942,0.0122227252150294,0.0073939942658819,0.1249434133091896,0.0,0.0,0.0,0.0,0.0,0.0,0.1777777777777777,0.1555555555555555,0.2222222222222222,0.1541145137831882,0.1027258904827183,0.0119254055525635,0.0468701819303114,0.1497241922773837,0.0412316638033566,0.0,0.1371279316536975,0.0138760407030527,0.0,0.0,0.0688020351526364,0.0
0.1196270879500094,0.1324267998826883,0.0,0.3333333333333333,0.375,0.25,0.34375,0.25,0.1763085399449036,0.0082644628099173,0.014998469543924,0.1707988980716253,0.0,0.09375,0.0,0.0,0.0,0.0,0.2580645161290322,0.2258064516129032,0.0,0.0,0.2850640667065114,0.0358392392239574,0.0959595959595959,0.0,0.0,0.0,0.3275401069518716,0.1136363636363636,0.0492424242424242,0.0,0.0,0.0
0.1342264750165719,0.1485882741992871,0.0925083234358946,0.1523809523809523,0.0,0.3265306122448979,0.3428571428571428,0.3428571428571428,0.1666666666666666,0.0208333333333333,0.0126028806584362,0.1666666666666666,0.0,0.0,0.0,0.0,0.0,0.0,0.0,0.0,0.0,0.1189121644466327,0.1585231355846552,0.0296940700279011,0.0,0.0,0.1768707482993197,0.0,0.0,0.1904761904761904,0.0412698412698412,0.0,0.0590277777777777,0.0714285714285714
0.0,0.0,0.0,0.2222222222222222,0.0,0.4761904761904761,0.1666666666666666,0.4444444444444444,0.3550295857988166,0.1597633136094674,0.0483234714003944,0.3550295857988166,0.0,0.0,0.0,0.0,0.0,0.0,0.0,0.6363636363636364,0.0,0.0,0.1032364877862652,0.0179025179025179,0.0,0.0,0.0,0.0,0.0,0.0,0.0,0.0,0.0,0.0
0.0,0.0933738991987137,0.0,0.2424242424242424,0.0,0.1038961038961038,0.5151515151515151,0.0404040404040404,0.171280276816609,0.0077854671280276,0.0141291810841983,0.171280276816609,0.0,0.0,0.1414141414141414,0.0,0.0,0.0,0.0,0.0,0.0,0.2030451300020687,0.1443635906011053,0.0257455961375217,0.0,0.0125437380339341,0.0,0.0445632798573975,0.0440390059767222,0.0,0.0,0.0,0.1325757575757575,0.0802139037433155
0.0,0.135080615675692,0.0420493519834779,0.1159420289855072,0.3478260869565217,0.3726708074534161,0.1521739130434782,0.4927536231884057,0.1195110909913988,0.0040742417383431,0.0073939942658819,0.1276595744680851,0.0,0.0,0.0,0.0,0.0,0.0,0.1777777777777777,0.0,0.0,0.0422418608482262,0.1501682582995234,0.0227637155975934,0.0234350909651557,0.0195292424709631,0.0,0.0,0.0228546552756162,0.0,0.0,0.0080943570767807,0.1032030527289546,0.0
0.0,0.141728883299063,0.0,0.2318840579710144,0.0,0.1987577639751552,0.4782608695652174,0.1159420289855072,0.2291666666666666,0.015625,0.0283564814814814,0.1145833333333333,0.0,0.0,0.0,0.0,0.0,0.0,0.0,0.3181818181818182,0.0,0.0,0.191346304845816,0.03857425224498,0.0,0.0,0.201863354037267,0.0,0.0,0.0,0.0,0.0,0.0,0.1630434782608695
0.1113037007284483,0.0,0.0383550217843688,0.1860465116279069,0.1860465116279069,0.2923588039867109,0.3488372093023256,0.2480620155038759,0.1332644628099173,0.0046487603305785,0.0084366391184573,0.1363636363636363,0.0,0.0,0.0,0.0,0.0,0.0,0.0952380952380952,0.0,0.0,0.1507223089386893,0.1674413289752427,0.0229150828439949,0.0937279774489076,0.0297549134758437,0.0471156750226517,0.047568710359408,0.1044646188285039,0.0,0.0,0.0092494714587737,0.0,0.0
0.728274391602793,0.0,0.0418269712688652,0.2424242424242424,0.0909090909090909,0.3376623376623376,0.3636363636363636,0.1212121212121212,0.1303703703703703,0.0044444444444444,0.0080658436213991,0.1244444444444444,0.0,0.0,0.0,0.0,0.2727272727272727,0.0,0.0930232558139534,0.0,0.0465116279069767,0.0412849103843377,0.2201495020097427,0.0339211312655191,0.0,0.0,0.0,0.0303030303030303,0.1497326203208556,0.0303030303030303,0.0262626262626262,0.0,0.0,0.0
0.1231740795634711,0.0,0.0424455294299034,0.4705882352941176,0.2352941176470588,0.2689075630252101,0.3529411764705882,0.1568627450980392,0.2962962962962963,0.0277777777777777,0.0504115226337448,0.2222222222222222,0.0,0.0,0.0,0.0,0.0,0.0,0.25,0.0,0.0,0.0,0.2288074410621141,0.0491737268316094,0.0,0.0,0.0,0.0,0.0,0.0,0.1699346405228758,0.0,0.0,0.0
0.249519488281164,0.0,0.0,0.3636363636363636,0.1818181818181818,0.3636363636363636,0.3181818181818182,0.2424242424242424,0.2608695652173913,0.0170132325141776,0.0308758664146187,0.2268431001890359,0.0,0.0,0.0,0.3181818181818182,0.0,0.0,0.1904761904761904,0.0,0.0,0.0,0.1904111194925251,0.0346170860659786,0.0,0.0,0.0,0.0,0.0,0.1778656126482213,0.0,0.0,0.0,0.0
0.116737975102915,0.0,0.0804553226681888,0.2222222222222222,0.0,0.0952380952380952,0.4166666666666667,0.1111111111111111,0.3905325443786982,0.5325443786982249,0.0483234714003944,0.2840236686390532,0.0,0.0,0.0,0.0,0.0,0.0,0.0,0.0,0.0,0.0,0.1788450873185586,0.0566120564013415,0.0,0.0,1.0,0.0,0.0,0.0,0.0,0.0,0.0,0.0
0.0,0.0,0.0371933493461239,0.2051282051282051,0.4102564102564102,0.3516483516483517,0.2564102564102564,0.3418803418803418,0.1387499999999999,0.005625,0.0306249999999999,0.14625,0.0,0.0,0.0,0.0,0.0,0.0,0.2105263157894736,0.1842105263157894,0.0526315789473684,0.1747270871773223,0.1941088607980712,0.0201107638996318,0.0324786324786324,0.0902184235517568,0.0,0.0128205128205128,0.2850678733031674,0.0,0.0,0.0,0.0,0.0
0.348248618601153,0.0,0.0600028717167785,0.1403508771929824,0.2105263157894736,0.4812030075187969,0.1578947368421052,0.2105263157894736,0.285,0.0675,0.0204166666666666,0.27,0.0,0.0,0.0,0.3684210526315789,0.0,0.0,0.2222222222222222,0.0,0.0,0.0,0.0981043459265441,0.0136436502011845,0.0,0.0,0.0,0.0,0.0,0.0789473684210526,0.2052631578947368,0.0,0.0,0.0
0.0,0.0,0.0518515999929076,0.1403508771929824,0.0,0.3609022556390977,0.1578947368421052,0.4210526315789473,0.3,0.0225,0.0408333333333333,0.3,0.0,0.0,0.0,0.0,0.0,0.0,0.0,0.0,0.2222222222222222,0.0,0.1618204108478952,0.0423552904700596,0.0,0.0,0.1172932330827067,0.0,0.0,0.0,0.0,0.0,0.0,0.0
0.1070410654177173,0.0,0.0,0.3703703703703703,0.4444444444444444,0.2539682539682539,0.3611111111111111,0.2592592592592592,0.1402483564645726,0.0065741417092768,0.0119308497686876,0.1402483564645726,0.0,0.0,0.0,0.0,0.0,0.0,0.4571428571428571,0.0,0.0,0.0899243458866527,0.239758301292193,0.0378190099177147,0.0,0.0211322433544655,0.0,0.015015015015015,0.2040275569687334,0.0225225225225225,0.039039039039039,0.0,0.0,0.0
0.1235035030300842,0.0683589894264189,0.0,0.2962962962962963,0.2962962962962963,0.2116402116402116,0.4444444444444444,0.1975308641975308,0.183673469387755,0.0114795918367346,0.0208333333333333,0.183673469387755,0.0,0.0,0.0,0.0,0.0,0.0,0.3076923076923077,0.0,0.0,0.0,0.2543900797307695,0.0366900645490217,0.0335097001763668,0.0,0.0,0.0,0.2941176470588235,0.1587301587301587,0.1375661375661375,0.0,0.0983796296296296,0.1785714285714285
0.1049612648012081,0.0,0.0,0.1568627450980392,0.0,0.2689075630252101,0.2941176470588235,0.3529411764705882,0.1714285714285714,0.0220408163265306,0.0066666666666666,0.1714285714285714,0.0,0.0,0.1372549019607843,0.2058823529411764,0.0,0.0,0.0,0.0,0.0,0.3233817153802631,0.1231725084077996,0.0162353031227779,0.0,0.1064425770308123,0.0,0.0168067226890756,0.1868512110726643,0.0,0.0655462184873949,0.0,0.0,0.0
0.1180742890467329,0.0653539282566861,0.0813763046317794,0.1403508771929824,0.631578947368421,0.3007518796992481,0.2105263157894736,0.4912280701754385,0.3,0.0225,0.1020833333333333,0.3,0.4210526315789473,0.0,0.0,0.0,0.0,0.0,0.2222222222222222,0.0,0.0,0.226693129126338,0.2014714295594331,0.0363140489413658,0.0,0.037037037037037,0.0,0.1578947368421052,0.3250773993808049,0.0,0.0,0.0,0.0,0.0
0.1001326701381956,0.0,0.0,0.2051282051282051,0.0,0.2637362637362637,0.4615384615384615,0.2051282051282051,0.3673469387755101,0.3214285714285714,0.0416666666666666,0.336734693877551,0.0,0.0,0.0,0.0,0.0,0.0,0.0,0.0,0.0,0.0,0.2340814289702298,0.060118446766085,0.0,0.0,0.1224489795918367,0.0,0.0,0.1648351648351648,0.1428571428571428,0.0,0.0,0.0
0.2470709987016731,0.0,0.0,0.3555555555555555,0.1333333333333333,0.419047619047619,0.3666666666666666,0.1777777777777777,0.1935483870967742,0.0093652445369406,0.0169961845300034,0.1873048907388137,0.0,0.0,0.0,0.0,0.0,0.0,0.1379310344827586,0.0,0.0,0.0,0.2468874851825891,0.0421714862152608,0.0,0.0,0.0,0.0,0.0,0.1290322580645161,0.0,0.0,0.0,0.0
0.4927275367354848,0.0,0.0,0.1240310077519379,0.0930232558139534,0.2126245847176079,0.3488372093023256,0.2170542635658914,0.1332644628099173,0.0046487603305785,0.0126549586776859,0.1270661157024793,0.0,0.0,0.1085271317829457,0.0,0.0,0.0,0.0952380952380952,0.0,0.0,0.0452483612234907,0.080428128157671,0.0080001667528553,0.0669485553206483,0.1190196539033748,0.0117789187556629,0.0052854122621564,0.1175226961820669,0.0317124735729386,0.054968287526427,0.0,0.0,0.0
0.1212027528657269,0.0670855279269517,0.0,0.2424242424242424,0.3636363636363636,0.2077922077922077,0.4090909090909091,0.1212121212121212,0.2495274102079395,0.0170132325141776,0.0308758664146187,0.2495274102079395,0.0,0.0,0.0,0.0,0.0,0.0,0.3809523809523809,0.0,0.0,0.0,0.1902444998310143,0.033644547718766,0.0,0.0,0.0,0.0,0.0,0.1778656126482213,0.0513833992094861,0.0,0.1469861660079051,0.0889328063241106
0.1257505103931324,0.0696027043721746,0.1300000862673384,0.1367521367521367,0.4102564102564102,0.1172161172161172,0.3333333333333333,0.1367521367521367,0.15,0.03375,0.0102083333333333,0.15,0.0,0.0,0.0,0.0,0.0,0.0,0.2105263157894736,0.0,0.0,0.0900743631971376,0.2401582807990957,0.049474664184067,0.0,0.0,0.0142857142857142,0.0256410256410256,0.0,0.0769230769230769,0.0666666666666666,0.0,0.0,0.0288461538461538
0.36572147605552,0.0,0.084017902305835,0.0808080808080808,0.4848484848484848,0.1385281385281385,0.4545454545454545,0.1212121212121212,0.1608996539792387,0.0077854671280276,0.0141291810841983,0.1764705882352941,0.0,0.0,0.0,0.0,0.0,0.0,0.125,0.0,0.125,0.0483829457621875,0.2579993832165574,0.0284977009143896,0.0,0.0,0.0,0.0,0.3302925448254167,0.0,0.1390374331550802,0.0,0.0,0.0
0.3868608455040293,0.0,0.0888742905504843,0.0,0.5106382978723404,0.243161094224924,0.3191489361702128,0.2836879432624113,0.1171875,0.0078125,0.0035445601851851,0.1223958333333333,0.0,0.0,0.0,0.0,0.0,0.0,0.0,0.0,0.0434782608695652,0.1007555165712987,0.1492425615033801,0.0184410748172251,0.0224586288416075,0.0374310480693459,0.0,0.0310283687943262,0.2956821026282853,0.026595744680851,0.0115248226950354,0.0232712765957446,0.0,0.0
0.2298120306209235,0.0636002938615143,0.0,0.3333333333333333,0.1666666666666666,0.1904761904761904,0.4583333333333333,0.2222222222222222,0.2304,0.0576,0.0130666666666666,0.2304,0.0,0.0,0.0,0.2916666666666666,0.0,0.0,0.1739130434782608,0.0,0.0,0.1251487232886419,0.2224495491828399,0.0409456619061831,0.0,0.0,0.0742857142857142,0.0333333333333333,0.1235294117647058,0.05,0.2166666666666666,0.0,0.0,0.15
0.0,0.0438571726424285,0.0,0.3809523809523809,0.2857142857142857,0.0,0.4285714285714285,0.0952380952380952,0.32,0.12,0.0362962962962962,0.3466666666666667,0.0,0.0,0.3333333333333333,0.0,0.0,0.0,0.0,0.0,0.0,0.231426247266768,0.1371186297943939,0.0332765649997419,0.0,0.1340388007054674,0.0,0.0,0.1176470588235294,0.0,0.0,0.0,0.0,0.0
0.33006526235075,0.0913452947709791,0.0,0.0952380952380952,0.0,0.3673469387755102,0.3214285714285714,0.4285714285714286,0.1712247324613555,0.0107015457788347,0.0194213238208481,0.1712247324613555,0.0,0.0,0.0,0.0,0.0,0.0,0.0,0.0,0.0,0.0,0.2045203691449817,0.0269131067274975,0.0,0.0173326035395,0.0,0.0,0.152129817444219,0.0369458128078817,0.1921182266009852,0.0,0.0,0.0554187192118226
0.2390554159694071,0.0,0.0823779948660275,0.2666666666666666,0.4,0.3428571428571428,0.3666666666666666,0.1777777777777777,0.1498439125910509,0.0093652445369406,0.0169961845300034,0.1498439125910509,0.0,0.0,0.0,0.0,0.0,0.0,0.4137931034482758,0.0,0.0689655172413793,0.0,0.2462408629984611,0.0324697821543499,0.0,0.045400238948626,0.0,0.0,0.239089184060721,0.032258064516129,0.0279569892473118,0.0,0.0,0.0
0.3653456824932845,0.1348121634005402,0.1258973557855249,0.0592592592592592,0.3555555555555555,0.3047619047619047,0.3111111111111111,0.237037037037037,0.1247637051039697,0.0042533081285444,0.011578449905482,0.1247637051039697,0.0,0.0,0.0,0.1555555555555555,0.0,0.0,0.0909090909090909,0.1590909090909091,0.0909090909090909,0.116681263752109,0.1382658639400138,0.0146804497754674,0.0489533011272141,0.0679906960100196,0.0107660455486542,0.0,0.2267689684569479,0.0144927536231884,0.0376811594202898,0.0,0.0359299516908212,0.0217391304347826
0.0,0.0,0.0,0.4444444444444444,0.2222222222222222,0.3174603174603174,0.2222222222222222,0.074074074074074,0.299168975069252,0.0498614958448753,0.0226223453370267,0.3157894736842105,0.0,0.0,0.2592592592592592,0.0,0.0,0.1666666666666666,0.2352941176470588,0.0,0.0,0.0770610380924148,0.2739491499834599,0.0573800252016487,0.0,0.0,0.0,0.0,0.0,0.0,0.0,0.0,0.0,0.0
0.2368177530797883,0.0655391218936767,0.2448207027849253,0.0,0.7058823529411765,0.2689075630252101,0.1176470588235294,0.3137254901960784,0.3148148148148147,0.0277777777777777,0.0504115226337448,0.3148148148148147,0.0,0.0,0.0,0.0,0.0,0.0,0.0,0.0,0.125,0.260430126064577,0.0,0.0,0.0,0.0,0.0,0.065359477124183,0.0,0.0,0.0,0.2859477124183007,0.0,0.0
0.0,0.0754677987544306,0.0939697237052016,0.3047619047619047,0.0,0.5877551020408163,0.2857142857142857,0.3428571428571428,0.1527777777777777,0.0069444444444444,0.0126028806584362,0.1157407407407407,0.0,0.0,0.0,0.1999999999999999,0.0,0.0,0.0,0.0,0.0,0.0,0.3087768580690851,0.0595268135306564,0.0,0.0,0.0,0.0,0.0,0.0,0.0,0.0,0.0,0.0357142857142857
0.1250060836693473,0.1383813307661306,0.043076834201713,0.2758620689655172,0.2758620689655172,0.2364532019704433,0.2413793103448276,0.1839080459770115,0.2,0.01,0.0181481481481481,0.2,0.0,0.0,0.0,0.0,0.0,0.0,0.2857142857142857,0.0,0.0714285714285714,0.0582638468688957,0.2589072850497898,0.0450329142553198,0.0,0.0,0.0,0.0229885057471264,0.0,0.0344827586206896,0.0298850574712643,0.0,0.0,0.2068965517241379
0.1030517838996417,0.0,0.0,0.1666666666666666,0.25,0.2857142857142857,0.375,0.1666666666666666,0.3114186851211072,0.0311418685121107,0.0565167243367935,0.2906574394463668,0.0,0.0,0.0,0.0,0.0,0.0,0.2666666666666666,0.0,0.0,0.0834029311315515,0.1482471729891382,0.0340921588034751,0.0,0.0,0.0,0.0367647058823529,0.0,0.0,0.0,0.0,0.0,0.0
0.0,0.0,0.0398759045663335,0.3555555555555555,0.2666666666666666,0.2285714285714285,0.4666666666666667,0.0444444444444444,0.1873048907388137,0.0093652445369406,0.0169961845300034,0.1873048907388137,0.0,0.0,0.0,0.0,0.0,0.0,0.1379310344827586,0.0,0.0,0.0,0.2670844594002699,0.0376285603574246,0.0272401433691756,0.0151334129828753,0.0,0.0,0.239089184060721,0.0,0.0,0.0,0.0,0.0
0.18196929311149,0.1007197097940711,0.0627062366812527,0.0,0.1538461538461538,0.4395604395604395,0.1153846153846153,0.4615384615384615,0.1646090534979424,0.0493827160493827,0.0672153635116598,0.1893004115226337,0.0,0.0,0.0,0.0,0.0,0.0,0.0,0.0,0.16,0.0,0.2201405000324014,0.0276349805366534,0.0,0.0,0.0,0.0,0.3167420814479637,0.0,0.0,0.0498575498575498,0.0,0.0
0.129399955846097,0.214867999605834,0.1783638133464105,0.0544217687074829,0.0816326530612244,0.3032069970845481,0.2244897959183673,0.2993197278911564,0.1127999999999999,0.0144,0.0032666666666666,0.1127999999999999,0.0,0.0,0.0,0.0,0.0,0.0,0.0,0.0,0.0833333333333333,0.0408394180703711,0.1814782823970702,0.0166171451002512,0.1137414965986394,0.0746787603930461,0.0181924198250728,0.0081632653061224,0.1815126050420167,0.0122448979591836,0.0106122448979591,0.0,0.3339285714285714,0.0551020408163265
0.0,0.0,0.0,0.8888888888888888,0.0,0.0,0.5833333333333334,0.0,0.4615384615384615,0.0,0.0483234714003944,0.4615384615384615,0.0,0.0,0.0,0.0,0.0,0.25,0.0,0.0,0.0,0.0,0.4283644462407856,0.1813044925723643,0.0,0.0,0.0,0.0,0.0,0.0,0.0,0.0,0.0,0.0
0.1038433592726652,0.0,0.0,0.4148148148148148,0.1777777777777777,0.3047619047619047,0.4444444444444444,0.1777777777777777,0.1275992438563327,0.0042533081285444,0.0077189666036546,0.1219281663516068,0.0,0.0666666666666666,0.0,0.0,0.0,0.0,0.1818181818181818,0.1590909090909091,0.0,0.033783084699676,0.2401952417561951,0.0373769150017187,0.0,0.0067990696010019,0.0322981366459627,0.0193236714975845,0.1670929241261722,0.0144927536231884,0.0125603864734299,0.0,0.0,0.0
0.0951948704103728,0.0,0.0328039526489599,0.3199999999999999,0.16,0.2742857142857142,0.28,0.2666666666666666,0.2307692307692307,0.0931952662721893,0.0241617357001972,0.2307692307692307,0.0,0.0,0.0,0.28,0.0,0.0,0.1666666666666666,0.5833333333333333,0.0,0.2598633723121325,0.2309511775307607,0.0582240578773141,0.0,0.0,0.0,0.0461538461538461,0.0,0.0461538461538461,0.04,0.0,0.0,0.0
0.1871569760386136,0.0,0.0644939013355095,0.0,0.0,0.5,0.0625,0.4166666666666666,0.3321799307958477,0.0934256055363322,0.0282583621683967,0.3321799307958477,0.0,0.0,0.0,0.4375,0.0,0.0,0.0,0.0,0.0,0.0,0.1106096166678684,0.0163816143816753,0.0,0.0,0.0,0.0,0.0,0.0,0.0955882352941176,0.0,0.0,0.0
0.101364130049948,0.0561048822446329,0.034929866579231,0.3137254901960784,0.1176470588235294,0.1680672268907563,0.5588235294117647,0.0784313725490196,0.1616326530612244,0.0881632653061224,0.0266666666666666,0.1616326530612244,0.0,0.0,0.0,0.0,0.0,0.0,0.1212121212121212,0.0,0.0,0.1370620254636139,0.2436252242393827,0.0544013823080765,0.0,0.0,0.0749099639855942,0.0252100840336134,0.0,0.1260504201680672,0.0436974789915966,0.0,0.0,0.0378151260504201
0.2696348812513685,0.074621235609674,0.0,0.2962962962962963,0.4444444444444444,0.2539682539682539,0.3703703703703703,0.1975308641975308,0.183673469387755,0.0114795918367346,0.0208333333333333,0.1913265306122449,0.0,0.0,0.0,0.0,0.0,0.0,0.4615384615384615,0.0,0.0,0.0,0.2190716581898167,0.0308209127158252,0.0,0.0186165000979815,0.0,0.0,0.2287581699346405,0.1587301587301587,0.2063492063492063,0.0,0.0983796296296296,0.119047619047619
0.0,0.0,0.0,0.1333333333333333,0.0,0.5714285714285714,0.1,0.2666666666666666,0.1632653061224489,0.0204081632653061,0.037037037037037,0.1632653061224489,0.0,0.0,0.0,0.0,0.0,0.0,0.0,0.0,0.0,0.0,0.1686558627328511,0.0192508413286424,0.0603174603174603,0.0335097001763668,0.0,0.0,0.2352941176470588,0.0,0.0,0.0,0.0,0.0
0.0,0.0,0.0,0.1333333333333333,0.0,0.5714285714285714,0.1,0.2666666666666666,0.1632653061224489,0.0204081632653061,0.037037037037037,0.1632653061224489,0.0,0.0,0.0,0.35,0.0,0.0,0.0,0.0,0.0,0.0,0.1678934630648139,0.0196638362290324,0.0,0.0670194003527337,0.0,0.0,0.2352941176470588,0.0,0.0,0.0,0.0,0.0
0.1107267610851111,0.0,0.0,0.3555555555555555,0.2666666666666666,0.3047619047619047,0.4,0.1777777777777777,0.1275992438563327,0.0042533081285444,0.0077189666036546,0.1219281663516068,0.0,0.0,0.0,0.0,0.0,0.0,0.2727272727272727,0.0,0.0,0.0356798615662218,0.2536811854486578,0.0362289525967079,0.0,0.0067990696010019,0.0322981366459627,0.0096618357487922,0.1670929241261722,0.0144927536231884,0.0376811594202898,0.0,0.0,0.0
0.4699728429662865,0.0,0.0404879139508845,0.1159420289855072,0.6086956521739131,0.1987577639751552,0.3043478260869565,0.3188405797101449,0.1249434133091896,0.0081484834766862,0.0110909913988229,0.1222272521502942,0.0,0.0,0.1014492753623188,0.0,0.2608695652173913,0.0,0.1777777777777777,0.0,0.0,0.2245874297117756,0.0998000043042616,0.01213846281278,0.0117175454825778,0.0455682324322472,0.0,0.0,0.18283724220493,0.0138760407030527,0.0481036077705828,0.0161887141535615,0.0,0.0
0.0,0.0,0.0,0.6666666666666666,0.5,0.5714285714285714,0.125,0.3333333333333333,0.6666666666666666,0.1111111111111111,0.3024691358024691,0.6666666666666666,0.0,0.0,0.0,0.0,0.0,0.0,0.5714285714285714,0.0,0.0,0.1282321911502257,0.1139651782395942,0.0235475596431054,0.3518518518518518,0.1954732510288065,0.0,0.1388888888888889,0.0,0.0,0.0,0.0,0.0,0.0
0.1573261370973142,0.0,0.0542142568137969,0.1403508771929824,0.0,0.4812030075187969,0.2105263157894736,0.1403508771929824,0.285,0.0675,0.0204166666666666,0.285,0.0,0.0,0.0,0.3684210526315789,0.0,0.0,0.0,0.0,0.0,0.0,0.1824962054041136,0.0304963988898705,0.0,0.0,0.0,0.0,0.0,0.0789473684210526,0.1368421052631579,0.0,0.0,0.0
0.1575615238756226,0.0,0.0,0.3809523809523809,0.0,0.4897959183673468,0.2857142857142857,0.1904761904761904,0.2933333333333333,0.04,0.0725925925925925,0.2933333333333333,0.0,0.0,0.0,0.0,0.0,0.0,0.0,0.0,0.0,0.0,0.0886292829642843,0.0161380100191814,0.2412698412698413,0.0670194003527337,0.0,0.0,0.0,0.2857142857142857,0.1238095238095238,0.0,0.0,0.0
0.0,0.075662328507675,0.0,0.3333333333333333,0.25,0.3571428571428571,0.28125,0.375,0.1707988980716253,0.0082644628099173,0.014998469543924,0.1707988980716253,0.0,0.0,0.0,0.0,0.0,0.0,0.2580645161290322,0.0,0.0,0.0,0.2564283309768724,0.0350372629550931,0.0239898989898989,0.0,0.0,0.0,0.1871657754010695,0.0,0.0,0.0,0.0,0.1278409090909091
0.1588404342096128,0.3516716950118498,0.1094721608441751,0.0,0.0,0.3223443223443223,0.2051282051282051,0.2393162393162393,0.15,0.005625,0.0102083333333333,0.15,0.0,0.0,0.0,0.0,0.0,0.0,0.0,0.3684210526315789,0.3684210526315789,0.0702113636416917,0.0623997024467617,0.0045692412961905,0.1299145299145299,0.2616334283000949,0.0,0.0,0.0475113122171945,0.0,0.0,0.0,0.0,0.0576923076923076
0.0,0.0,0.1136338183321595,0.392156862745098,0.1176470588235294,0.3025210084033613,0.3529411764705882,0.2352941176470588,0.1077551020408163,0.0073469387755102,0.0399999999999999,0.1126530612244897,0.0,0.0,0.1372549019607843,0.0,0.0,0.0,0.0,0.0,0.0,0.3217200943279345,0.3335800640895247,0.0678970448779971,0.0,0.0,0.0,0.0,0.1453287197231833,0.0,0.0,0.0,0.0,0.0
0.0,0.0,0.0,0.1066666666666666,0.16,0.1371428571428571,0.56,0.2133333333333333,0.2130177514792899,0.0266272189349112,0.0120808678500986,0.2218934911242603,0.0,0.12,0.0,0.0,0.0,0.0,0.0,0.0,0.0,0.0,0.4435969948557886,0.0699269690216008,0.0389743589743589,0.0,0.0,0.0,0.5321266968325791,0.0,0.0,0.0,0.0,0.0
0.1040093882561869,0.0,0.0,0.2962962962962963,0.2222222222222222,0.3809523809523809,0.3333333333333333,0.0,0.2493074792243767,0.0249307479224376,0.0452446906740535,0.2326869806094182,0.0,0.0,0.0,0.3888888888888888,0.0,0.0,0.2352941176470588,0.0,0.0,0.0769203769648622,0.1367245524298579,0.0277989508137918,0.0,0.0,0.0,0.1169590643274853,0.0,0.0,0.0760233918128654,0.0,0.0,0.0
0.1146703143405941,0.2538793350217237,0.0,0.2105263157894736,0.1052631578947368,0.2706766917293233,0.3947368421052631,0.1403508771929824,0.1538461538461538,0.0059171597633136,0.0161078238001314,0.1538461538461538,0.0,0.0,0.0,0.0,0.0,0.0789473684210526,0.0,0.0,0.0,0.1463205330815438,0.1733880339320317,0.0355750153930355,0.0,0.0,0.0451127819548872,0.0472334682860998,0.0,0.0607287449392712,0.0,0.0,0.0501855600539811,0.0607287449392712
0.0922341229148589,0.0,0.0,0.2051282051282051,0.0,0.0,0.6153846153846154,0.0,0.3673469387755101,0.5510204081632653,0.0416666666666666,0.336734693877551,0.0,0.0,0.0,0.5384615384615385,0.0,0.0,0.0,0.0,0.0,0.0,0.3023337871221737,0.0854961508169072,0.0,0.0,0.2448979591836734,0.0,0.0,0.0,0.1428571428571428,0.0,0.0,0.0
0.2237612631728462,0.0,0.0,0.2051282051282051,0.3076923076923077,0.1758241758241758,0.4615384615384615,0.2051282051282051,0.3673469387755101,0.183673469387755,0.0416666666666666,0.336734693877551,0.0,0.0,0.0,0.5384615384615385,0.0,0.0,0.3333333333333333,0.0,0.0,0.0,0.1821039439860537,0.0364572260845572,0.0,0.0,0.2448979591836734,0.0,0.0,0.0,0.2857142857142857,0.0,0.0,0.0
0.2730456394393586,0.0,0.0470454772854951,0.1739130434782608,0.3478260869565217,0.4223602484472049,0.217391304347826,0.3768115942028985,0.1249434133091896,0.0040742417383431,0.0369699713294099,0.1249434133091896,0.0,0.0,0.0,0.0,0.0,0.0,0.0888888888888888,0.0,0.0444444444444444,0.0,0.1999297189876463,0.0221983407979614,0.1171754548257786,0.1171754548257786,0.0,0.0,0.1485552592915056,0.1110083256244218,0.0240518038852914,0.0,0.0,0.0
0.2500238911897702,0.2075817298481443,0.0430788542089565,0.1333333333333333,0.4,0.3999999999999999,0.225,0.3666666666666667,0.1463414634146341,0.0214158239143367,0.0048582193139004,0.1427721594289113,0.0,0.0,0.0,0.0,0.0,0.0,0.2051282051282051,0.0,0.0512820512820512,0.1245711022557254,0.0369038064070426,0.0047539197720005,0.0617886178861788,0.0772357723577235,0.0543554006968641,0.0182926829268292,0.0602582496413199,0.1097560975609756,0.0317073170731707,0.0,0.2267530487804878,0.0548780487804878
0.1073491292241573,0.0,0.0369922847396683,0.4705882352941176,0.2352941176470588,0.3361344537815126,0.2352941176470588,0.392156862745098,0.3333333333333333,0.0833333333333333,0.0504115226337448,0.3333333333333333,0.0,0.0,0.0,0.0,0.0,0.0,0.0,0.0,0.0,0.0748838447695135,0.2662093079709087,0.0831553643463637,0.0,0.0,0.0,0.065359477124183,0.0,0.0980392156862745,0.0,0.0571895424836601,0.0,0.0
0.4660754411799239,0.0,0.0,0.0620155038759689,0.1860465116279069,0.2126245847176079,0.3488372093023256,0.2170542635658914,0.1332644628099173,0.0046487603305785,0.0126549586776859,0.1270661157024793,0.0,0.0,0.0,0.0,0.0,0.0,0.0952380952380952,0.0,0.0,0.1317889466946876,0.1171262119546338,0.0121673478301563,0.0937279774489076,0.1041421971654529,0.0117789187556629,0.0158562367864693,0.1566969282427558,0.0634249471458773,0.0,0.0,0.0,0.0
0.1213352183907977,0.0,0.0,0.3333333333333333,0.0,0.1904761904761904,0.3333333333333333,0.2222222222222222,0.2304,0.0144,0.0261333333333333,0.2304,0.0,0.0,0.0,0.0,0.0,0.0,0.0,0.0,0.0,0.0,0.2121457961169087,0.040981887378621,0.0,0.0,0.0,0.0,0.0,0.0,0.0,0.0,0.0,0.0
0.2264827995366836,0.2507157273915156,0.0,0.1159420289855072,0.4347826086956521,0.124223602484472,0.391304347826087,0.144927536231884,0.1249434133091896,0.0122227252150294,0.0073939942658819,0.1222272521502942,0.0,0.0,0.0,0.0,0.0,0.0,0.1777777777777777,0.0,0.0,0.2288872147449247,0.0678071343115669,0.0074316536812502,0.0468701819303114,0.1497241922773837,0.0,0.0138760407030527,0.1028459487402731,0.0138760407030527,0.0120259019426457,0.0,0.0688020351526364,0.020814061054579
0.1384688989766616,0.1532846238171521,0.1431482763452264,0.2962962962962963,0.4444444444444444,0.3492063492063492,0.25,0.3333333333333333,0.1621621621621621,0.0065741417092768,0.0119308497686876,0.1621621621621621,0.0,0.0,0.1296296296296296,0.0,0.0,0.0,0.4571428571428571,0.0,0.0,0.106248317213656,0.3304952450008479,0.0339048848393724,0.057057057057057,0.1056612167723278,0.0,0.0075075075075075,0.3153153153153153,0.0225225225225225,0.0,0.0,0.0,0.0
0.1234749573850585,0.0683431894580082,0.0425492112960579,0.2666666666666666,0.0,0.3428571428571428,0.3,0.4888888888888888,0.1873048907388137,0.0093652445369406,0.0509885535900104,0.1873048907388137,0.0,0.0,0.0,0.0,0.0,0.0,0.0,0.0,0.0,0.0570039885193672,0.2026470780450683,0.0355697559985348,0.0,0.0,0.0,0.032258064516129,0.0,0.0,0.0279569892473118,0.0376344086021505,0.0799731182795698,0.1451612903225806
0.4057473829425698,0.2245805210368158,0.3728525253544792,0.0544217687074829,0.4897959183673469,0.1865889212827988,0.2244897959183673,0.2448979591836734,0.12,0.0072,0.0130666666666666,0.1152,0.0,0.0,0.0,0.0,0.0,0.0,0.0,0.0,0.125,0.1189422087692985,0.2466538480109302,0.024898411656093,0.0,0.0574452003023431,0.0181924198250728,0.0040816326530612,0.4638655462184873,0.0,0.0,0.0,0.2125,0.0
0.10441391754202,0.0577929346950367,0.035980816951326,0.0808080808080808,0.0,0.3116883116883116,0.2727272727272727,0.4444444444444444,0.1764705882352941,0.0077854671280276,0.0282583621683967,0.1764705882352941,0.0,0.0,0.0,0.0,0.0,0.0,0.0,0.0,0.125,0.2915534853412089,0.0431859122440895,0.0050738062548825,0.0,0.1756123324750775,0.0198624904507257,0.0445632798573975,0.0880780119534444,0.0,0.0463458110516934,0.0,0.0,0.0802139037433155
0.1153077643522185,0.1276453226143271,0.0,0.3333333333333333,0.25,0.2142857142857142,0.375,0.2083333333333333,0.1763085399449036,0.0082644628099173,0.014998469543924,0.1707988980716253,0.0,0.09375,0.0,0.0,0.0,0.0,0.2580645161290322,0.2258064516129032,0.0,0.0,0.2733464150021581,0.0399878614184114,0.0,0.0,0.0,0.0,0.2339572192513369,0.0852272727272727,0.0492424242424242,0.0,0.0,0.0
0.0,0.1109777260688738,0.2072780661734496,0.2539682539682539,0.5714285714285714,0.1088435374149659,0.0952380952380952,0.1904761904761904,0.2603305785123967,0.1115702479338842,0.0168732782369146,0.2603305785123967,0.0,0.0,0.0,0.0,0.0,0.0,0.2,0.0,0.3,0.3293568782354463,0.0,0.0,0.0,0.0,0.0,0.1082251082251082,0.0,0.0,0.0,0.0,0.0,0.0
0.1630892203263689,0.0902696200053327,0.0,0.1666666666666666,0.125,0.3928571428571428,0.1875,0.4583333333333333,0.1707988980716253,0.0082644628099173,0.014998469543924,0.1542699724517906,0.0,0.0,0.0,0.0,0.0,0.0,0.1290322580645161,0.0,0.1290322580645161,0.0,0.185857203586249,0.0229853371040186,0.0,0.0,0.0,0.0,0.1169786096256684,0.0,0.0,0.0,0.0,0.1278409090909091
0.1132537052684154,0.0,0.0,0.3232323232323232,0.0,0.277056277056277,0.3333333333333333,0.3636363636363636,0.129757785467128,0.023356401384083,0.0070645905420991,0.1608996539792387,0.0,0.0,0.1414141414141414,0.2121212121212121,0.0,0.0,0.0,0.0,0.0625,0.2614580326693512,0.0929473668914494,0.0112769620479858,0.0451574569221628,0.1505248564072093,0.0,0.0,0.1100975149418056,0.0,0.0695187165775401,0.0,0.0,0.0
0.1244797376705798,0.0,0.0,0.2222222222222222,0.1666666666666666,0.3333333333333333,0.2083333333333333,0.3888888888888889,0.2208,0.0144,0.0261333333333333,0.2304,0.0,0.0,0.0,0.0,0.0,0.0,0.1739130434782608,0.0,0.0,0.0,0.1914634885672261,0.0330919183458967,0.0,0.0,0.0742857142857142,0.0,0.0,0.0,0.0,0.0,0.0,0.0
0.0,0.0,0.0,0.4210526315789473,0.4210526315789473,0.1804511278195488,0.3684210526315789,0.2807017543859649,0.285,0.09,0.1224999999999999,0.3,0.0,0.3157894736842105,0.0,0.0,0.0,0.0,0.2222222222222222,0.0,0.0,0.0,0.3926155448270253,0.0921534038938978,0.0,0.0,0.0,0.0,0.0,0.0,0.0,0.0,0.0,0.0
0.1099667960103233,0.0,0.0,0.2807017543859649,0.2105263157894736,0.1203007518796992,0.5263157894736842,0.0,0.2249999999999999,0.0225,0.0816666666666666,0.2249999999999999,0.0,0.0,0.0,0.0,0.0,0.0,0.2222222222222222,0.0,0.0,0.0760602396632352,0.2703913484567045,0.0418055755463317,0.0666666666666666,0.074074074074074,0.0,0.0263157894736842,0.4551083591331268,0.0789473684210526,0.0684210526315789,0.0,0.0,0.0
0.1173501731994269,0.0,0.0404386235139176,0.0592592592592592,0.2666666666666666,0.2031746031746031,0.2444444444444444,0.237037037037037,0.1275992438563327,0.0127599243856332,0.0077189666036546,0.1247637051039697,0.0,0.0666666666666666,0.0,0.0,0.0,0.0,0.0909090909090909,0.1590909090909091,0.0454545454545454,0.1917942368364182,0.1363642885008965,0.01547434829187,0.0367149758454106,0.0951869744140275,0.0645962732919254,0.0,0.2267689684569479,0.0144927536231884,0.0125603864734299,0.0,0.0,0.0
0.1082888220237729,0.0,0.037316100907181,0.1666666666666666,0.25,0.3571428571428571,0.4375,0.4166666666666666,0.2698961937716262,0.0311418685121107,0.0847750865051903,0.3321799307958477,0.0,0.0,0.0,0.0,0.0,0.0,0.0,0.0,0.0,0.0855198231302948,0.1520099095030627,0.0249498140372111,0.1862745098039215,0.0,0.0,0.0367647058823529,0.2724913494809688,0.2205882352941176,0.0,0.0643382352941176,0.0,0.0
0.4373073162248978,0.1210244465642062,0.0376737959530909,0.0579710144927536,0.4347826086956521,0.1987577639751552,0.3478260869565217,0.2028985507246377,0.1249434133091896,0.0081484834766862,0.0110909913988229,0.1222272521502942,0.0,0.0,0.0,0.0,0.0,0.0,0.0888888888888888,0.1555555555555555,0.1333333333333333,0.2451888004013954,0.0622597962770334,0.008135164855684,0.0117175454825778,0.1171754548257786,0.0103079159508391,0.0,0.1599825869293138,0.0,0.0,0.0,0.1376040703052729,0.0
0.7968785057946215,0.1764283862895314,0.2196821291598693,0.226950354609929,0.3404255319148936,0.243161094224924,0.3617021276595745,0.3120567375886525,0.1145833333333333,0.00390625,0.0106336805555555,0.1197916666666666,0.0,0.0638297872340425,0.0,0.0,0.2553191489361702,0.0,0.1739130434782608,0.0,0.2608695652173913,0.0455158538054005,0.1213553869382818,0.0120236714166301,0.0336879432624113,0.0561465721040189,0.019756838905775,0.0,0.208072590738423,0.0797872340425532,0.0115248226950354,0.0620567375886524,0.0659352836879432,0.0199468085106383
0.1590817924349125,0.0,0.0548192519602181,0.1403508771929824,0.0,0.4812030075187969,0.1578947368421052,0.2105263157894736,0.285,0.0675,0.0204166666666666,0.285,0.0,0.0,0.0,0.3684210526315789,0.0,0.0,0.0,0.0,0.0,0.0,0.1862382984250128,0.0297913313139788,0.0,0.0,0.0,0.0,0.0,0.0789473684210526,0.1368421052631579,0.0,0.0,0.0
0.1134820244942972,0.0628121172450033,0.0,0.1159420289855072,0.1739130434782608,0.0496894409937888,0.217391304347826,0.1159420289855072,0.2395833333333333,0.015625,0.0283564814814814,0.25,0.0,0.1304347826086956,0.2028985507246377,0.0,0.0,0.1304347826086956,0.1818181818181818,0.0,0.0,0.0732549397521883,0.2604186106750213,0.0619328267033448,0.0,0.0,0.0,0.0,0.0,0.0,0.0,0.0,0.0,0.0
0.1075107241151564,0.0595070121308575,0.0370479700001219,0.1481481481481481,0.1111111111111111,0.3174603174603174,0.25,0.2222222222222222,0.1621621621621621,0.0131482834185536,0.0059654248843438,0.1621621621621621,0.0,0.0,0.0,0.1944444444444444,0.0,0.0,0.0,0.1999999999999999,0.0,0.0933047186870547,0.1658474178813355,0.0267690044155572,0.0,0.0,0.0,0.075075075075075,0.0,0.0,0.0,0.0131381381381381,0.0,0.0
0.1023770489376783,0.0,0.0,0.2352941176470588,0.0,0.2352941176470588,0.3235294117647059,0.3137254901960784,0.1714285714285714,0.0220408163265306,0.0066666666666666,0.1714285714285714,0.0,0.0,0.1372549019607843,0.2058823529411764,0.0,0.0,0.0,0.2121212121212121,0.0,0.3155242304206295,0.1201796795426408,0.0159789273765019,0.0,0.1419234360410831,0.0,0.0,0.1868512110726643,0.0,0.0436974789915966,0.0,0.0,0.0
0.283386451725169,0.0,0.0,0.0,0.0,0.5142857142857142,0.35,0.5333333333333333,0.2448979591836734,0.0204081632653061,0.1111111111111111,0.0952380952380952,0.0,0.0,0.0,0.35,0.0,0.0,0.0,0.0,0.0,0.0,0.0,0.0,0.0,0.0,0.0,0.0,0.0,0.0,0.1857142857142857,0.0,0.0,0.0
0.0,0.0,0.0,0.5333333333333333,0.0,0.0,0.5,0.0,0.4462809917355372,0.0,0.2024793388429751,0.4462809917355372,0.0,0.0,0.0,0.0,0.0,0.3,0.0,0.0,0.0,0.0,0.4340786821573818,0.1903043925842675,0.0,0.0,0.0,0.0,0.0,0.0,0.0,0.0,0.0,0.0
0.5351585925577829,0.0987364721717069,0.1229430189131748,0.0,0.0,0.5170068027210885,0.1666666666666666,0.3174603174603174,0.0811249323958896,0.0243374797187669,0.0176672074995493,0.0746349378042185,0.1904761904761904,0.0,0.0,0.0,0.0,0.0,0.0,0.1707317073170731,0.0,0.0,0.0,0.0,0.0,0.0,0.0740389178927384,0.0,0.0,0.3654485049833887,0.0863787375415282,0.0,0.0,0.0498338870431893
0.3314168832712188,0.1222924730254026,0.1142055627475312,0.065040650406504,0.2926829268292683,0.3344947735191637,0.2926829268292683,0.2601626016260162,0.1326530612244898,0.010204081632653,0.0046296296296296,0.1394557823129251,0.0,0.0,0.1138211382113821,0.0,0.0,0.0,0.0,0.175,0.1,0.2171050510575296,0.0,0.0,0.0,0.0572116832279434,0.0388252862120457,0.0174216027874564,0.0,0.0174216027874564,0.0754936120789779,0.0203252032520325,0.0,0.156794425087108
0.0,0.0,0.0363585174236894,0.3809523809523809,0.0,0.2938775510204081,0.4,0.1142857142857142,0.1666666666666666,0.0069444444444444,0.0189043209876543,0.1666666666666666,0.0,0.0,0.0,0.0,0.0,0.0,0.0,0.0,0.0,0.0433669367876732,0.3468776890375492,0.0737392959086584,0.0,0.0,0.1238095238095238,0.0,0.0,0.0,0.0,0.0,0.0,0.0
0.4627453340381962,0.0,0.0,0.1666666666666666,0.25,0.4285714285714285,0.28125,0.375,0.1707988980716253,0.0082644628099173,0.014998469543924,0.1707988980716253,0.0,0.0,0.0,0.0,0.375,0.0,0.1290322580645161,0.0,0.0,0.0,0.2210275587938737,0.0276345146859788,0.0,0.0,0.0,0.0,0.1403743315508021,0.1988636363636363,0.1969696969696969,0.0,0.0,0.0
0.1476027743324373,0.0816978971636404,0.0508636064021448,0.1441441441441441,0.2162162162162162,0.3706563706563706,0.1891891891891892,0.3243243243243243,0.1537396121883656,0.0062326869806094,0.0113111726685133,0.1537396121883656,0.0,0.0,0.0,0.0,0.0,0.0,0.1111111111111111,0.0,0.1111111111111111,0.0529878169971353,0.141277302238352,0.0174401369822504,0.036036036036036,0.02002002002002,0.0,0.0142247510668563,0.0878587565894067,0.0213371266002844,0.0184921763869132,0.0124466571834992,0.0528982930298719,0.0640113798008534
0.1362282298754998,0.0,0.1877758489726597,0.0,0.1666666666666666,0.2619047619047618,0.3125,0.4444444444444444,0.1199500208246563,0.0112453144523115,0.0068027210884353,0.117451062057476,0.0,0.0,0.0,0.0,0.0,0.0,0.0,0.0,0.0425531914893617,0.0757938666540568,0.1010416508352991,0.0116289415402816,0.0,0.0837742504409171,0.0,0.0085034013605442,0.1470588235294117,0.0,0.0221088435374149,0.0,0.0,0.0
0.593304183612753,0.0,0.0,0.0620155038759689,0.1860465116279069,0.2126245847176079,0.3488372093023256,0.2170542635658914,0.1332644628099173,0.0046487603305785,0.0126549586776859,0.1270661157024793,0.0,0.0,0.0,0.0,0.0,0.0,0.0952380952380952,0.0,0.0476190476190476,0.1325234102372216,0.1177789596600623,0.0121332307009876,0.0937279774489076,0.1041421971654529,0.0117789187556629,0.0158562367864693,0.1566969282427558,0.095137420718816,0.0,0.0,0.0,0.0
0.0,0.0,0.0,0.0,0.0,0.0,1.0,0.0,0.8333333333333334,0.0,0.0,1.0,0.0,0.0,0.0,0.0,0.0,0.0,0.0,0.0,0.0,0.4052365573503941,0.0,0.0,0.0,0.0,0.0,0.0,0.0,0.0,0.0,0.0,0.0,0.0
0.1105328017823034,0.2447189089517045,0.0,0.2105263157894736,0.1052631578947368,0.2706766917293233,0.3947368421052631,0.1403508771929824,0.1538461538461538,0.0059171597633136,0.0161078238001314,0.1538461538461538,0.0,0.0,0.0,0.0,0.0,0.0789473684210526,0.0,0.0,0.0,0.190809388236502,0.1271850641311603,0.0256231197260933,0.0,0.0,0.0150375939849624,0.0472334682860998,0.0,0.0607287449392712,0.0,0.0,0.0501855600539811,0.0607287449392712
0.0,0.0,0.031912239226765,0.3333333333333333,0.25,0.2857142857142857,0.25,0.3333333333333333,0.2283737024221453,0.2179930795847751,0.0565167243367935,0.3529411764705882,0.0,0.0,0.0,0.0,0.0,0.0,0.2666666666666666,0.4666666666666667,0.0,0.2785358810388148,0.0825153991988463,0.0261390428440316,0.0,0.0,0.0,0.1102941176470588,0.0,0.0,0.0,0.0,0.0,0.0
0.1037630728050669,0.0,0.0,0.2857142857142857,0.1428571428571428,0.2040816326530612,0.4642857142857143,0.0476190476190476,0.1712247324613555,0.0107015457788347,0.0194213238208481,0.1712247324613555,0.0,0.0,0.0,0.0,0.0,0.0,0.1481481481481481,0.0,0.0,0.0534960385182876,0.2377205563658544,0.0343495867395253,0.0311986863711001,0.0346652070790001,0.0,0.0369458128078817,0.2738336713995943,0.0369458128078817,0.0320197044334975,0.0,0.0,0.0
0.1064020190346729,0.0,0.0,0.1568627450980392,0.0,0.2689075630252101,0.2647058823529412,0.3137254901960784,0.1714285714285714,0.0220408163265306,0.0066666666666666,0.1714285714285714,0.0,0.0,0.1372549019607843,0.2058823529411764,0.0,0.0,0.0,0.2121212121212121,0.0,0.3204714863028788,0.1220640344327598,0.0164240195512398,0.0,0.1064425770308123,0.0,0.0,0.1868512110726643,0.0,0.0436974789915966,0.0,0.0,0.0
0.1418933567189814,0.0,0.0,0.2666666666666666,0.1333333333333333,0.4571428571428571,0.2666666666666666,0.5333333333333333,0.1935483870967742,0.0093652445369406,0.0339923690600069,0.1935483870967742,0.0,0.0,0.0,0.0,0.0,0.0,0.1379310344827586,0.0,0.0,0.0,0.3315686632996749,0.0410223349478738,0.0,0.1362007168458781,0.0,0.0,0.3719165085388994,0.0,0.0,0.0,0.0,0.0
0.0,0.0,0.0359365387004023,0.392156862745098,0.0,0.2689075630252101,0.4705882352941176,0.0784313725490196,0.156734693877551,0.0073469387755102,0.0199999999999999,0.156734693877551,0.0,0.0,0.0,0.0,0.0,0.0,0.0,0.0,0.0,0.0909291608024946,0.3232498150450512,0.0736344565404823,0.0,0.0,0.1310924369747899,0.0084033613445378,0.0,0.0,0.0,0.0,0.0,0.0
0.1176971647884776,0.3908711435335655,0.1622327843504202,0.226950354609929,0.2553191489361702,0.1945288753799391,0.3404255319148936,0.226950354609929,0.1223958333333333,0.00390625,0.0212673611111111,0.1015625,0.0,0.0,0.0,0.0,0.0,0.0,0.0,0.1521739130434782,0.0434782608695652,0.2882546960837989,0.1097930163899935,0.0134715476234251,0.0673758865248227,0.0124770160231153,0.019756838905775,0.0044326241134751,0.0657071339173967,0.0132978723404255,0.0,0.0,0.1318705673758865,0.0
0.1044301570314377,0.0,0.0,0.2962962962962963,0.2222222222222222,0.3809523809523809,0.3333333333333333,0.0,0.2493074792243767,0.0249307479224376,0.0452446906740535,0.2326869806094182,0.0,0.0,0.0,0.3888888888888888,0.0,0.0,0.2352941176470588,0.0,0.0,0.0769092061450239,0.136704696503471,0.0276744373694176,0.0,0.0,0.0,0.087719298245614,0.0,0.0,0.0760233918128654,0.0,0.0,0.0
0.2909438214933559,0.0805184676110019,0.0,0.1666666666666666,0.375,0.3928571428571428,0.3125,0.375,0.1707988980716253,0.0082644628099173,0.0224977043158861,0.1707988980716253,0.0,0.0,0.0,0.0,0.0,0.0,0.2580645161290322,0.0,0.0,0.0,0.2059695245008802,0.028375011331522,0.0,0.0,0.0,0.0,0.1403743315508021,0.1136363636363636,0.1969696969696969,0.0,0.0704308712121212,0.1704545454545454
0.0,0.0820058997332132,0.0,0.25,0.125,0.3571428571428571,0.28125,0.375,0.1707988980716253,0.0082644628099173,0.014998469543924,0.1707988980716253,0.0,0.0,0.0,0.0,0.0,0.0,0.1290322580645161,0.0,0.0,0.0,0.2283313042405827,0.0279765670218406,0.0239898989898989,0.0,0.0,0.0,0.1403743315508021,0.0,0.0,0.0,0.0,0.1278409090909091
0.0,0.1552431648682598,0.0483257679121553,0.1403508771929824,0.0,0.3007518796992481,0.3157894736842105,0.1403508771929824,0.3,0.0225,0.0408333333333333,0.3,0.0,0.0,0.0,0.0,0.0,0.0,0.0,0.0,0.1111111111111111,0.0,0.160118088326392,0.0337568293709544,0.0,0.0,0.0,0.0,0.0,0.0,0.0,0.0,0.1957236842105263,0.2368421052631578
0.0,0.0,0.0,0.4444444444444444,0.0,0.0,0.5,0.0,0.6122448979591837,0.0,0.4999999999999999,0.7346938775510203,0.0,0.0,0.0,0.0,0.0,1.0,0.0,0.0,0.0,0.0,0.2473738291489337,0.1437232524964336,0.0,0.0,0.0,0.0,0.0,0.0,0.0,0.0,0.0,0.0
0.5708263276702744,0.0789878625710492,0.0,0.0592592592592592,0.4444444444444444,0.3047619047619047,0.2444444444444444,0.4148148148148148,0.1275992438563327,0.0085066162570888,0.011578449905482,0.1162570888468809,0.0,0.0,0.0,0.0,0.0,0.0,0.0,0.0,0.1363636363636363,0.0411543320601469,0.1463021335437216,0.0161356031282249,0.0856682769726248,0.0339953480050098,0.0107660455486542,0.0,0.2267689684569479,0.0434782608695652,0.0251207729468599,0.0,0.0,0.0
0.0,0.0,0.0,0.0,0.2857142857142857,0.3265306122448979,0.1428571428571428,0.3809523809523809,0.2933333333333333,0.04,0.1451851851851851,0.2933333333333333,0.0,0.0,0.0,0.0,0.0,0.0,0.0,0.0,0.0,0.2588923269821587,0.0766960566472732,0.0145260820669569,0.0,0.0670194003527337,0.0,0.0952380952380952,0.1176470588235294,0.0,0.0,0.0,0.0,0.0
0.0,0.041406390011571,0.0,0.3809523809523809,0.2857142857142857,0.1632653061224489,0.3571428571428571,0.1904761904761904,0.32,0.12,0.1088888888888888,0.3466666666666667,0.0,0.0,0.3333333333333333,0.0,0.0,0.0,0.0,0.0,0.0,0.2339633493273336,0.1386218471792062,0.0304989953494708,0.1206349206349206,0.1340388007054674,0.0,0.0,0.1176470588235294,0.0,0.0,0.0,0.0,0.0
0.4847874829836141,0.4695759052819184,0.0,0.1212121212121212,0.3636363636363636,0.2337662337662337,0.2954545454545454,0.1818181818181818,0.1274074074074074,0.0133333333333333,0.0040329218106995,0.1274074074074074,0.0,0.0,0.0,0.0,0.0,0.0,0.1860465116279069,0.1627906976744186,0.4186046511627907,0.2658428128364955,0.0,0.0,0.0383838383838383,0.1990273101384212,0.0,0.0,0.0,0.0151515151515151,0.0393939393939393,0.0,0.0,0.0681818181818181
0.0,0.0,0.0,0.2962962962962963,0.0,0.0,0.3333333333333333,0.1481481481481481,0.6000000000000001,0.09,0.0,0.6000000000000001,0.0,0.0,0.0,0.0,0.0,0.0,0.0,0.0,0.0,0.3123631082063711,0.2776098340276242,0.1231267472235376,0.0,0.0,0.0,0.0,0.0,0.0,0.0,0.0,0.0,0.0
0.1063918888522653,0.0,0.0,0.2807017543859649,0.4210526315789473,0.1804511278195488,0.3684210526315789,0.2807017543859649,0.285,0.09,0.1224999999999999,0.3,0.0,0.3157894736842105,0.0,0.0,0.0,0.0,0.2222222222222222,0.0,0.0,0.0,0.35778244537393,0.077974343925547,0.0,0.0,0.0,0.0,0.0,0.0789473684210526,0.1368421052631579,0.0,0.0,0.0
0.209125829815271,0.0578754044962227,0.0,0.3478260869565217,0.1739130434782608,0.1987577639751552,0.4347826086956521,0.0579710144927536,0.25,0.015625,0.0850694444444444,0.15625,0.0,0.0,0.0,0.0,0.0,0.0,0.1818181818181818,0.0,0.0,0.0,0.2920626620211161,0.0585567717346608,0.0,0.0,0.0,0.0,0.0,0.0543478260869565,0.0,0.0,0.0,0.0
0.2483632649340519,0.0687343329743533,0.0,0.1975308641975308,0.2962962962962963,0.1693121693121693,0.5185185185185185,0.0987654320987654,0.2066326530612245,0.0114795918367346,0.0208333333333333,0.2066326530612245,0.0,0.1111111111111111,0.0,0.0,0.0,0.0,0.1538461538461538,0.0,0.0,0.0,0.2637111920878175,0.0358604095739285,0.0,0.0,0.0,0.0,0.261437908496732,0.0396825396825396,0.1031746031746031,0.0,0.0983796296296296,0.119047619047619
0.105229261640566,0.0,0.0,0.25,0.0,0.25,0.375,0.3333333333333333,0.1818181818181818,0.0082644628099173,0.014998469543924,0.1818181818181818,0.0,0.0,0.0,0.21875,0.0,0.0,0.0,0.0,0.0,0.3003737308542735,0.0889847951289022,0.0110312055834871,0.0479797979797979,0.1599326599326599,0.0,0.0,0.1169786096256684,0.0,0.0738636363636363,0.0,0.0,0.0
0.26223764065822,0.0,0.0,0.3333333333333333,0.25,0.1428571428571428,0.375,0.0,0.3114186851211072,0.0311418685121107,0.0565167243367935,0.3529411764705882,0.0,0.0,0.0,0.0,0.0,0.0,0.2666666666666666,0.0,0.0,0.0,0.2499557593135203,0.0597233165459274,0.0,0.0,0.0,0.0,0.0,0.0,0.286764705882353,0.0,0.0,0.0
0.3027279269882977,0.2513391278670922,0.0,0.1066666666666666,0.0,0.2285714285714285,0.44,0.2666666666666666,0.2307692307692307,0.0266272189349112,0.0120808678500986,0.2307692307692307,0.0,0.0,0.0,0.0,0.0,0.0,0.0,0.0,0.0833333333333333,0.0679040271729851,0.0,0.0,0.0,0.0216524216524216,0.0342857142857142,0.0153846153846153,0.0,0.0,0.08,0.0,0.8009615384615384,0.4846153846153846
0.144423616619843,0.0799382385051551,0.0,0.25,0.25,0.3214285714285714,0.25,0.4583333333333333,0.1763085399449036,0.0082644628099173,0.014998469543924,0.1542699724517906,0.0,0.0,0.0,0.0,0.0,0.0,0.2580645161290322,0.0,0.0,0.0,0.2094009319667021,0.0283780584091563,0.0,0.0,0.0,0.0,0.1637700534759358,0.0,0.0,0.0,0.0704308712121212,0.1278409090909091
0.2723060720652177,0.1507209710199197,0.0,0.2424242424242424,0.2424242424242424,0.2077922077922077,0.3939393939393939,0.2828282828282828,0.171280276816609,0.0077854671280276,0.0141291810841983,0.1505190311418685,0.0,0.0,0.0,0.0,0.3636363636363636,0.0,0.25,0.0,0.0,0.0,0.2530596061305059,0.0338200170862418,0.0,0.0125437380339341,0.0,0.0,0.1981755268952501,0.106951871657754,0.1158645276292335,0.0,0.0,0.1203208556149732
0.0,0.0,0.0,0.4444444444444444,0.3333333333333333,0.2857142857142857,0.4166666666666667,0.1111111111111111,0.3550295857988166,0.1597633136094674,0.0483234714003944,0.4615384615384615,0.0,0.0,0.0,0.0,0.0,0.0,0.3636363636363636,0.0,0.0,0.0,0.1761563548630294,0.0410496695909038,0.0,0.0,0.0,0.0,0.0,0.0,0.0,0.0,0.0,0.0
0.1166172633642202,0.2581898675800565,0.0,0.2105263157894736,0.1052631578947368,0.2706766917293233,0.3684210526315789,0.175438596491228,0.1538461538461538,0.0059171597633136,0.0161078238001314,0.1538461538461538,0.0,0.0,0.0,0.0,0.0,0.0789473684210526,0.0,0.0,0.0,0.1503927388226038,0.178213547701966,0.0379231655962547,0.0,0.0,0.0451127819548872,0.0539811066126855,0.0,0.0607287449392712,0.0,0.0,0.0501855600539811,0.0
0.0,0.0,0.0,0.3333333333333333,0.0,0.4285714285714285,0.125,0.0,0.6666666666666666,0.1111111111111111,0.3024691358024691,0.6666666666666666,0.0,0.0,0.0,0.0,0.0,0.375,0.0,0.0,0.0,0.2730754035995101,0.1213466242950201,0.0498244399386776,0.0,0.0,0.0,0.2777777777777778,0.0,0.0,0.0,0.0,0.0,0.0
0.1088360250442099,0.0,0.0,0.1616161616161616,0.1212121212121212,0.2424242424242424,0.2424242424242424,0.3232323232323232,0.129757785467128,0.023356401384083,0.0070645905420991,0.1557093425605536,0.2424242424242424,0.0,0.1414141414141414,0.2121212121212121,0.0,0.0,0.0,0.21875,0.0,0.3515552172664862,0.0892689885154113,0.0117629889083479,0.0,0.112893642305407,0.0,0.0,0.1100975149418056,0.0,0.0463458110516934,0.0,0.0,0.0
0.4052204123489432,0.2990517915526435,0.3723682774581741,0.0544217687074829,0.4897959183673469,0.1865889212827988,0.2244897959183673,0.2448979591836734,0.12,0.0072,0.0032666666666666,0.1152,0.0,0.0,0.0,0.0,0.0,0.0,0.0,0.0,0.125,0.1166078624231925,0.2072683264006415,0.0214374245301586,0.0,0.0574452003023431,0.0181924198250728,0.0040816326530612,0.3831932773109243,0.0,0.0,0.0,0.3339285714285714,0.0183673469387755
0.1013753962852989,0.0,0.0,0.3333333333333333,0.0,0.2857142857142857,0.4375,0.1666666666666666,0.3114186851211072,0.2179930795847751,0.0282583621683967,0.3114186851211072,0.0,0.0,0.0,0.0,0.0,0.0,0.0,0.0,0.0,0.0,0.2776032323657817,0.0707290533188248,0.0,0.0,0.0819327731092437,0.0,0.0,0.3308823529411765,0.1911764705882352,0.0,0.0,0.0
0.1008411749117627,0.0,0.0347496573356382,0.1568627450980392,0.2352941176470588,0.2016806722689075,0.3235294117647059,0.2352941176470588,0.1714285714285714,0.0220408163265306,0.0066666666666666,0.1714285714285714,0.0,0.0,0.1372549019607843,0.0,0.0,0.0,0.1212121212121212,0.0,0.0606060606060606,0.223754182120163,0.1590875739918081,0.0181386504033936,0.0,0.1537503890445067,0.0,0.042016806722689,0.2906574394463667,0.0,0.0218487394957983,0.0,0.0,0.0
0.1224488259806146,0.4066513642992271,0.0,0.1333333333333333,0.2,0.2571428571428571,0.275,0.3,0.1427721594289113,0.0160618679357525,0.0048582193139004,0.1427721594289113,0.0,0.0,0.0,0.0,0.0,0.0,0.1025641025641025,0.358974358974359,0.3076923076923077,0.2081931160057148,0.0,0.0,0.1853658536585366,0.2145438121047877,0.0,0.0,0.0,0.0365853658536585,0.0158536585365853,0.0,0.0,0.1646341463414634
0.0,0.0,0.0,0.3555555555555555,0.0,0.3555555555555555,0.4222222222222222,0.0888888888888888,0.1219281663516068,0.0042533081285444,0.0077189666036546,0.1219281663516068,0.0,0.0666666666666666,0.0,0.0,0.0,0.0,0.0,0.0,0.0,0.0333889005656251,0.2373926216219915,0.0366214029609494,0.0,0.0067990696010019,0.0538302277432712,0.0193236714975845,0.1670929241261722,0.0,0.0,0.0,0.0,0.0
0.1357137044976991,0.0,0.0467666578773172,0.1403508771929824,0.0,0.3609022556390977,0.3157894736842105,0.3508771929824561,0.3,0.0225,0.0408333333333333,0.165,0.0,0.0,0.0,0.0,0.0,0.0,0.0,0.3888888888888888,0.0,0.0,0.1580204807757749,0.0273402916523915,0.0,0.0,0.0,0.0,0.1300309597523219,0.0,0.0,0.0,0.0,0.0
0.1098866589519151,0.0,0.0757334243215324,0.3076923076923077,0.1538461538461538,0.3956043956043956,0.3846153846153846,0.4102564102564102,0.1975308641975308,0.0123456790123456,0.0336076817558299,0.2222222222222222,0.0,0.0,0.358974358974359,0.0,0.0,0.0,0.16,0.28,0.08,0.1993690112382486,0.0590624571916853,0.0060499291797992,0.0,0.0,0.0,0.0712250712250712,0.0351935646053293,0.0,0.037037037037037,0.0,0.0,0.0
0.20159234134572,0.0,0.0,0.2051282051282051,0.3076923076923077,0.0879120879120879,0.5384615384615384,0.1025641025641025,0.3673469387755101,0.413265306122449,0.0416666666666666,0.336734693877551,0.0,0.0,0.0,0.5384615384615385,0.0,0.0,0.3333333333333333,0.0,0.0,0.0,0.2395172505323385,0.0607704119972555,0.0,0.0,0.2448979591836734,0.0,0.0,0.0,0.2857142857142857,0.0,0.0,0.0
0.117687048727767,0.0651395913656651,0.3244376809144406,0.0833333333333333,0.75,0.4285714285714285,0.3125,0.375,0.1818181818181818,0.0165289256198347,0.007499234771962,0.1818181818181818,0.0,0.0,0.0,0.0,0.0,0.0,0.0,0.0,0.6451612903225806,0.3240259582696063,0.0959916948498258,0.0110346187203812,0.0,0.0,0.0,0.0,0.0233957219251336,0.0,0.0,0.0,0.0,0.0
0.2272937787805908,0.0,0.0391624796818317,0.2105263157894736,0.2105263157894736,0.150375939849624,0.4210526315789473,0.0350877192982456,0.1538461538461538,0.0059171597633136,0.0107385492000876,0.1538461538461538,0.0,0.0,0.0,0.0,0.0,0.0,0.1081081081081081,0.0,0.054054054054054,0.0431184746708698,0.2682480292230056,0.0384459181364973,0.017094017094017,0.0189933523266856,0.0,0.020242914979757,0.1500357227911407,0.0607287449392712,0.0526315789473684,0.0118083670715249,0.0,0.0
0.0965929061049772,0.0,0.0332857128165998,0.1300813008130081,0.2926829268292683,0.3344947735191637,0.2439024390243902,0.4878048780487805,0.1394557823129251,0.0153061224489795,0.0092592592592592,0.1428571428571428,0.0,0.0,0.0,0.0,0.0,0.0,0.2,0.35,0.1,0.3231284830915082,0.0,0.0,0.0147115756871854,0.1389426592678625,0.0,0.0116144018583042,0.0,0.0,0.0,0.0,0.0,0.0
0.1239479096162042,0.0,0.0,0.4102564102564102,0.0,0.1758241758241758,0.3076923076923077,0.2051282051282051,0.3673469387755101,0.2295918367346938,0.0416666666666666,0.3673469387755101,0.0,0.0,0.0,0.0,0.0,0.0,0.0,0.0,0.0,0.0,0.2744742586005098,0.0779849061471973,0.0,0.0,0.0,0.0,0.0,0.6593406593406594,0.2857142857142857,0.0,0.0,0.0
0.2150613886436914,0.0,0.0,0.2857142857142857,0.1428571428571428,0.1632653061224489,0.3928571428571428,0.0952380952380952,0.1712247324613555,0.0107015457788347,0.0194213238208481,0.1712247324613555,0.0,0.0,0.0,0.0,0.0,0.0,0.1481481481481481,0.0,0.0,0.0557081354552307,0.2475504602082773,0.0429296103525341,0.0,0.0,0.0,0.0369458128078817,0.0,0.1108374384236453,0.0960591133004926,0.0,0.0,0.0
0.1090700577920795,0.0,0.0,0.4102564102564102,0.0,0.2637362637362637,0.6153846153846154,0.0,0.3673469387755101,0.3214285714285714,0.0416666666666666,0.2448979591836734,0.0,0.0,0.0,0.0,0.0,0.2307692307692307,0.0,0.0,0.0,0.0,0.1674792289455156,0.0367896258732401,0.0,0.0,0.0,0.0,0.0,0.3296703296703297,0.4285714285714286,0.0,0.0,0.0
0.1021612683671463,0.056546097015549,0.0352045587711455,0.0,0.2666666666666666,0.2666666666666666,0.2,0.3111111111111111,0.1560874089490114,0.028095733610822,0.0254942767950052,0.1810613943808532,0.0,0.0,0.0,0.0,0.0,0.0,0.0,0.0,0.0689655172413793,0.3765626325381652,0.0,0.0,0.0,0.045400238948626,0.0,0.053763440860215,0.0,0.0,0.0,0.0,0.0,0.0
0.1180587786073141,0.0,0.2847796521570205,0.0,0.75,0.2857142857142857,0.125,0.3333333333333333,0.3321799307958477,0.0311418685121107,0.0565167243367935,0.3321799307958477,0.0,0.0,0.0,0.0,0.0,0.0,0.0,0.0,0.1333333333333333,0.273855749677007,0.0,0.0,0.0,0.0,0.0,0.0735294117647058,0.0,0.0,0.0955882352941176,0.3860294117647059,0.0,0.0
0.0,0.0,0.0,0.2666666666666666,0.0,0.5142857142857142,0.2,0.1333333333333333,0.1632653061224489,0.0204081632653061,0.037037037037037,0.1632653061224489,0.0,0.0,0.0,0.0,0.0,0.0,0.0,0.0,0.0,0.0,0.2189749684895711,0.0304795038572076,0.0,0.0670194003527337,0.0,0.0,0.3529411764705882,0.0,0.0,0.0,0.0,0.0
0.0,0.0,0.0,0.7619047619047619,0.0,0.2176870748299319,0.5238095238095238,0.0,0.2727272727272727,0.018595041322314,0.0337465564738292,0.2727272727272727,0.0,0.2857142857142857,0.0,0.0,0.0,0.0,0.0,0.0,0.0,0.0,0.4922127919087215,0.1325834769623871,0.0,0.0,0.0,0.0,0.0,0.0,0.0,0.0,0.0,0.0
0.0,0.1071452109692199,0.1334132707895105,0.0,0.0,0.619047619047619,0.0833333333333333,0.5555555555555556,0.2208,0.0144,0.0261333333333333,0.2304,0.0,0.0,0.0,0.0,0.0,0.0,0.0,0.0,0.0,0.0,0.0,0.0,0.0,0.0,0.0,0.0,0.0,0.0,0.0,0.0875,0.0,0.15
0.0,0.0,0.0,0.6666666666666666,0.0,0.2857142857142857,0.5,0.0,0.3905325443786982,0.1065088757396449,0.0483234714003944,0.3905325443786982,0.0,0.0,0.0,0.0,0.0,0.0,0.0,0.0,0.0,0.0,0.3347385994327508,0.1183527528762215,0.0,0.0,0.0,0.0,0.0,0.0,0.0,0.0,0.0,0.0
0.0,0.0,0.0543008301174936,0.2424242424242424,0.0,0.4155844155844155,0.2727272727272727,0.4848484848484848,0.5,0.3125,0.0567129629629629,0.5,0.0,0.0,0.4242424242424242,0.0,0.0,0.0,0.0,0.0,0.0,0.3126406546652613,0.0926188336284678,0.0306659767456017,0.0,0.0,0.0,0.2272727272727273,0.0,0.0,0.0,0.0,0.0,0.0
0.0,0.0,0.0,0.4444444444444444,0.0,0.7619047619047619,0.3333333333333333,0.0,0.7346938775510203,0.3673469387755101,0.4999999999999999,0.7346938775510203,0.0,0.0,0.0,0.0,0.0,0.0,0.0,0.0,0.0,0.0,0.1471089446893555,0.0686062545751689,0.0,0.0,0.0,0.0,0.0,0.0,0.0,0.0,0.0,0.0
0.0,0.0,0.0414884236380986,0.2222222222222222,0.0,0.4761904761904761,0.1666666666666666,0.6666666666666666,0.2485207100591716,0.1597633136094674,0.1449704142011834,0.3195266272189349,0.0,0.0,0.0,0.0,0.0,0.0,0.0,0.0,0.0,0.122971758381069,0.0,0.0,0.0,0.0,0.0,0.1282051282051282,0.0,0.0,0.0,0.0,0.0,0.0
0.0,0.0,0.0,0.4444444444444444,0.0,0.1904761904761904,0.4166666666666667,0.0,0.3905325443786982,0.2662721893491124,0.2899408284023668,0.3905325443786982,0.0,0.0,0.0,0.0,0.0,0.0,0.0,0.0,0.0,0.0,0.4921881175968124,0.1913080629465239,0.0,0.0,0.0,0.0,0.0,0.0,0.0,0.0,0.0,0.0
0.0,0.0,0.0,0.7407407407407407,0.0,0.1904761904761904,0.5,0.0,0.3157894736842105,0.0249307479224376,0.0452446906740535,0.3157894736842105,0.0,0.0,0.0,0.0,0.0,0.0,0.0,0.0,0.0,0.0,0.4071617101627229,0.1067363864757695,0.0,0.0,0.0,0.0,0.0,0.0,0.0,0.0,0.0,0.0
0.0,0.0,0.0,0.3555555555555555,0.0,0.3047619047619047,0.4,0.1777777777777777,0.3515625,0.03515625,0.0638020833333333,0.3515625,0.0,0.0,0.0,0.0,0.0,0.0,0.0,0.0,0.0,0.0,0.2407999040675157,0.0569361834390584,0.0,0.0,0.0,0.0,0.0,0.0,0.0,0.0,0.0,0.0
0.0,0.0,0.0,0.606060606060606,0.0,0.4155844155844155,0.4545454545454545,0.0,0.2041587901701323,0.0340264650283553,0.0771896660365469,0.2041587901701323,0.0,0.0,0.0,0.0,0.0,0.0,0.0,0.0,0.0,0.0,0.4978384711849763,0.1435491914226686,0.0,0.0,0.0,0.0,0.0,0.0,0.0,0.0,0.0,0.0
0.0,0.0,0.0,0.3555555555555555,0.0,0.3809523809523809,0.2666666666666666,0.0,0.3515625,0.03515625,0.0638020833333333,0.3515625,0.0,0.0,0.0,0.0,0.0,0.0,0.0,0.0,0.0,0.1784077837006881,0.1585582737563953,0.0544552281410566,0.0,0.0,0.0,0.1666666666666666,0.0,0.0,0.0,0.0,0.0,0.0
0.0,0.0,0.0,0.5333333333333333,0.0,0.0761904761904761,0.4,0.0,0.3515625,0.03515625,0.0638020833333333,0.3515625,0.0,0.0,0.0,0.0,0.0,0.0,0.0,0.0,0.0,0.0,0.3967275362372107,0.1496782660100961,0.0,0.0,0.0,0.0,0.0,0.0,0.0,0.0,0.0,0.0
0.0925640198184799,0.0,0.0,0.5714285714285714,0.0,0.1632653061224489,0.6428571428571429,0.0,0.4,0.32,0.0362962962962962,0.4,0.0,0.0,0.0,0.0,0.0,0.0,0.0,0.0,0.0,0.0,0.359084088558413,0.1061009354258649,0.0,0.0,0.0,0.0,0.0,0.1428571428571428,0.1238095238095238,0.0,0.0,0.0
0.0,0.0,0.0,0.7272727272727272,0.0,0.2597402597402597,0.5454545454545454,0.0,0.2495274102079395,0.0340264650283553,0.0771896660365469,0.2495274102079395,0.0,0.0,0.0,0.0,0.0,0.0,0.0,0.0,0.0,0.0,0.5603346074712555,0.1687839219322008,0.0,0.0,0.0,0.0,0.0,0.0,0.0,0.0,0.0,0.0
0.0,0.0,0.1209037849601067,0.1111111111111111,0.0,0.619047619047619,0.0833333333333333,0.5555555555555556,0.2208,0.0144,0.0261333333333333,0.2304,0.0,0.0,0.0,0.0,0.0,0.0,0.0,0.0,0.0,0.0,0.0733381203166272,0.014730474354171,0.0,0.0,0.0,0.0,0.0,0.0,0.0,0.0875,0.0,0.0
0.0,0.0,0.0250388300285325,0.3137254901960784,0.0,0.2016806722689075,0.4117647058823529,0.1568627450980392,0.2962962962962963,0.0277777777777777,0.0252057613168724,0.2962962962962963,0.0,0.0,0.0,0.0,0.0,0.0,0.0,0.0,0.0,0.1971948930010309,0.175255144025983,0.0582318049692103,0.0,0.0,0.0,0.0,0.0,0.0,0.0,0.0,0.0,0.0
0.0,0.0,0.0,0.606060606060606,0.0,0.4155844155844155,0.4545454545454545,0.0,0.2381852551984877,0.0340264650283553,0.0154379332073093,0.2381852551984877,0.0,0.0,0.0,0.0,0.0,0.0,0.0,0.0,0.0,0.0,0.5058987943167531,0.1523242360164713,0.0,0.0,0.0,0.0,0.0,0.0,0.0,0.0,0.0,0.0
0.0,0.0,0.0,0.6666666666666666,0.0,0.2857142857142857,0.5,0.1111111111111111,0.3905325443786982,0.1065088757396449,0.1932938856015779,0.3905325443786982,0.0,0.0,0.0,0.0,0.0,0.0,0.0,0.0,0.0,0.0,0.3306600722336823,0.1157563658820319,0.0,0.0,0.0,0.0,0.0,0.0,0.0,0.0,0.0,0.0
0.0,0.0,0.0233985008836208,0.3137254901960784,0.0,0.2016806722689075,0.4117647058823529,0.1568627450980392,0.2962962962962963,0.0277777777777777,0.0252057613168724,0.2962962962962963,0.0,0.0,0.0,0.0,0.0,0.0,0.0,0.0,0.0,0.1914109957788101,0.1701147586676945,0.0503420678972505,0.0,0.0,0.0,0.0,0.0,0.0,0.0,0.0,0.0,0.0
0.0,0.0,0.0,0.5333333333333333,0.0,0.1714285714285714,0.55,0.0,0.2585034013605442,0.0408163265306122,0.0,0.2585034013605442,0.0,0.0,0.0,0.0,0.0,0.0,0.0,0.0,0.0,0.0,0.4664204642043351,0.133557217502734,0.0,0.0,0.0,0.0,0.0,0.0,0.0,0.0,0.0,0.0
0.0,0.0,0.0351691141336104,0.2051282051282051,0.0,0.2637362637362637,0.4615384615384615,0.3076923076923077,0.3061224489795918,0.413265306122449,0.1666666666666666,0.3979591836734694,0.0,0.2307692307692307,0.0,0.0,0.0,0.0,0.0,0.0,0.0,0.0,0.4105827069365595,0.1574120367477032,0.0,0.0,0.0,0.0,0.0,0.0,0.0,0.0961538461538461,0.0,0.0
0.1634248114138955,0.0,0.1126316943796685,0.0,0.1428571428571428,0.7346938775510204,0.0357142857142857,0.7619047619047619,0.2068965517241379,0.0107015457788347,0.0194213238208481,0.1997621878715814,0.0,0.0,0.0,0.0,0.0,0.0,0.0,0.5185185185185185,0.2222222222222222,0.0891726839747994,0.0,0.0,0.0935960591133005,0.1039956212370005,0.0274454609429978,0.0123152709359605,0.0,0.0,0.0,0.0,0.0,0.0
0.0,0.0,0.0,0.7272727272727272,0.0,0.3116883116883116,0.5454545454545454,0.0,0.4583333333333332,0.125,0.2835648148148148,0.4583333333333332,0.0,0.0,0.0,0.0,0.0,0.0,0.0,0.0,0.0,0.0,0.4205374799829115,0.1543192148483421,0.0,0.0,0.0,0.0,0.0,0.0,0.0,0.0,0.0,0.0
0.0,0.0,0.0,0.6666666666666666,0.0,0.2857142857142857,0.5,0.0,0.3905325443786982,0.1065088757396449,0.0483234714003944,0.3905325443786982,0.0,0.0,0.0,0.0,0.0,0.0,0.0,0.0,0.0,0.0,0.3347385994327508,0.1183527528762215,0.0,0.0,0.0,0.0,0.0,0.0,0.0,0.0,0.0,0.0
0.0,0.0,0.0,0.6666666666666666,0.0,0.2857142857142857,0.5,0.0,0.3905325443786982,0.1065088757396449,0.2416173570019723,0.3905325443786982,0.0,0.0,0.0,0.0,0.0,0.0,0.0,0.0,0.0,0.0,0.3934415453844307,0.1375201332204963,0.0,0.0,0.0,0.0,0.0,0.0,0.0,0.0,0.0,0.0
0.0,0.0,0.0341010156899265,0.3333333333333333,0.0,0.2857142857142857,0.5,0.25,0.3321799307958477,0.2491349480968858,0.1978085351787774,0.3529411764705882,0.0,0.5625,0.0,0.0,0.0,0.0,0.0,0.0,0.0,0.0,0.4795816733865573,0.1687614785922385,0.0,0.0,0.0,0.0,0.0,0.0,0.0,0.0643382352941176,0.0,0.0
0.0,0.0,0.0,0.5333333333333333,0.0,0.1142857142857142,0.4,0.0,0.4958677685950413,0.0743801652892562,0.1349862258953168,0.4958677685950413,0.0,0.0,0.0,0.0,0.0,0.0,0.0,0.0,0.0,0.0,0.3517020509960096,0.1471789932116884,0.0,0.0,0.0,0.0,0.0,0.0,0.0,0.0,0.0,0.0
0.0,0.0,0.0,0.8333333333333333,0.0,0.1428571428571428,0.6875,0.0,0.3529411764705882,0.1557093425605536,0.113033448673587,0.3529411764705882,0.0,0.0,0.2916666666666667,0.0,0.0,0.0,0.0,0.0,0.0,0.2317654621464705,0.3432990313168326,0.1300075488254156,0.0,0.0,0.0,0.1102941176470588,0.0,0.0,0.0,0.0,0.0,0.0
0.0,0.0,0.0,0.5614035087719298,0.0,0.4210526315789473,0.4736842105263157,0.1403508771929824,0.285,0.135,0.0816666666666666,0.3,0.0,0.3157894736842105,0.0,0.0,0.0,0.0,0.0,0.0,0.0,0.0,0.3595118431123776,0.0972758341161396,0.0,0.0,0.0,0.0,0.0,0.0,0.0,0.0,0.0,0.0
0.0,0.0,0.0,0.5128205128205128,0.1538461538461538,0.2197802197802197,0.3846153846153846,0.2051282051282051,0.2222222222222222,0.0617283950617283,0.0224051211705532,0.2222222222222222,0.0,0.0,0.5384615384615385,0.0,0.0,0.0,0.16,0.0,0.0,0.191473677655927,0.2552556999125634,0.0666375460406742,0.0,0.0,0.0,0.0997150997150997,0.0,0.0,0.0,0.0,0.0,0.0
0.0,0.0,0.1189903698088832,0.1111111111111111,0.0,0.5714285714285714,0.0833333333333333,0.5555555555555556,0.2208,0.0144,0.0261333333333333,0.2304,0.0,0.0,0.0,0.0,0.0,0.0,0.0,0.0,0.0,0.0,0.0731229922931846,0.0147418709372976,0.0,0.0,0.0,0.0,0.0,0.0,0.0,0.0875,0.0,0.0
0.0,0.0,0.0293115410762371,0.2424242424242424,0.0,0.1038961038961038,0.3636363636363636,0.2424242424242424,0.5,0.0625,0.0567129629629629,0.4583333333333332,0.0,0.0,0.4242424242424242,0.0,0.0,0.2727272727272727,0.0,0.0,0.0,0.1959080428602768,0.0,0.0,0.0,0.0,0.0,0.0,0.0,0.0,0.0,0.0,0.0,0.0
0.0,0.0,0.0,0.5925925925925926,0.0,0.5079365079365079,0.4444444444444444,0.0,0.54,0.18,0.2449999999999999,0.54,0.0,0.0,0.0,0.0,0.0,0.0,0.0,0.0,0.0,0.0,0.3434649575466273,0.1317589106186348,0.0,0.0,0.0,0.0,0.0,0.0,0.0,0.0,0.0,0.0
0.1108806030258368,0.0,0.0,0.4848484848484848,0.1818181818181818,0.3116883116883116,0.3636363636363636,0.1818181818181818,0.2495274102079395,0.0170132325141776,0.0308758664146187,0.2381852551984877,0.0,0.2727272727272727,0.0,0.0,0.0,0.0,0.1904761904761904,0.0,0.0,0.0,0.2302855355505197,0.0487300560456103,0.0,0.0,0.0,0.0,0.0,0.0,0.0,0.0,0.0,0.0
0.0,0.0,0.0,0.0,0.0,0.5714285714285714,0.125,0.3333333333333333,0.074074074074074,0.4444444444444444,0.2016460905349794,0.5925925925925926,0.0,0.0,0.0,0.0,0.0,0.0,0.0,0.0,0.0,0.0,0.1371756281575502,0.034081058796169,0.0,0.0,0.0,0.0,0.0,0.0,0.0,0.0,0.0,0.0
0.1138799741584447,0.063032381741283,0.0,0.1904761904761904,0.1428571428571428,0.2040816326530612,0.3214285714285714,0.0476190476190476,0.2068965517241379,0.0963139120095124,0.0971066191042409,0.2068965517241379,0.0,0.0,0.0,0.0,0.0,0.0,0.1481481481481481,0.0,0.0,0.6654602295245875,0.0,0.0,0.0,0.0,0.0274454609429978,0.0985221674876847,0.0,0.0738916256157635,0.0320197044334975,0.0,0.1831896551724137,0.0
0.2581824993388402,0.0,0.0,0.1904761904761904,0.2857142857142857,0.2448979591836734,0.5,0.1904761904761904,0.3733333333333333,0.08,0.1088888888888888,0.2933333333333333,0.0,0.0,0.0,0.0,0.0,0.0,0.3076923076923077,0.0,0.0,0.0,0.0885841380118432,0.0184741201872166,0.0,0.0,0.0,0.0,0.0,0.2857142857142857,0.0,0.0,0.0,0.0
0.0,0.0,0.0,0.5333333333333333,0.0,0.1714285714285714,0.55,0.0,0.2585034013605442,0.0408163265306122,0.0,0.2585034013605442,0.0,0.0,0.0,0.0,0.0,0.0,0.0,0.0,0.0,0.0,0.4545891038281495,0.1235888821118126,0.0,0.0,0.0,0.0,0.0,0.0,0.0,0.0,0.0,0.0
0.3091118776474625,0.0,0.1597789568996599,0.0,0.1379310344827586,0.5911330049261084,0.1034482758620689,0.6436781609195402,0.2,0.01,0.0181481481481481,0.1933333333333333,0.0,0.0,0.0,0.0,0.0,0.0,0.0,0.5,0.0714285714285714,0.0767130995934534,0.0,0.0,0.0,0.0970625798212005,0.025615763546798,0.0,0.0,0.0,0.0,0.0,0.0,0.0
0.0,0.0,0.0,0.6153846153846154,0.0,0.0879120879120879,0.4615384615384615,0.0,0.3979591836734694,0.0459183673469387,0.0833333333333333,0.3979591836734694,0.0,0.0,0.0,0.0,0.0,0.0,0.0,0.0,0.0,0.0,0.4404140661488805,0.1718079985220817,0.0,0.0,0.0,0.0,0.0,0.0,0.0,0.0,0.0,0.0
0.0,0.0,0.0,0.8421052631578947,0.0,0.1804511278195488,0.631578947368421,0.0,0.27,0.0225,0.0,0.27,0.0,0.0,0.0,0.0,0.0,0.0,0.0,0.0,0.0,0.0,0.4356758267227771,0.1189663506776727,0.0,0.0,0.0,0.0,0.0,0.0,0.0,0.0,0.0,0.0
0.0,0.0,0.0,0.711111111111111,0.0,0.3809523809523809,0.5333333333333333,0.0,0.328125,0.0703125,0.1595052083333333,0.328125,0.0,0.0,0.0,0.0,0.0,0.0,0.0,0.0,0.0,0.0,0.4160211498299893,0.1321842379316282,0.0,0.0,0.0,0.0,0.0,0.0,0.0,0.0,0.0,0.0
0.1167060530562862,0.0645966118461467,0.0402166610637904,0.0,0.0,0.2448979591836734,0.2142857142857142,0.2857142857142857,0.4,0.04,0.0725925925925925,0.2666666666666666,0.0,0.0,0.0,0.0,0.0,0.0,0.0,0.0,0.0,0.0,0.0796392392416636,0.0185516373085855,0.0,0.0,0.0,0.0,0.0,0.0,0.0,0.0,0.3541666666666667,0.6428571428571428
0.0,0.0,0.0340274855776012,0.3137254901960784,0.0,0.2689075630252101,0.4705882352941176,0.2352941176470588,0.3148148148148147,0.25,0.1008230452674897,0.3333333333333333,0.0,0.3529411764705882,0.0,0.0,0.0,0.0,0.0,0.0,0.0,0.0,0.4563827609038715,0.1559360446637093,0.0,0.0,0.0,0.0,0.0,0.0,0.0,0.0571895424836601,0.0,0.0
0.0,0.0,0.0,0.5925925925925926,0.0,0.5079365079365079,0.4444444444444444,0.0,0.54,0.18,0.2449999999999999,0.54,0.0,0.0,0.0,0.0,0.0,0.0,0.0,0.0,0.0,0.0,0.3462747480918064,0.1382188178804161,0.0,0.0,0.0,0.0,0.0,0.0,0.0,0.0,0.0,0.0
0.0,0.0,0.0,0.6666666666666666,0.0,0.4761904761904761,0.5,0.0,0.4260355029585799,0.1065088757396449,0.1932938856015779,0.4260355029585799,0.0,0.0,0.0,0.0,0.0,0.0,0.0,0.0,0.0,0.0,0.2878860436695704,0.0957335613835043,0.0,0.0,0.0,0.0,0.0,0.0,0.0,0.0,0.0,0.0
0.0,0.0,0.0282055438581805,0.2424242424242424,0.0,0.2077922077922077,0.3636363636363636,0.2424242424242424,0.5,0.0625,0.0567129629629629,0.4583333333333332,0.0,0.0,0.4242424242424242,0.0,0.0,0.2727272727272727,0.0,0.0,0.0,0.1936192279408815,0.0,0.0,0.0,0.0,0.0,0.0,0.0,0.0,0.0,0.0,0.0,0.0
0.0,0.0,0.0,0.2222222222222222,0.0,0.2857142857142857,0.4166666666666667,0.1111111111111111,0.3905325443786982,0.0532544378698224,0.0966469428007889,0.4615384615384615,0.0,0.0,0.0,0.0,0.0,0.0,0.0,0.0,0.0,0.0,0.1697262093429487,0.0403722663567786,0.0,0.0,0.0,0.0,0.0,0.0,0.0,0.0,0.0,0.0
0.0,0.0,0.0280888285434492,0.2424242424242424,0.0,0.2077922077922077,0.3636363636363636,0.2424242424242424,0.5,0.0625,0.0567129629629629,0.4583333333333332,0.0,0.0,0.4242424242424242,0.0,0.0,0.2727272727272727,0.0,0.0,0.0,0.1917638567979383,0.0,0.0,0.0,0.0,0.0,0.0,0.0,0.0,0.0,0.0,0.0,0.0
0.0,0.0,0.0343720864166926,0.3809523809523809,0.0,0.3265306122448979,0.3571428571428571,0.2857142857142857,0.3733333333333333,0.24,0.1814814814814814,0.4,0.0,0.4285714285714285,0.0,0.0,0.0,0.0,0.0,0.0,0.0,0.0,0.3767406492043813,0.133704920208354,0.0,0.0,0.0,0.0,0.0,0.0,0.0,0.0833333333333333,0.0,0.0
0.0,0.0,0.0,0.3333333333333333,0.0,0.1428571428571428,0.625,0.0,0.5925925925925926,0.6666666666666666,0.5041152263374485,0.6666666666666666,0.0,0.375,0.0,0.0,0.0,0.0,0.0,0.0,0.0,0.0,0.494303912144703,0.2267025190418865,0.0,0.0,0.0,0.0,0.0,0.0,0.0,0.0,0.0,0.0
0.0,0.0,0.0,0.6666666666666666,0.0,0.4285714285714285,0.5,0.0,0.2906574394463668,0.0622837370242214,0.1412918108419838,0.2906574394463668,0.0,0.0,0.0,0.0,0.0,0.0,0.0,0.0,0.0,0.0,0.4055572516006219,0.1281731875261726,0.0,0.0,0.0,0.0,0.0,0.0,0.0,0.0,0.0,0.0
0.0,0.0,0.0,0.7619047619047619,0.0,0.2448979591836734,0.5714285714285714,0.0,0.3733333333333333,0.08,0.1814814814814814,0.3733333333333333,0.0,0.0,0.0,0.0,0.0,0.0,0.0,0.0,0.0,0.0,0.5231815663353606,0.1838126297064927,0.0,0.0,0.0,0.0,0.0,0.0,0.0,0.0,0.0,0.0
0.0,0.0,0.0,0.6666666666666666,0.0,0.3809523809523809,0.5,0.0,0.3905325443786982,0.1065088757396449,0.2416173570019723,0.3905325443786982,0.0,0.0,0.0,0.0,0.0,0.0,0.0,0.0,0.0,0.0,0.3911573312194444,0.1334211772184167,0.0,0.0,0.0,0.0,0.0,0.0,0.0,0.0,0.0,0.0
0.0,0.0,0.0,0.6666666666666666,0.0,0.2857142857142857,0.5,0.0,0.3905325443786982,0.1065088757396449,0.1932938856015779,0.3905325443786982,0.0,0.0,0.0,0.0,0.0,0.0,0.0,0.0,0.0,0.0,0.3344699336483925,0.1187625706349966,0.0,0.0,0.0,0.0,0.0,0.0,0.0,0.0,0.0,0.0
0.0,0.0,0.0,0.6666666666666666,0.0,0.2857142857142857,0.5,0.0,0.3905325443786982,0.1065088757396449,0.0483234714003944,0.3905325443786982,0.0,0.0,0.0,0.0,0.0,0.0,0.0,0.0,0.0,0.0,0.3361572629570632,0.1220149112515611,0.0,0.0,0.0,0.0,0.0,0.0,0.0,0.0,0.0,0.0
0.0,0.2294295570896852,0.0952257450433841,0.1441441441441441,0.2162162162162162,0.525096525096525,0.1621621621621621,0.6846846846846846,0.1578947368421052,0.0062326869806094,0.0226223453370267,0.1578947368421052,0.0,0.0,0.0,0.0,0.0,0.0,0.1111111111111111,0.0,0.1666666666666666,0.1571283462795855,0.0465487899453348,0.0049929194702797,0.0,0.1301301301301301,0.0,0.0142247510668563,0.0351435026357626,0.0,0.0,0.0248933143669985,0.0,0.1920341394025604
0.0,0.0,0.0338656237409999,0.3555555555555555,0.0,0.3809523809523809,0.4666666666666667,0.3555555555555555,0.3515625,0.31640625,0.1276041666666666,0.375,0.0,0.2,0.0,0.0,0.0,0.0,0.0,0.0,0.0,0.0,0.4219184423790457,0.14682887877509,0.0,0.0,0.0,0.0,0.0,0.0,0.0,0.0729166666666666,0.0,0.0
0.0,0.0,0.0,0.4210526315789473,0.0,0.1804511278195488,0.5789473684210527,0.0,0.27,0.18,0.0816666666666666,0.27,0.0,0.0,0.0,0.0,0.0,0.0,0.0,0.0,0.0,0.0,0.565266264290194,0.1838008930078126,0.0,0.0,0.0,0.0,0.0,0.0,0.0,0.0,0.0,0.0
0.0,0.0,0.0,0.4266666666666666,0.8,0.3657142857142857,0.28,0.3733333333333333,0.1952662721893491,0.0532544378698224,0.0724852071005917,0.1952662721893491,0.0,0.0,0.0,0.0,0.0,0.0,0.3333333333333333,0.0,0.0,0.0,0.363690410352837,0.0843000496058427,0.0,0.0,0.0,0.0,0.0,0.0,0.0,0.0,0.0,0.0
0.0,0.0,0.0,0.7272727272727272,0.0,0.3116883116883116,0.5454545454545454,0.0,0.4583333333333332,0.125,0.2268518518518518,0.4583333333333332,0.0,0.0,0.0,0.0,0.0,0.0,0.0,0.0,0.0,0.0,0.339026014315983,0.1101258385823006,0.0,0.0,0.0,0.0,0.0,0.0,0.0,0.0,0.0,0.0
0.0,0.0,0.0,0.6349206349206349,0.0,0.4353741496598639,0.4761904761904761,0.0,0.2479338842975206,0.0371900826446281,0.0674931129476584,0.2479338842975206,0.0,0.0,0.0,0.0,0.0,0.0,0.0,0.0,0.0,0.0,0.3215168929866576,0.0741472150330565,0.0,0.0,0.0,0.0,0.0,0.0,0.0,0.0,0.0,0.0
0.0,0.0,0.0,0.5333333333333333,0.0,0.5714285714285714,0.4,0.0,0.4958677685950413,0.1487603305785124,0.0674931129476584,0.4958677685950413,0.0,0.0,0.0,0.0,0.0,0.0,0.0,0.0,0.0,0.0,0.3222581616671306,0.1275255921396136,0.0,0.0,0.0,0.0,0.0,0.0,0.0,0.0,0.0,0.0
0.0,0.0,0.0,0.0,0.0,0.3571428571428571,0.0,0.6666666666666666,0.0,0.0311418685121107,0.0282583621683967,0.0,0.0,0.0,0.0,0.0,0.0,0.0,0.0,0.0,0.1333333333333333,0.0,0.0,0.0,0.8382352941176472,0.6726579520697168,0.0,0.0,0.0,0.0,0.0,0.0,0.0,0.0
0.0,0.0,0.0,0.5333333333333333,0.0,0.3428571428571428,0.5,0.0,0.2585034013605442,0.0204081632653061,0.0,0.2585034013605442,0.0,0.0,0.0,0.0,0.0,0.0,0.0,0.0,0.0,0.0,0.3652390270251908,0.0878797035578663,0.0,0.0,0.0,0.0,0.0,0.0,0.0,0.0,0.0,0.0
0.0,0.0,0.0,0.7272727272727272,0.0,0.3116883116883116,0.5454545454545454,0.0,0.4583333333333332,0.125,0.2268518518518518,0.4583333333333332,0.0,0.0,0.0,0.0,0.0,0.0,0.0,0.0,0.0,0.0,0.3539172512978429,0.1246539538192672,0.0,0.0,0.0,0.0,0.0,0.0,0.0,0.0,0.0,0.0
0.0,0.0,0.0356394144885525,0.3333333333333333,0.0,0.2857142857142857,0.4375,0.25,0.3321799307958477,0.2491349480968858,0.0847750865051903,0.3529411764705882,0.0,0.375,0.0,0.0,0.0,0.0,0.0,0.0,0.0,0.0,0.4151019078937834,0.145779889248281,0.0,0.0,0.0,0.0,0.0,0.0,0.0,0.0643382352941176,0.0,0.0
0.0,0.0,0.0,0.6666666666666666,0.0,0.2857142857142857,0.5,0.0,0.3905325443786982,0.1065088757396449,0.1932938856015779,0.3905325443786982,0.0,0.0,0.0,0.0,0.0,0.0,0.0,0.0,0.0,0.0,0.3317164159733068,0.1155187055025457,0.0,0.0,0.0,0.0,0.0,0.0,0.0,0.0,0.0,0.0
0.0,0.0,0.0,0.5925925925925926,0.0,0.5079365079365079,0.4444444444444444,0.0,0.2326869806094182,0.0498614958448753,0.0226223453370267,0.2326869806094182,0.0,0.0,0.0,0.0,0.0,0.0,0.0,0.0,0.0,0.0,0.4001794909128825,0.1198504100341261,0.0,0.0,0.0,0.0,0.0,0.0,0.0,0.0,0.0,0.0
0.0,0.0,0.0352393021271913,0.3333333333333333,0.0,0.2857142857142857,0.4375,0.25,0.3529411764705882,0.2802768166089965,0.113033448673587,0.3529411764705882,0.0,0.1875,0.0,0.0,0.0,0.0,0.0,0.0,0.0,0.0,0.487975526931294,0.1718874718953929,0.0,0.0,0.0,0.0,0.0,0.0,0.0,0.0643382352941176,0.0,0.0
0.0,0.1026894510991179,0.0,0.2962962962962963,0.4444444444444444,0.0,0.2222222222222222,0.0,0.6000000000000001,0.6299999999999999,0.4899999999999999,0.54,0.0,0.0,0.0,0.0,0.0,0.0,0.0,0.0,0.0,0.0,1.0,0.5477829451343242,0.0,0.0,0.0,0.0,0.0,0.0,0.0,0.0,0.0,0.0
0.2757863019333359,0.1526472726301521,0.0950353811172069,0.1481481481481481,0.2222222222222222,0.2222222222222222,0.2222222222222222,0.2592592592592592,0.1577794010226443,0.0065741417092768,0.0119308497686876,0.1621621621621621,0.0,0.0,0.0,0.0,0.0,0.0,0.2285714285714285,0.1999999999999999,0.1142857142857142,0.0635478784834047,0.1694327742467938,0.014749352504645,0.1331331331331331,0.1690579468357246,0.0,0.0075075075075075,0.0927397986221515,0.0675675675675675,0.039039039039039,0.0262762762762762,0.0,0.0
0.1210472290916457,0.0,0.0,0.3333333333333333,0.0,0.1428571428571428,0.4375,0.1666666666666666,0.3529411764705882,0.4048442906574394,0.0565167243367935,0.3529411764705882,0.0,0.0,0.0,0.0,0.0,0.0,0.0,0.0,0.0,0.0,0.4223149504968234,0.1016524193528045,0.0,0.0,0.0,0.0,0.0,0.0,0.0955882352941176,0.0,0.0,0.0
0.0,0.0,0.0,0.7272727272727272,0.0,0.2077922077922077,0.5454545454545454,0.1212121212121212,0.5,0.0625,0.3402777777777777,0.5,0.0,0.0,0.0,0.0,0.0,0.0,0.0,0.0,0.0,0.0932787649074094,0.2487019282745075,0.0643519824562337,0.0,0.0,0.0,0.1515151515151515,0.0,0.0,0.0,0.0,0.0,0.0
0.0,0.0,0.0,0.4444444444444444,0.0,0.4761904761904761,0.3333333333333333,0.2222222222222222,0.3905325443786982,0.0532544378698224,0.2899408284023668,0.3905325443786982,0.0,0.0,0.0,0.0,0.0,0.0,0.0,0.0,0.0,0.0,0.2818376511549731,0.0898714370138003,0.0,0.0,0.0,0.0,0.0,0.0,0.0,0.0,0.0,0.0
0.0,0.0,0.0,0.5714285714285714,0.0,0.0816326530612244,0.5,0.0,0.3733333333333333,0.04,0.1451851851851851,0.3733333333333333,0.0,0.0,1.0,0.0,0.0,0.0,0.0,0.0,0.0,0.4348887524155849,0.0,0.0,0.0,0.0,0.0,0.0,0.0,0.0,0.0,0.0,0.0,0.0
0.0,0.0,0.0,0.6349206349206349,0.0,0.4897959183673468,0.4761904761904761,0.0,0.2479338842975206,0.0371900826446281,0.084366391184573,0.2479338842975206,0.0,0.0,0.0,0.0,0.0,0.0,0.0,0.0,0.0,0.0,0.3295877879344191,0.0786543534761776,0.0,0.0,0.0,0.0,0.0,0.0,0.0,0.0,0.0,0.0
0.0,0.0,0.0,0.4848484848484848,0.0,0.3116883116883116,0.2727272727272727,0.4848484848484848,0.5,0.0625,0.3402777777777777,0.5,0.0,0.0,0.0,0.0,0.0,0.0,0.0,0.0,0.0,0.0976022339705005,0.1734861720954239,0.0515986953084238,0.0,0.0,0.0,0.1515151515151515,0.0,0.0,0.0,0.0,0.0,0.0
0.0,0.0,0.0,0.4848484848484848,0.1818181818181818,0.1558441558441558,0.5,0.0,0.2495274102079395,0.0340264650283553,0.0617517328292375,0.2495274102079395,0.0,0.1363636363636363,0.0,0.0,0.0,0.0,0.0,0.0,0.0,0.0,0.5988486696323895,0.1917807132687983,0.0,0.0,0.0,0.0,0.0,0.0,0.0,0.0,0.0,0.0
0.0,0.0,0.0,0.5614035087719298,0.0,0.3609022556390977,0.4736842105263157,0.1403508771929824,0.285,0.2024999999999999,0.1224999999999999,0.3,0.0,0.4736842105263157,0.0,0.0,0.0,0.0,0.0,0.0,0.0,0.0,0.4223047746690916,0.1180082911177949,0.0,0.0,0.0,0.0,0.0,0.0,0.0,0.0,0.0,0.0
0.0,0.0,0.0,0.7272727272727272,0.0,0.1038961038961038,0.6363636363636364,0.0,0.5,0.0625,0.3402777777777777,0.5,0.0,0.0,0.0,0.0,0.0,0.0,0.0,0.0,0.0,0.0905216022403141,0.3218009593789241,0.1004699400421325,0.0,0.0,0.0,0.1515151515151515,0.0,0.0,0.0,0.0,0.0,0.0
0.2211874364194412,0.0,0.0,0.0,0.5,0.2857142857142857,0.125,0.5,0.2962962962962963,0.1111111111111111,0.1008230452674897,0.5185185185185185,0.0,0.0,0.0,0.0,0.0,0.0,0.0,0.0,0.0,0.0,0.0,0.0,0.7037037037037037,0.0,0.0,0.0,0.0,0.8333333333333333,0.0,0.0,0.0,0.0
0.0,0.0,0.0,0.4266666666666666,0.8,0.3657142857142857,0.28,0.3733333333333333,0.1952662721893491,0.0532544378698224,0.1932938856015779,0.1952662721893491,0.0,0.0,0.0,0.0,0.0,0.0,0.3333333333333333,0.0,0.0,0.0,0.361950455727323,0.0837196327138693,0.0,0.0,0.0,0.0,0.0,0.0,0.0,0.0,0.0,0.0
0.0,0.0,0.0,0.7272727272727272,0.3636363636363636,0.2077922077922077,0.4545454545454545,0.2424242424242424,0.5,0.0625,0.3402777777777777,0.5,0.0,0.0,0.0,0.0,0.0,0.0,0.0,0.0,0.0,0.0,0.3217774237048377,0.0944939124114119,0.0,0.0,0.0,0.0,0.0,0.0,0.0,0.0,0.0,0.0
0.0,0.0,0.0,0.5714285714285714,0.0,0.4897959183673468,0.4285714285714285,0.0,0.2933333333333333,0.08,0.1814814814814814,0.2933333333333333,0.0,0.0,0.0,0.0,0.0,0.0,0.0,0.0,0.0,0.0,0.3779493247169984,0.1249600778907483,0.0,0.0,0.0,0.0,0.0,0.0,0.0,0.0,0.0,0.0
0.0,0.0,0.0,0.4444444444444444,0.0,0.3809523809523809,0.3333333333333333,0.2222222222222222,0.3905325443786982,0.1597633136094674,0.0483234714003944,0.3905325443786982,0.0,0.0,0.0,0.0,0.0,0.0,0.0,0.0,0.0,0.0,0.2830829602027122,0.0911149714182358,0.0,0.0,0.0,0.0,0.0,0.0,0.0,0.0,0.0,0.0
0.0,0.0,0.0,0.4266666666666666,0.8,0.32,0.28,0.3733333333333333,0.1952662721893491,0.0532544378698224,0.0724852071005917,0.1952662721893491,0.0,0.0,0.0,0.0,0.0,0.0,0.3333333333333333,0.0,0.0,0.0,0.3635362582942426,0.0847025053445749,0.0,0.0,0.0,0.0,0.0,0.0,0.0,0.0,0.0,0.0
0.0,0.0,0.0,0.7272727272727272,0.0,0.2077922077922077,0.4545454545454545,0.2424242424242424,0.5,0.0625,0.3402777777777777,0.5,0.0,0.0,0.0,0.0,0.0,0.0,0.0,0.0,0.0,0.0928380996466473,0.2475270167050424,0.0784810126582278,0.0,0.0,0.0,0.1515151515151515,0.0,0.0,0.0,0.0,0.0,0.0
0.0,0.0,0.0,0.2666666666666666,0.0,0.2285714285714285,0.3,0.3999999999999999,0.5454545454545454,0.2231404958677685,0.1349862258953168,0.5454545454545454,0.0,0.0,0.0,0.0,0.0,0.0,0.0,0.0,0.0,0.098231043080881,0.3492077374006305,0.1183749150924345,0.0,0.0,0.0,0.0909090909090909,0.0,0.0,0.0,0.0,0.0,0.0
0.2274316575616621,0.0629415275399253,0.0391862360511931,0.2051282051282051,0.3076923076923077,0.1318681318681318,0.2307692307692307,0.2051282051282051,0.2222222222222222,0.1234567901234567,0.0448102423411065,0.2222222222222222,0.0,0.0,0.0,0.0,0.0,0.0,0.0,0.0,0.0,0.2307977453268132,0.1538395270380228,0.0312971625459167,0.0,0.0,0.0317460317460317,0.0,0.0,0.0854700854700854,0.1111111111111111,0.0,0.2118945868945869,0.1282051282051282
0.0,0.0,0.0,0.4266666666666666,0.8,0.32,0.28,0.3733333333333333,0.1952662721893491,0.0532544378698224,0.0724852071005917,0.1952662721893491,0.0,0.0,0.0,0.0,0.0,0.0,0.3333333333333333,0.0,0.0,0.0,0.364535976627487,0.0848934242955892,0.0,0.0,0.0,0.0,0.0,0.0,0.0,0.0,0.0,0.0
0.0,0.0,0.0284429900317378,0.2424242424242424,0.0,0.2077922077922077,0.4545454545454545,0.1212121212121212,0.5,0.0625,0.0567129629629629,0.375,0.0,0.0,0.4242424242424242,0.0,0.0,0.2727272727272727,0.0,0.0,0.0,0.1939204258324977,0.0,0.0,0.0,0.0,0.0,0.0,0.0,0.0,0.0,0.0,0.0,0.0
0.0,0.0,0.0,0.5,0.0,0.0714285714285714,0.5,0.0833333333333333,0.3114186851211072,0.0,0.0565167243367935,0.3114186851211072,0.0,0.0,0.0,0.0,0.0,0.0,0.0,0.0,0.0,0.0,0.4392016463402573,0.1818031443372606,0.0,0.0,0.0,0.0,0.0,0.0,0.0,0.0,0.0,0.0
0.0,0.0,0.0604711237047306,0.1481481481481481,0.0,0.5714285714285714,0.1111111111111111,0.5925925925925926,0.299168975069252,0.074792243767313,0.0452446906740535,0.299168975069252,0.0,0.0,0.0,0.0,0.0,0.0,0.0,0.0,0.0,0.0,0.2123507145624397,0.03206103530095,0.0,0.0,0.0,0.0,0.0,0.0,0.0,0.0,0.0,0.0
0.0,0.1036191295065985,0.064511362004824,0.0,0.0,0.4761904761904761,0.0833333333333333,0.3333333333333333,0.3905325443786982,0.1597633136094674,0.0966469428007889,0.4615384615384615,0.0,0.0,0.0,0.0,0.0,0.0,0.0,0.0,0.0,0.0,0.0,0.0,0.0,0.0,0.0,0.0,0.0,0.0,0.0,0.0,0.0,0.2884615384615384
0.3553943409678529,0.0,0.1224681443712267,0.0,0.1333333333333333,0.5333333333333333,0.1,0.6222222222222222,0.1935483870967742,0.0093652445369406,0.0254942767950052,0.1873048907388137,0.0,0.0,0.0,0.0,0.0,0.0,0.0,0.0,0.2068965517241379,0.0,0.1474296395576542,0.0110907917531844,0.0817204301075268,0.0605336519315014,0.0479262672811059,0.0,0.0265654648956356,0.0,0.0,0.0,0.0,0.0
0.0,0.0,0.0,0.7843137254901961,0.0,0.2689075630252101,0.5294117647058824,0.0,0.3333333333333333,0.0555555555555555,0.1260288065843621,0.3333333333333333,0.0,0.0,0.0,0.0,0.0,0.0,0.0,0.0,0.0,0.0,0.5479180942325664,0.1783685693630958,0.0,0.0,0.0,0.0,0.0,0.0,0.0,0.0,0.0,0.0
0.0,0.0,0.0,0.6153846153846154,0.0,0.4395604395604395,0.4615384615384615,0.0,0.336734693877551,0.0918367346938775,0.2083333333333333,0.336734693877551,0.0,0.0,0.0,0.0,0.0,0.0,0.0,0.0,0.0,0.0,0.3800924219466591,0.128548644338118,0.0,0.0,0.0,0.0,0.0,0.0,0.0,0.0,0.0,0.0
0.0,0.0,0.0,0.5333333333333333,0.0,0.4571428571428571,0.4,0.0,0.4462809917355372,0.1487603305785124,0.2024793388429751,0.4462809917355372,0.0,0.0,0.0,0.0,0.0,0.0,0.0,0.0,0.0,0.0,0.2946127550139573,0.1070773808996625,0.0,0.0,0.0,0.0,0.0,0.0,0.0,0.0,0.0,0.0
0.0,0.0,0.023652122807812,0.3137254901960784,0.0,0.2016806722689075,0.4117647058823529,0.1568627450980392,0.2962962962962963,0.0277777777777777,0.0252057613168724,0.2962962962962963,0.0,0.0,0.0,0.0,0.0,0.0,0.0,0.0,0.0,0.1875540656736988,0.2222492634372699,0.0681474216431476,0.0,0.0,0.0,0.0,0.0,0.0,0.0,0.0,0.0,0.0
0.0,0.0490618118025055,0.0,0.0,0.0,0.4897959183673468,0.2857142857142857,0.0,0.65625,0.28125,0.3828125,0.75,0.0,0.0,0.0,0.0,0.0,0.0,0.0,0.0,0.0,0.1390892467577675,0.0,0.0,0.0,0.0,0.0,0.0,0.0,0.0,0.0,0.0,0.0,0.0
0.0,0.0,0.0,0.4848484848484848,0.0,0.3116883116883116,0.6363636363636364,0.2424242424242424,0.4583333333333332,0.125,0.2835648148148148,0.5,0.0,0.2727272727272727,0.0,0.0,0.0,0.0,0.0,0.0,0.0,0.0995372921654772,0.1769257023743091,0.058917697970044,0.0,0.0,0.0,0.0757575757575757,0.0,0.0,0.0,0.0,0.0,0.0
0.0,0.0,0.0,0.3333333333333333,0.0,0.3571428571428571,0.25,0.3333333333333333,0.1660899653979238,0.0311418685121107,0.0565167243367935,0.2491349480968858,0.0,0.0,0.0,0.0,0.0,0.0,0.0,0.0,0.0,0.0,0.1519945926137765,0.0317855304851237,0.0,0.0,0.0,0.0,0.0,0.0,0.0,0.0,0.0,0.0
0.0,0.0,0.0,0.0,0.0,0.4812030075187969,0.0,0.5614035087719298,0.0,0.0225,0.0408333333333333,0.0,0.0,0.0,0.0,0.0,0.0,0.0,0.0,0.0,0.4444444444444444,0.0,0.0,0.0,0.6000000000000001,0.5925925925925926,0.0,0.0,0.0,0.0,0.0,0.0,0.0,0.0
0.0,0.0,0.0,0.7619047619047619,0.0,0.4081632653061224,0.5714285714285714,0.0,0.3466666666666667,0.08,0.0362962962962962,0.3466666666666667,0.0,0.0,0.0,0.0,0.0,0.0,0.0,0.0,0.0,0.0,0.3278020225406111,0.1065080938222662,0.0,0.0,0.0,0.0,0.0,0.0,0.0,0.0,0.0,0.0
0.0,0.0,0.0,0.5925925925925926,0.0,0.4444444444444444,0.4444444444444444,0.0,0.2825484764542936,0.0498614958448753,0.0678670360110803,0.2825484764542936,0.0,0.0,0.0,0.0,0.0,0.0,0.0,0.0,0.0,0.0,0.4670256832931053,0.1402481313092394,0.0,0.0,0.0,0.0,0.0,0.0,0.0,0.0,0.0,0.0
0.1919402343831494,0.0531193048407136,0.0,0.1025641025641025,0.1538461538461538,0.2197802197802197,0.3846153846153846,0.2564102564102564,0.2139917695473251,0.1234567901234567,0.0448102423411065,0.2222222222222222,0.0,0.0,0.0,0.0,0.0,0.0,0.0,0.0,0.0,0.1645458482177613,0.09749240422141,0.0186896167121346,0.0,0.0,0.0317460317460317,0.0,0.0,0.0854700854700854,0.1111111111111111,0.0,0.1059472934472934,0.1282051282051282
0.0,0.0,0.0,0.7272727272727272,0.0,0.3116883116883116,0.3636363636363636,0.3636363636363636,0.5,0.0625,0.3402777777777777,0.5,0.0,0.0,0.0,0.0,0.0,0.0,0.0,0.0,0.0,0.0,0.2695750652438437,0.0948640791554036,0.0,0.0,0.0,0.0,0.0,0.0,0.0,0.0,0.0,0.0
0.0,0.1161741054919032,0.0723278588679664,0.0,0.0,0.6285714285714286,0.0,0.5333333333333333,0.2585034013605442,0.0204081632653061,0.037037037037037,0.2721088435374149,0.0,0.0,0.0,0.0,0.0,0.0,0.0,0.0,0.0,0.0,0.0,0.0,0.0,0.0,0.0,0.0,0.0,0.0,0.0,0.0416666666666666,0.0,0.1071428571428571
0.0,0.0723665610300615,0.0,0.0,0.0,0.5194805194805194,0.2727272727272727,0.4848484848484848,0.375,0.125,0.0567129629629629,0.2916666666666667,0.0,0.0,0.0,0.0,0.0,0.0,0.0,0.0,0.0,0.0,0.0,0.0,0.0,0.0,0.0,0.0,0.0,0.0,0.0,0.0,0.0,0.3409090909090909
0.0,0.0,0.0,0.8888888888888888,0.0,0.2857142857142857,0.6666666666666666,0.0,0.4260355029585799,0.1065088757396449,0.1932938856015779,0.4260355029585799,0.0,0.0,0.0,0.0,0.0,0.0,0.0,0.0,0.0,0.0,0.3403400596935455,0.1153430597394048,0.0,0.0,0.0,0.0,0.0,0.0,0.0,0.0,0.0,0.0
0.0,0.0,0.0286740602853905,0.2424242424242424,0.0,0.1038961038961038,0.3636363636363636,0.2424242424242424,0.5,0.0625,0.0567129629629629,0.4583333333333332,0.0,0.0,0.4242424242424242,0.0,0.0,0.0,0.0,0.0,0.0,0.1916178694948504,0.0,0.0,0.0,0.0,0.0,0.0,0.0,0.0,0.0,0.0,0.0,0.0
0.0,0.0,0.0,0.2222222222222222,0.3333333333333333,0.2857142857142857,0.3333333333333333,0.2222222222222222,0.4260355029585799,0.0532544378698224,0.0966469428007889,0.4615384615384615,0.0,0.0,0.0,0.5833333333333333,0.0,0.0,0.3636363636363636,0.0,0.0,0.0,0.1721214087581204,0.0344683808200139,0.0,0.0,0.0,0.0,0.0,0.0,0.0,0.0,0.0,0.0
0.0,0.042516584571658,0.0,0.4444444444444444,0.0,0.0,0.5833333333333334,0.0,0.4615384615384615,0.5325443786982249,0.1932938856015779,0.4615384615384615,0.0,0.0,0.3888888888888889,0.0,0.0,0.0,0.0,0.0,0.0,0.2570905723379467,0.1523245847364945,0.05372975134991,0.0,0.0,0.0,0.1923076923076923,0.0,0.0,0.0,0.0,0.4767628205128205,0.2884615384615384
0.0,0.0,0.0,0.5333333333333333,0.0,0.5714285714285714,0.4,0.0,0.4958677685950413,0.1487603305785124,0.2024793388429751,0.4958677685950413,0.0,0.0,0.0,0.0,0.0,0.0,0.0,0.0,0.0,0.0,0.3114171260990298,0.1075397937264006,0.0,0.0,0.0,0.0,0.0,0.0,0.0,0.0,0.0,0.0
0.0,0.0,0.0,0.6666666666666666,0.0,0.2857142857142857,0.5,0.0,0.3905325443786982,0.1065088757396449,0.1932938856015779,0.4260355029585799,0.0,0.25,0.0,0.0,0.0,0.0,0.0,0.0,0.0,0.0,0.3285209214438162,0.1149736815828138,0.0,0.0,0.0,0.0,0.0,0.0,0.0,0.0,0.0,0.0
0.0,0.0,0.0300655620895526,0.2539682539682539,0.0,0.3265306122448979,0.3333333333333333,0.3174603174603174,0.2727272727272727,0.0557851239669421,0.1856060606060606,0.2727272727272727,0.0,0.0,0.0,0.0,0.0,0.0,0.0,0.0,0.0,0.2621314535563123,0.1747251853773095,0.0398627718309673,0.0,0.0,0.0,0.0216450216450216,0.160427807486631,0.0,0.0,0.0,0.0,0.0
0.0,0.0,0.0246183287399519,0.3137254901960784,0.0,0.2689075630252101,0.3529411764705882,0.0784313725490196,0.2777777777777778,0.0277777777777777,0.0252057613168724,0.2777777777777778,0.0,0.0,0.0,0.0,0.0,0.0,0.0,0.0,0.0,0.2032625341963838,0.1806477042257241,0.0516605954428432,0.0,0.0,0.0,0.0,0.0,0.0,0.0,0.0,0.0,0.0
0.0,0.0,0.0,0.5925925925925926,0.0,0.5079365079365079,0.4444444444444444,0.0,0.48,0.18,0.2449999999999999,0.48,0.0,0.0,0.0,0.0,0.0,0.0,0.0,0.0,0.0,0.0,0.2991196625536662,0.1174601786677159,0.0,0.0,0.0,0.0,0.0,0.0,0.0,0.0,0.0,0.0
0.0,0.0,0.0,0.4848484848484848,0.0,0.4155844155844155,0.1818181818181818,0.606060606060606,0.5,0.0625,0.3402777777777777,0.5,0.0,0.0,0.0,0.0,0.0,0.0,0.0,0.0,0.0,0.0,0.1820097982568967,0.0435469710272168,0.0,0.0,0.0,0.0,0.0,0.0,0.0,0.0,0.0,0.0
0.0,0.0,0.0,0.4848484848484848,0.0,0.3116883116883116,0.1818181818181818,0.4848484848484848,0.5,0.25,0.3402777777777777,0.5,0.0,0.0,0.0,0.0,0.0,0.0,0.0,0.0,0.0,0.0950192264678999,0.1688949238637964,0.0459787163039044,0.0,0.0,0.0,0.1515151515151515,0.0,0.0,0.0,0.0,0.0,0.0
0.1074218028722131,0.0,0.0,0.4848484848484848,0.1818181818181818,0.3116883116883116,0.3636363636363636,0.1818181818181818,0.2495274102079395,0.0170132325141776,0.0308758664146187,0.2381852551984877,0.0,0.2727272727272727,0.0,0.0,0.0,0.0,0.1904761904761904,0.0,0.0,0.0,0.222680803697423,0.0435790512364744,0.0,0.0,0.0,0.0,0.0,0.0,0.0,0.0,0.0,0.0
0.0957808116271658,0.0,0.0,0.5333333333333333,0.0,0.0761904761904761,0.6,0.0,0.375,0.31640625,0.0319010416666666,0.375,0.0,0.0,0.0,0.0,0.0,0.0,0.0,0.0,0.0,0.0,0.357581988244579,0.1073058509646875,0.0,0.0,0.0,0.0,0.0,0.0,0.1083333333333333,0.0,0.0,0.0
0.0,0.0,0.0,0.7272727272727272,0.0,0.3116883116883116,0.3636363636363636,0.3636363636363636,0.5,0.0625,0.3402777777777777,0.5,0.0,0.2727272727272727,0.0,0.0,0.0,0.0,0.0,0.0,0.0,0.0,0.2748935965555857,0.0813191321923543,0.0,0.0,0.0,0.0,0.0,0.0,0.0,0.0,0.0,0.0
0.0,0.0,0.0,0.3555555555555555,0.0,0.3047619047619047,0.2,0.4444444444444444,0.328125,0.28125,0.0638020833333333,0.3515625,0.0,0.0,0.0,0.0,0.0,0.0,0.0,0.0,0.0,0.0,0.1564706838955242,0.0433059760635082,0.0,0.0,0.0,0.0,0.0,0.0,0.0,0.0,0.0,0.0
0.3491393437417716,0.0,0.1804690281727516,0.0,0.1428571428571428,0.6122448979591836,0.0714285714285714,0.5238095238095237,0.2068965517241379,0.0107015457788347,0.0194213238208481,0.1997621878715814,0.0,0.0,0.0,0.0,0.4285714285714285,0.0,0.0,0.2592592592592592,0.2222222222222222,0.0953258412904294,0.0,0.0,0.1247947454844006,0.1386608283160007,0.0548909218859957,0.0,0.0,0.0369458128078817,0.0,0.0,0.0,0.0
0.0,0.0,0.0,0.5333333333333333,0.0,0.5714285714285714,0.4,0.0,0.2975206611570247,0.371900826446281,0.0674931129476584,0.5454545454545454,0.0,0.0,0.0,0.0,0.0,0.0,0.0,0.0,0.0,0.0,0.3155557834045388,0.1171426495167502,0.0,0.0,0.0,0.0,0.0,0.0,0.0,0.0,0.0,0.0
0.0,0.0,0.0,0.6666666666666666,0.3333333333333333,0.3809523809523809,0.4166666666666667,0.1111111111111111,0.3905325443786982,0.1065088757396449,0.1932938856015779,0.3905325443786982,0.0,0.0,0.0,0.0,0.0,0.0,0.0,0.0,0.0,0.0,0.3341457901661049,0.1041585898529373,0.0,0.0,0.0,0.0,0.0,0.0,0.0,0.0,0.0,0.0
0.0,0.0,0.0350508556374936,0.4102564102564102,0.0,0.3516483516483517,0.3846153846153846,0.3076923076923077,0.3979591836734694,0.2295918367346938,0.1666666666666666,0.4285714285714285,0.0,0.4615384615384615,0.0,0.0,0.0,0.0,0.0,0.0,0.0,0.0,0.3991407961185181,0.1427650363820576,0.0,0.0,0.0,0.0,0.0,0.0,0.0,0.0961538461538461,0.0,0.0
0.0,0.0,0.0,0.3555555555555555,0.0,0.4571428571428571,0.2666666666666666,0.1777777777777777,0.328125,0.03515625,0.0638020833333333,0.328125,0.0,0.0,0.0,0.0,0.0,0.0,0.0,0.0,0.0,0.0,0.2545159475775527,0.0630184755158367,0.0,0.0,0.0,0.0,0.0,0.0,0.0,0.0,0.0,0.0
0.3451701787746611,0.0,0.1784173792906894,0.0,0.1428571428571428,0.6122448979591836,0.0714285714285714,0.6190476190476191,0.2068965517241379,0.0107015457788347,0.0194213238208481,0.1997621878715814,0.0,0.0,0.0,0.0,0.4285714285714285,0.0,0.0,0.2592592592592592,0.3703703703703703,0.0936357141217902,0.0,0.0,0.0,0.1386608283160007,0.0548909218859957,0.0123152709359605,0.0,0.0,0.0,0.0,0.0,0.0
0.0,0.0,0.0,0.4848484848484848,0.0,0.4155844155844155,0.3636363636363636,0.0,0.4166666666666667,0.125,0.1701388888888888,0.4166666666666667,0.0,0.0,0.0,0.0,0.0,0.0,0.0,0.0,0.0,0.0,0.2725616974879637,0.0936682872029285,0.0,0.0,0.0,0.0,0.0,0.0,0.0,0.0,0.0,0.0
0.0,0.0,0.0,0.6666666666666666,0.0,0.2857142857142857,0.5,0.0,0.3905325443786982,0.1065088757396449,0.1932938856015779,0.3905325443786982,0.0,0.0,0.0,0.0,0.0,0.0,0.0,0.0,0.0,0.0,0.3320519744800937,0.114515475928307,0.0,0.0,0.0,0.0,0.0,0.0,0.0,0.0,0.0,0.0
0.2279263192112783,0.063078424751932,0.1178143972037559,0.0701754385964912,0.4210526315789473,0.5714285714285714,0.1578947368421052,0.4912280701754385,0.145956607495069,0.0059171597633136,0.0214770984001753,0.145956607495069,0.0,0.0,0.0,0.0,0.0,0.0,0.1081081081081081,0.1891891891891892,0.2162162162162162,0.1863149760861882,0.0413964295312807,0.0042047318361844,0.0,0.2754036087369421,0.0,0.020242914979757,0.0833531793284115,0.0,0.0350877192982456,0.0472334682860998,0.0,0.0303643724696356
0.0,0.0,0.0362214467939274,0.1904761904761904,0.0,0.3265306122448979,0.4285714285714285,0.2857142857142857,0.2666666666666666,0.36,0.1451851851851851,0.3466666666666667,0.0,0.2142857142857142,0.0,0.0,0.0,0.0,0.0,0.0,0.0,0.0,0.3934933145404242,0.1429869005549169,0.0,0.0,0.0,0.0,0.0,0.0,0.0,0.0833333333333333,0.0,0.0
0.066475066928846,0.0,0.0,0.5714285714285714,0.0,0.0816326530612244,0.6428571428571429,0.0,0.4,0.32,0.0362962962962962,0.4,0.0,0.0,0.0,0.0,0.0,0.0,0.0,0.0,0.0,0.3716910297225728,0.0,0.0,0.0,0.0,0.0,0.3333333333333333,0.0,0.0,0.1238095238095238,0.0,0.0,0.0
0.0,0.0,0.0,0.606060606060606,0.0,0.3636363636363636,0.4545454545454545,0.0,0.2381852551984877,0.0340264650283553,0.0463137996219281,0.2381852551984877,0.0,0.0,0.0,0.0,0.0,0.0,0.0,0.0,0.0,0.0,0.505194322975112,0.1525722109930234,0.0,0.0,0.0,0.0,0.0,0.0,0.0,0.0,0.0,0.0
0.0,0.0,0.0,0.7272727272727272,0.0,0.3116883116883116,0.3636363636363636,0.3636363636363636,0.5,0.0625,0.3402777777777777,0.5,0.0,0.0,0.0,0.0,0.0,0.2727272727272727,0.0,0.0,0.0,0.0,0.2594352298214539,0.0713465856616377,0.0,0.0,0.0,0.0,0.0,0.0,0.0,0.0,0.0,0.0
0.0,0.0,0.0,0.1777777777777777,0.0,0.3809523809523809,0.2666666666666666,0.1777777777777777,0.1875,0.03515625,0.0638020833333333,0.1875,0.0,0.0,0.0,0.0,0.0,0.0,0.0,0.0,0.0,0.0,0.1742186524988111,0.0353915464261563,0.0,0.0,0.0,0.0,0.0,0.0,0.0,0.0,0.0,0.0
0.0965366960975177,0.0,0.0,0.5714285714285714,0.0,0.0816326530612244,0.6428571428571429,0.0,0.4,0.32,0.0362962962962962,0.4,0.0,0.0,0.0,0.0,0.0,0.0,0.0,0.0,0.0,0.0,0.3678368188127415,0.1179801102513883,0.0,0.0,0.0,0.0,0.0,0.0,0.1238095238095238,0.0,0.0,0.0
0.0935988417755,0.0,0.0,0.5714285714285714,0.0,0.1632653061224489,0.6428571428571429,0.0,0.4,0.32,0.0362962962962962,0.4,0.0,0.0,0.0,0.0,0.0,0.0,0.0,0.0,0.0,0.0,0.360233928121664,0.1073178525777588,0.0,0.0,0.0,0.0,0.0,0.1428571428571428,0.1238095238095238,0.0,0.0,0.0
0.0,0.0,0.0,0.3555555555555555,0.0,0.3047619047619047,0.4,0.1777777777777777,0.328125,0.03515625,0.0638020833333333,0.328125,0.0,0.0,0.0,0.0,0.0,0.0,0.0,0.0,0.0,0.0,0.2326913546584811,0.051975186040213,0.0,0.0,0.0,0.0,0.0,0.0,0.0,0.0,0.0,0.0
0.0,0.0,0.0,0.1777777777777777,0.0,0.3809523809523809,0.2666666666666666,0.1777777777777777,0.1875,0.03515625,0.0638020833333333,0.3046875,0.0,0.0,0.0,0.0,0.0,0.0,0.0,0.0,0.0,0.0,0.1715692973759479,0.0358079786040663,0.0,0.0,0.0,0.0,0.0,0.0,0.0,0.0,0.0,0.0
0.2313875721878767,0.0,0.0,0.0,0.5,0.4285714285714285,0.125,0.5,0.2962962962962963,0.1111111111111111,0.1008230452674897,0.5185185185185185,0.0,0.0,0.0,0.0,0.0,0.0,0.0,0.0,0.0,0.0,0.0,0.0,0.3518518518518518,0.0,0.0,0.0,0.0,0.4166666666666666,0.3611111111111111,0.0,0.0,0.0
0.0,0.0,0.0,0.2807017543859649,0.2105263157894736,0.3007518796992481,0.3684210526315789,0.1403508771929824,0.285,0.2024999999999999,0.0816666666666666,0.3,0.0,0.1578947368421052,0.0,0.0,0.0,0.0,0.2222222222222222,0.0,0.0,0.0,0.3782118089934567,0.0933286244449204,0.0,0.0,0.0,0.0,0.0,0.0,0.0,0.0,0.0,0.0
0.0,0.0,0.0,0.5128205128205128,0.1538461538461538,0.2197802197802197,0.3461538461538461,0.2564102564102564,0.2222222222222222,0.0617283950617283,0.0224051211705532,0.2222222222222222,0.0,0.0,0.358974358974359,0.0,0.0,0.0,0.16,0.0,0.0,0.1918041900621347,0.2556963096956374,0.067427197867315,0.0,0.0,0.0,0.0997150997150997,0.0,0.0,0.0,0.0,0.0,0.0
0.1986877599776652,0.0,0.0,0.6349206349206349,0.0,0.2176870748299319,0.5238095238095238,0.0,0.2727272727272727,0.018595041322314,0.0337465564738292,0.2231404958677686,0.0,0.2857142857142857,0.0,0.0,0.0,0.0,0.0,0.0,0.0,0.0,0.4082636793629582,0.1007052221422974,0.0,0.0,0.0,0.0,0.0,0.0,0.0,0.0,0.0,0.0
0.0,0.0,0.0387725619931988,0.0,0.0,0.8163265306122449,0.0,0.1904761904761904,0.0,0.28125,0.1276041666666666,0.75,0.0,0.0,0.0,0.0,0.0,0.0,0.0,0.0,0.0,0.0,0.0,0.0,0.0,0.0,0.0,0.0,0.0,0.0,0.0,0.3125,0.0,0.0
0.0,0.0,0.0,0.8888888888888888,0.0,0.3809523809523809,0.5555555555555556,0.0,0.6000000000000001,0.18,0.3266666666666666,0.6000000000000001,0.0,0.0,0.0,0.0,0.0,0.0,0.0,0.0,0.0,0.0,0.3081181196809727,0.1186241948223335,0.0,0.0,0.0,0.0,0.0,0.0,0.0,0.0,0.0,0.0
0.2009604334713634,0.0,0.0,0.6666666666666666,0.0,0.2285714285714285,0.45,0.0,0.2857142857142857,0.0204081632653061,0.037037037037037,0.2585034013605442,0.0,0.3,0.0,0.0,0.0,0.0,0.0,0.0,0.0,0.0,0.4163741670698721,0.1073405160030973,0.0,0.0,0.0,0.0,0.0,0.0,0.0,0.0,0.0,0.0
0.0,0.0,0.0,0.6666666666666666,0.0,0.0,0.55,0.0,0.2585034013605442,0.0408163265306122,0.0,0.2585034013605442,0.0,0.0,0.0,0.0,0.0,0.0,0.0,0.0,0.0,0.0,0.5211235942955023,0.1898783877874744,0.0,0.0,0.0,0.0,0.0,0.0,0.0,0.0,0.0,0.0
0.0,0.0,0.0,0.7999999999999999,0.0,0.3428571428571428,0.6,0.0,0.2585034013605442,0.0408163265306122,0.0555555555555555,0.2585034013605442,0.0,0.0,0.0,0.0,0.0,0.0,0.0,0.0,0.0,0.0,0.4881818118958206,0.1474246414983903,0.0,0.0,0.0,0.0,0.0,0.0,0.0,0.0,0.0,0.0
0.3511880007056714,0.0,0.1815279725110551,0.0,0.1428571428571428,0.6122448979591836,0.0714285714285714,0.6190476190476191,0.2068965517241379,0.0107015457788347,0.0194213238208481,0.1997621878715814,0.0,0.0,0.0,0.0,0.4285714285714285,0.0,0.0,0.2592592592592592,0.3703703703703703,0.0947955856607852,0.0,0.0,0.0,0.1386608283160007,0.0548909218859957,0.0,0.0,0.0,0.0,0.0,0.0,0.0
0.0,0.0,0.0,0.5925925925925926,0.0,0.2539682539682539,0.4444444444444444,0.0,0.48,0.18,0.4083333333333333,0.48,0.0,0.0,0.0,0.0,0.0,0.0,0.0,0.0,0.0,0.0,0.3638343783973966,0.1463837670209722,0.0,0.0,0.0,0.0,0.0,0.0,0.0,0.0,0.0,0.0
0.1592462902844364,0.0,0.2195037502963587,0.0,0.0,0.5517241379310345,0.1034482758620689,0.4597701149425287,0.2,0.01,0.0181481481481481,0.1933333333333333,0.0,0.0,0.0,0.0,0.4137931034482758,0.0,0.0,0.25,0.2142857142857142,0.0790024769485727,0.0,0.0,0.1164750957854406,0.129416773094934,0.025615763546798,0.0,0.0,0.0344827586206896,0.0,0.0,0.0,0.0
0.0,0.0,0.0,0.6153846153846154,0.0,0.3516483516483517,0.4615384615384615,0.0,0.336734693877551,0.0918367346938775,0.2083333333333333,0.336734693877551,0.0,0.0,0.0,0.0,0.0,0.0,0.0,0.0,0.0,0.0,0.3801646363061772,0.1286360429893356,0.0,0.0,0.0,0.0,0.0,0.0,0.0,0.0,0.0,0.0
0.0,0.0,0.0,0.7272727272727272,0.0,0.2077922077922077,0.5454545454545454,0.0,0.4583333333333332,0.125,0.2835648148148148,0.4583333333333332,0.0,0.0,0.0,0.0,0.0,0.0,0.0,0.0,0.0,0.0,0.5110770444692032,0.1988969363455772,0.0,0.0,0.0,0.0,0.0,0.0,0.0,0.0,0.0,0.0
0.0,0.0,0.0,0.4705882352941176,0.0,0.2016806722689075,0.5294117647058824,0.1568627450980392,0.3148148148148147,0.4166666666666667,0.1008230452674897,0.3333333333333333,0.0,0.3529411764705882,0.0,0.0,0.0,0.0,0.0,0.0,0.0,0.0,0.4562832985968678,0.1693180761001023,0.0,0.0,0.0,0.0,0.0,0.0,0.0,0.0,0.0,0.0
0.0,0.0,0.0,0.2051282051282051,0.0,0.3516483516483517,0.3076923076923077,0.2051282051282051,0.183673469387755,0.0918367346938775,0.1249999999999999,0.183673469387755,0.0,0.0,0.0,0.0,0.0,0.0,0.0,0.0,0.0,0.0,0.1933901593550148,0.0498787068666765,0.0,0.0,0.0,0.0,0.0,0.0,0.0,0.0,0.0,0.0
0.0,0.0,0.0,0.3333333333333333,0.0,0.1428571428571428,0.625,0.0,0.5925925925925926,0.6666666666666666,0.5041152263374485,0.6666666666666666,0.0,0.75,0.0,0.0,0.0,0.0,0.0,0.0,0.0,0.0,0.5041598595886928,0.2438891544974249,0.0,0.0,0.0,0.0,0.0,0.0,0.0,0.0,0.0,0.0
0.0,0.0,0.0,0.1777777777777777,0.0,0.4571428571428571,0.2666666666666666,0.1777777777777777,0.1875,0.03515625,0.0638020833333333,0.1875,0.0,0.0,0.0,0.0,0.0,0.0,0.0,0.0,0.0,0.0,0.1711107014603098,0.0347556111338694,0.0,0.0,0.0,0.0,0.0,0.0,0.0,0.0,0.0,0.0
0.0,0.0,0.0,0.5333333333333333,0.0,0.5333333333333333,0.4,0.0,0.328125,0.0703125,0.095703125,0.328125,0.0,0.0,0.0,0.0,0.0,0.0,0.0,0.0,0.0,0.0,0.3704159331644805,0.1130463321654684,0.0,0.0,0.0,0.0,0.0,0.0,0.0,0.0,0.0,0.0
0.0,0.0,0.0,0.4266666666666666,0.8,0.32,0.28,0.3733333333333333,0.1952662721893491,0.0532544378698224,0.0724852071005917,0.1952662721893491,0.0,0.0,0.0,0.0,0.0,0.0,0.3333333333333333,0.0,0.0,0.0,0.3646949676582871,0.0848811633623893,0.0,0.0,0.0,0.0,0.0,0.0,0.0,0.0,0.0,0.0
0.0,0.0,0.0,0.4444444444444444,0.0,0.3809523809523809,0.5,0.0,0.3905325443786982,0.1065088757396449,0.1932938856015779,0.3905325443786982,0.0,0.0,0.0,0.0,0.0,0.0,0.0,0.0,0.0,0.0,0.3161666567896788,0.1019875552406229,0.0,0.0,0.0,0.0,0.0,0.0,0.0,0.0,0.0,0.0
0.0,0.0,0.0,0.3333333333333333,0.0,0.1428571428571428,0.625,0.0,0.5925925925925926,0.6666666666666666,0.5041152263374485,0.6666666666666666,0.0,0.0,0.0,0.0,0.0,0.0,0.0,0.0,0.0,0.0,0.4915784417251642,0.2165607149190449,0.0,0.0,0.0,0.0,0.0,0.0,0.0,0.0,0.0,0.0
0.0,0.0,0.0234109718730223,0.3137254901960784,0.0,0.2016806722689075,0.4117647058823529,0.1568627450980392,0.2962962962962963,0.0277777777777777,0.0252057613168724,0.2962962962962963,0.0,0.0,0.0,0.0,0.0,0.0,0.0,0.0,0.0,0.1905318365565351,0.1693334140102506,0.049226985671649,0.0,0.0,0.0,0.0,0.0,0.0,0.0,0.0,0.0,0.0
0.0,0.0,0.034314432881145,0.3555555555555555,0.0,0.2285714285714285,0.4,0.2666666666666666,0.3515625,0.24609375,0.19140625,0.375,0.0,0.4,0.0,0.0,0.0,0.0,0.0,0.0,0.0,0.0,0.4333251657780426,0.163362925128704,0.0,0.0,0.0,0.0,0.0,0.0,0.0,0.0729166666666666,0.0,0.0
0.0,0.0,0.0,0.8205128205128205,0.0,0.3516483516483517,0.6153846153846154,0.0,0.4285714285714285,0.1377551020408163,0.0833333333333333,0.4285714285714285,0.0,0.0,0.0,0.0,0.0,0.0,0.0,0.0,0.0,0.0,0.4745066927169996,0.165973394835468,0.0,0.0,0.0,0.0,0.0,0.0,0.0,0.0,0.0,0.0
0.0,0.0,0.0,0.1777777777777777,0.0,0.3809523809523809,0.2666666666666666,0.0,0.1875,0.03515625,0.0638020833333333,0.1875,0.0,0.0,0.0,0.0,0.0,0.0,0.0,0.0,0.0,0.0,0.1743472479918573,0.0394280487029346,0.0,0.0,0.0,0.0,0.0,0.0,0.0,0.0,0.0,0.0
0.0,0.0,0.0,0.3999999999999999,0.0,0.1142857142857142,0.55,0.0,0.2585034013605442,0.0408163265306122,0.0,0.2585034013605442,0.0,0.0,0.0,0.0,0.0,0.0,0.0,0.0,0.0,0.0,0.4740569054076329,0.1398652635151029,0.0,0.0,0.0,0.0,0.0,0.0,0.0,0.0,0.0,0.0
0.0,0.0,0.0,0.7272727272727272,0.0,0.3116883116883116,0.3636363636363636,0.3636363636363636,0.5,0.0625,0.3402777777777777,0.5,0.0,0.0,0.0,0.0,0.0,0.0,0.0,0.0,0.0,0.0,0.2663667150079053,0.0746904885462228,0.0,0.0,0.0,0.0,0.0,0.0,0.0,0.0,0.0,0.0
0.1208636844808331,0.0,0.0,0.4444444444444444,0.3333333333333333,0.2857142857142857,0.3333333333333333,0.0,0.3905325443786982,0.3195266272189349,0.0966469428007889,0.4260355029585799,0.0,0.0,0.0,0.0,0.0,0.0,0.3636363636363636,0.0,0.0,0.0,0.1931848400867682,0.0473471497720757,0.0,0.0,0.0,0.0,0.0,0.1923076923076923,0.0,0.0,0.0,0.0
0.3455913155254213,0.0,0.1786350635520018,0.0,0.1428571428571428,0.6122448979591836,0.0714285714285714,0.6190476190476191,0.2068965517241379,0.0107015457788347,0.0194213238208481,0.1997621878715814,0.0,0.0,0.0,0.0,0.4285714285714285,0.0,0.0,0.2592592592592592,0.3703703703703703,0.0932484648886857,0.0,0.0,0.0,0.1386608283160007,0.0548909218859957,0.0123152709359605,0.0,0.0,0.0,0.0,0.0,0.0
0.2309835585440298,0.1278490265360466,0.0397982248649659,0.1441441441441441,0.4324324324324324,0.525096525096525,0.1621621621621621,0.3963963963963964,0.1578947368421052,0.0062326869806094,0.0226223453370267,0.1578947368421052,0.0,0.0,0.0,0.0,0.0,0.0,0.1111111111111111,0.1944444444444444,0.1666666666666666,0.1936412554183022,0.0860484406853511,0.0094051696927158,0.0900900900900901,0.1401401401401401,0.0,0.0355618776671408,0.0351435026357626,0.0640113798008534,0.0,0.0248933143669985,0.0,0.0
0.0,0.0,0.0,0.4210526315789473,0.2105263157894736,0.2406015037593984,0.4736842105263157,0.1403508771929824,0.285,0.2024999999999999,0.0816666666666666,0.3,0.0,0.3157894736842105,0.0,0.0,0.0,0.0,0.2222222222222222,0.0,0.0,0.0,0.4041965398989866,0.1048131958364527,0.0,0.0,0.0,0.0,0.0,0.0,0.0,0.0,0.0,0.0
0.0,0.0,0.0,0.0,0.0,0.3428571428571428,0.2,0.1333333333333333,0.5454545454545454,0.2231404958677685,0.1349862258953168,0.5454545454545454,0.0,0.0,0.0,0.0,0.0,0.3,0.0,0.0,0.0,0.0,0.1991829604070844,0.0501535407715307,0.0,0.0,0.0,0.0,0.0,0.0,0.0,0.0,0.0,0.0
0.0,0.0,0.0,0.1777777777777777,0.0,0.5333333333333333,0.1333333333333333,0.1777777777777777,0.1875,0.03515625,0.0638020833333333,0.1875,0.0,0.0,0.0,0.0,0.0,0.0,0.0,0.0,0.0,0.0,0.192784223176521,0.0431072520196496,0.0,0.0,0.0,0.0,0.0,0.0,0.0,0.0,0.0,0.0
0.0,0.0,0.0,0.2807017543859649,0.0,0.4210526315789473,0.3684210526315789,0.1403508771929824,0.285,0.2024999999999999,0.0816666666666666,0.3,0.0,0.1578947368421052,0.0,0.0,0.0,0.0,0.0,0.0,0.0,0.0,0.3819172423525687,0.1032199678131283,0.0,0.0,0.0,0.0,0.0,0.0,0.0,0.0,0.0,0.0
0.0,0.0,0.0,0.711111111111111,0.0,0.3809523809523809,0.6,0.0,0.328125,0.10546875,0.0638020833333333,0.328125,0.0,0.0,0.0,0.0,0.0,0.0,0.0,0.0,0.0,0.0,0.4406148905699251,0.1415255849343732,0.0,0.0,0.0,0.0,0.0,0.0,0.0,0.0,0.0,0.0
0.0,0.0,0.0334562000950596,0.3555555555555555,0.0,0.3047619047619047,0.4,0.2666666666666666,0.3515625,0.24609375,0.19140625,0.375,0.0,0.4,0.0,0.0,0.0,0.0,0.0,0.0,0.0,0.0,0.4234975932223838,0.1492988879764382,0.0,0.0,0.0,0.0,0.0,0.0,0.0,0.0729166666666666,0.0,0.0
0.0,0.0,0.0349321769492241,0.3333333333333333,0.0,0.3571428571428571,0.4375,0.3333333333333333,0.3321799307958477,0.2802768166089965,0.113033448673587,0.3529411764705882,0.0,0.1875,0.0,0.0,0.0,0.0,0.0,0.0,0.0,0.0,0.4174605680149298,0.1446678413200791,0.0,0.0,0.0,0.0,0.0,0.0,0.0,0.0643382352941176,0.0,0.0
0.0,0.0733845092894207,0.0456878441930427,0.2318840579710144,0.1739130434782608,0.248447204968944,0.3478260869565217,0.2318840579710144,0.2395833333333333,0.046875,0.0708912037037037,0.2395833333333333,0.0,0.0,0.0,0.0,0.0,0.0,0.0,0.0,0.0,0.0,0.277671501743006,0.038481002988723,0.0,0.0,0.0,0.0,0.268542199488491,0.0,0.0,0.0,0.0,0.0
0.0,0.0,0.0347662792697084,0.3333333333333333,0.0,0.2857142857142857,0.4375,0.25,0.3321799307958477,0.2491349480968858,0.0847750865051903,0.3529411764705882,0.0,0.375,0.0,0.0,0.0,0.0,0.0,0.0,0.0,0.0,0.4138442177261131,0.1429644126220193,0.0,0.0,0.0,0.0,0.0,0.0,0.0,0.0643382352941176,0.0,0.0
0.0,0.0,0.0,0.7619047619047619,0.0,0.4081632653061224,0.5714285714285714,0.0,0.3466666666666667,0.08,0.1814814814814814,0.3466666666666667,0.0,0.0,0.0,0.0,0.0,0.0,0.0,0.0,0.0,0.0,0.3229748310360389,0.1004233104182954,0.0,0.0,0.0,0.0,0.0,0.0,0.0,0.0,0.0,0.0
0.0,0.0,0.0346012212788794,0.0,0.0,0.3116883116883116,0.1818181818181818,0.2424242424242424,0.5,0.0625,0.0567129629629629,0.4583333333333332,0.0,0.0,0.0,0.0,0.0,0.2727272727272727,0.0,0.0,0.0,0.1101252192087975,0.0,0.0,0.0,0.0,0.0,0.0,0.0,0.0,0.0,0.0,0.0,0.0
0.0,0.0,0.0,0.3333333333333333,0.0,0.3571428571428571,0.25,0.3333333333333333,0.1660899653979238,0.0311418685121107,0.0565167243367935,0.2491349480968858,0.0,0.0,0.0,0.0,0.0,0.0,0.0,0.0,0.0,0.0,0.1488864100922112,0.0321186557186947,0.0,0.0,0.0,0.0,0.0,0.0,0.0,0.0,0.0,0.0
0.0,0.0,0.0,0.6666666666666666,0.0,0.4761904761904761,0.5,0.0,0.3905325443786982,0.1065088757396449,0.2416173570019723,0.3905325443786982,0.0,0.0,0.0,0.0,0.0,0.0,0.0,0.0,0.0,0.0,0.3255944190358532,0.0973482858367906,0.0,0.0,0.0,0.0,0.0,0.0,0.0,0.0,0.0,0.0
0.0,0.0,0.0,0.9696969696969696,0.0,0.1038961038961038,0.4545454545454545,0.2424242424242424,0.5,0.0625,0.3402777777777777,0.5,0.0,0.0,0.0,0.0,0.0,0.0,0.0,0.0,0.0,0.0,0.3463793409591366,0.1305934630356499,0.0,0.0,0.0,0.0,0.0,0.0,0.0,0.0,0.0,0.0
0.0,0.0,0.0,0.6274509803921569,0.0,0.2689075630252101,0.4117647058823529,0.0,0.3333333333333333,0.0277777777777777,0.0504115226337448,0.3333333333333333,0.0,0.0,0.0,0.0,0.0,0.0,0.0,0.0,0.0,0.0899209378940084,0.319665619768024,0.1099478225283906,0.0,0.0,0.0,0.065359477124183,0.0,0.0,0.0,0.0,0.0,0.0
0.0,0.0,0.0,0.6666666666666666,0.0,0.0952380952380952,0.5,0.0,0.3905325443786982,0.4792899408284023,0.0966469428007889,0.4615384615384615,0.0,0.0,0.0,0.0,0.0,0.0,0.0,0.0,0.0,0.0,0.3359874145452784,0.1269181409484217,0.0,0.0,0.0,0.0,0.0,0.0,0.0,0.0,0.0,0.0
0.0,0.0,0.0,0.0,0.3636363636363636,0.4155844155844155,0.0909090909090909,0.3636363636363636,0.25,0.1875,0.3402777777777777,0.375,0.0,0.0,0.0,0.0,0.0,0.0,0.0,0.0,0.0,0.0,0.0,0.0,0.0,0.0,0.0,0.0,0.0,0.0,0.0,0.0,0.0,0.0
0.0,0.0,0.0,0.4266666666666666,0.8,0.32,0.28,0.3733333333333333,0.1952662721893491,0.0532544378698224,0.0724852071005917,0.1952662721893491,0.0,0.0,0.0,0.0,0.0,0.0,0.3333333333333333,0.0,0.0,0.0,0.3662503859473421,0.0871844162105529,0.0,0.0,0.0,0.0,0.0,0.0,0.0,0.0,0.0,0.0
0.0,0.0,0.0,0.6153846153846154,0.0,0.4395604395604395,0.4615384615384615,0.0,0.336734693877551,0.0918367346938775,0.1666666666666666,0.3673469387755101,0.0,0.2307692307692307,0.0,0.0,0.0,0.0,0.0,0.0,0.0,0.0,0.3082645831235806,0.0999773624458481,0.0,0.0,0.0,0.0,0.0,0.0,0.0,0.0,0.0,0.0
0.0,0.0,0.0,0.4848484848484848,0.0,0.3116883116883116,0.3636363636363636,0.3636363636363636,0.5,0.0625,0.3402777777777777,0.5,0.0,0.0,0.0,0.0,0.0,0.0,0.0,0.0,0.0,0.0972820011118216,0.1729169640909413,0.0423381589729582,0.0,0.0,0.0,0.1515151515151515,0.0,0.0,0.0,0.0,0.0,0.0
0.0,0.0,0.0,0.2962962962962963,0.0,0.2539682539682539,0.6111111111111112,0.0,0.299168975069252,0.224376731301939,0.0904893813481071,0.3157894736842105,0.0,0.3333333333333333,0.0,0.0,0.0,0.0,0.0,0.0,0.0,0.0,0.4655957232513406,0.1335451387954013,0.0,0.0,0.0,0.0,0.0,0.0,0.0,0.0,0.0,0.0
0.0,0.0,0.0,0.5714285714285714,0.0,0.4897959183673468,0.4285714285714285,0.0,0.3466666666666667,0.08,0.254074074074074,0.3466666666666667,0.0,0.0,0.0,0.0,0.0,0.0,0.0,0.0,0.0,0.0,0.2943455712221023,0.0727436823104693,0.0,0.0,0.0,0.0,0.0,0.0,0.0,0.0,0.0,0.0
0.0,0.0,0.0637397585020419,0.1481481481481481,0.0,0.6349206349206349,0.0555555555555555,0.5185185185185185,0.2825484764542936,0.074792243767313,0.0452446906740535,0.299168975069252,0.0,0.0,0.0,0.0,0.0,0.0,0.0,0.0,0.0,0.0,0.0969245767233733,0.0198154654052951,0.0,0.0,0.0,0.0,0.0,0.0,0.0,0.1023391812865497,0.0,0.0
0.0,0.0,0.0333738062098238,0.2222222222222222,0.0,0.1904761904761904,0.5,0.2222222222222222,0.3550295857988166,0.4792899408284023,0.1932938856015779,0.4615384615384615,0.0,0.25,0.0,0.0,0.0,0.0,0.0,0.0,0.0,0.0,0.4223607477908772,0.1640004720609121,0.0,0.0,0.0,0.0,0.0,0.0,0.0,0.1121794871794871,0.0,0.0
0.0,0.0,0.0,0.7272727272727272,0.0,0.3116883116883116,0.3636363636363636,0.3636363636363636,0.5,0.0625,0.2268518518518518,0.5,0.0,0.0,0.0,0.0,0.0,0.2727272727272727,0.0,0.0,0.0,0.0,0.2656518222710671,0.0731271377893103,0.0,0.0,0.0,0.0,0.0,0.0,0.0,0.0,0.0,0.0
0.0,0.0,0.0231528663876103,0.1568627450980392,0.0,0.2689075630252101,0.4117647058823529,0.1568627450980392,0.2962962962962963,0.0277777777777777,0.0252057613168724,0.2962962962962963,0.0,0.0,0.0,0.0,0.0,0.0,0.0,0.0,0.0,0.1899907053851908,0.1688524886681809,0.0505386187782947,0.0,0.0,0.0,0.0,0.0,0.0,0.0,0.0,0.0,0.0
0.0,0.0,0.0332781713554949,0.1904761904761904,0.0,0.2448979591836734,0.5,0.1904761904761904,0.3733333333333333,0.36,0.1451851851851851,0.4,0.0,0.2142857142857142,0.0,0.0,0.0,0.0,0.0,0.0,0.0,0.0,0.4403585265216985,0.1661593012788356,0.0,0.0,0.0,0.0,0.0,0.0,0.0,0.0833333333333333,0.0,0.0
0.0,0.0,0.0,0.4848484848484848,0.0,0.4155844155844155,0.4545454545454545,0.0,0.2041587901701323,0.0340264650283553,0.0154379332073093,0.2608695652173913,0.0,0.6818181818181818,0.0,0.0,0.0,0.0,0.0,0.0,0.0,0.0,0.4670687065874798,0.1386751495431978,0.0,0.0,0.0,0.0,0.0,0.0,0.0,0.0,0.0,0.0
0.0,0.0,0.0,0.606060606060606,0.0,0.2597402597402597,0.4545454545454545,0.0,0.2495274102079395,0.0340264650283553,0.0771896660365469,0.2495274102079395,0.0,0.0,0.0,0.0,0.0,0.0,0.0,0.0,0.0,0.0,0.4896191813556279,0.1351278349555255,0.0,0.0,0.0,0.0,0.0,0.0,0.0,0.0,0.0,0.0
0.0,0.0815241456182254,0.0,0.0,0.0,0.1038961038961038,0.2727272727272727,0.4848484848484848,0.375,0.125,0.0567129629629629,0.25,0.0,0.0,0.0,0.0,0.0,0.0,0.0,0.0,0.0,0.0,0.0,0.0,0.0,0.0,0.0,0.0,0.0,0.0,0.0,0.0,0.0,0.0
0.1591360565498921,0.0,0.1096759025208157,0.0,0.0,0.6122448979591836,0.0714285714285714,0.5238095238095237,0.2068965517241379,0.0107015457788347,0.0194213238208481,0.2068965517241379,0.0,0.0,0.0,0.0,0.0,0.0,0.0,0.0,0.2222222222222222,0.0825143656523456,0.0733338821129554,0.0058531555116609,0.0,0.0693304141580003,0.0823363828289936,0.0492610837438423,0.0304259634888438,0.0,0.0,0.0,0.0,0.0
0.1207591711497352,0.0,0.0,0.2962962962962963,0.4444444444444444,0.4444444444444444,0.2222222222222222,0.2962962962962963,0.2825484764542936,0.0249307479224376,0.2036011080332409,0.2825484764542936,0.0,0.0,0.0,0.0,0.0,0.0,0.0,0.0,0.0,0.0,0.2790363466096768,0.0672604108643088,0.0,0.0,0.0,0.0,0.0,0.175438596491228,0.0,0.0,0.0,0.0
0.0,0.0,0.0,0.7272727272727272,0.0,0.3116883116883116,0.3636363636363636,0.3636363636363636,0.5,0.0625,0.3969907407407407,0.5,0.0,0.0,0.0,0.0,0.0,0.0,0.0,0.0,0.0,0.0,0.2643276922403123,0.0744430624484317,0.0,0.0,0.0,0.0,0.0,0.0,0.0,0.0,0.0,0.0
0.0,0.0,0.0,0.0,0.0,0.3809523809523809,0.25,0.1111111111111111,0.3905325443786982,0.1597633136094674,0.0966469428007889,0.3905325443786982,0.0,0.0,0.0,0.0,0.0,0.0,0.0,0.0,0.0,0.0,0.1895519530865423,0.0437266379857535,0.0,0.0,0.0,0.0,0.0,0.0,0.0,0.0,0.0,0.0
0.0,0.0,0.0,0.5333333333333333,0.0,0.5714285714285714,0.4,0.0,0.4462809917355372,0.1487603305785124,0.2024793388429751,0.4462809917355372,0.0,0.0,0.0,0.0,0.0,0.0,0.0,0.0,0.0,0.0,0.2914360070890212,0.1016436167976796,0.0,0.0,0.0,0.0,0.0,0.0,0.0,0.0,0.0,0.0
0.0,0.0,0.0,0.606060606060606,0.0,0.4155844155844155,0.4545454545454545,0.0,0.2381852551984877,0.0340264650283553,0.0154379332073093,0.2381852551984877,0.0,0.0,0.0,0.0,0.0,0.0,0.0,0.0,0.0,0.0,0.5015626258894389,0.1466482564545246,0.0,0.0,0.0,0.0,0.0,0.0,0.0,0.0,0.0,0.0
0.0945770802219701,0.0,0.0,0.5714285714285714,0.0,0.0816326530612244,0.5714285714285714,0.0,0.4,0.32,0.0362962962962962,0.4,0.0,0.0,0.0,0.0,0.0,0.0,0.0,0.0,0.0,0.0,0.43667677279053,0.1416769203726489,0.0,0.0,0.0,0.0,0.0,0.0,0.1238095238095238,0.0,0.0,0.0
0.0937846887873854,0.0,0.0,0.5714285714285714,0.2857142857142857,0.0816326530612244,0.5714285714285714,0.0,0.4,0.32,0.0725925925925925,0.4,0.0,0.0,0.0,0.0,0.0,0.0,0.0,0.0,0.0,0.0,0.4301628755423056,0.1381019830028328,0.0,0.0,0.0,0.0,0.0,0.0,0.1238095238095238,0.0,0.0,0.0
0.0,0.0,0.0,0.5333333333333333,0.0,0.0571428571428571,0.55,0.0,0.2585034013605442,0.1224489795918367,0.0,0.2721088435374149,0.0,0.0,0.0,0.0,0.0,0.0,0.0,0.0,0.0,0.0,0.4910962815704564,0.1595484957924418,0.0,0.0,0.0,0.0,0.0,0.0,0.0,0.0,0.0,0.0
0.0,0.0,0.0,0.4444444444444444,0.0,0.2857142857142857,0.4166666666666667,0.1111111111111111,0.3905325443786982,0.0532544378698224,0.2899408284023668,0.3905325443786982,0.0,0.0,0.0,0.0,0.0,0.0,0.0,0.0,0.0,0.0,0.330206610984524,0.1146413014490177,0.0,0.0,0.0,0.0,0.0,0.0,0.0,0.0,0.0,0.0
0.0,0.0,0.0,0.4444444444444444,0.0,0.1904761904761904,0.3333333333333333,0.2222222222222222,0.3905325443786982,0.0,0.0483234714003944,0.4260355029585799,0.0,0.0,0.3888888888888889,0.0,0.0,0.0,0.0,0.0,0.0,0.0925708639911821,0.1645430046841984,0.0672860994932672,0.0,0.0,0.0,0.0,0.0,0.0,0.0,0.0,0.0,0.0
0.0,0.0,0.0,0.0,0.0,0.2857142857142857,0.5,0.0,0.5185185185185185,0.1111111111111111,0.4032921810699588,0.3703703703703704,0.0,0.0,0.0,0.0,0.0,0.0,0.0,0.0,0.0,0.0,0.1024799512194844,0.0257244168121511,0.0,0.0,0.0,0.0,0.0,0.0,0.0,0.0,0.0,0.0
0.2572855940928845,0.0,0.0,0.1777777777777777,0.2666666666666666,0.1523809523809523,0.5333333333333333,0.1777777777777777,0.375,0.0703125,0.095703125,0.2578125,0.0,0.0,0.0,0.0,0.0,0.0,0.2857142857142857,0.0,0.0,0.0,0.081724166536266,0.0172596550210392,0.0,0.0,0.0,0.0,0.0,0.25,0.0,0.0,0.0,0.0
0.1116855997437047,0.0,0.1154598701516998,0.2222222222222222,0.3333333333333333,0.4444444444444444,0.1666666666666666,0.4814814814814814,0.1621621621621621,0.0065741417092768,0.0238616995373752,0.1621621621621621,0.0,0.0,0.1296296296296296,0.0,0.0,0.0,0.1142857142857142,0.1999999999999999,0.1142857142857142,0.229868838630325,0.0408587624234593,0.0049417171670104,0.1331331331331331,0.1796240685129574,0.0,0.03003003003003,0.0556438791732909,0.045045045045045,0.0195195195195195,0.0919669669669669,0.0,0.0
0.1085381501841731,0.0,0.0,0.4848484848484848,0.0,0.3116883116883116,0.3636363636363636,0.1818181818181818,0.2495274102079395,0.0170132325141776,0.0308758664146187,0.2381852551984877,0.0,0.2727272727272727,0.0,0.0,0.0,0.0,0.0,0.0,0.0,0.0,0.2302947683394304,0.0518825947090696,0.0,0.0,0.0,0.0,0.0,0.0,0.0,0.0,0.0,0.0
0.0,0.0,0.0,0.0,0.0,0.1804511278195488,0.0,0.7719298245614035,0.0,0.0225,0.0204166666666666,0.0,0.0,0.0,0.0,0.0,0.0,0.0,0.0,0.0,0.4444444444444444,0.0,0.0,0.0,0.2666666666666666,1.0,0.0,0.0,0.0,0.0,0.0,0.0,0.0,0.0
0.0,0.0,0.0,0.6666666666666666,0.0,0.2857142857142857,0.5,0.0,0.5185185185185185,0.2222222222222222,0.4032921810699588,0.5185185185185185,0.0,0.0,0.0,0.0,0.0,0.0,0.0,0.0,0.0,0.0,0.3155344716254217,0.1370732758131994,0.0,0.0,0.0,0.0,0.0,0.0,0.0,0.0,0.0,0.0
0.2338079448793859,0.0,0.0,0.1666666666666666,0.0,0.1428571428571428,0.5,0.0833333333333333,0.3529411764705882,0.0934256055363322,0.0565167243367935,0.3529411764705882,0.0,0.0,0.0,0.0,0.0,0.0,0.0,0.0,0.0,0.0,0.3188692248487141,0.0604634153202741,0.0,0.0,0.0,0.0,0.0,0.0,0.0,0.0,0.0,0.0
0.0,0.0,0.0241220377069511,0.3137254901960784,0.0,0.2016806722689075,0.4117647058823529,0.1568627450980392,0.2962962962962963,0.0277777777777777,0.0252057613168724,0.2962962962962963,0.0,0.0,0.0,0.0,0.0,0.0,0.0,0.0,0.0,0.1990409535790458,0.1768958133534539,0.0512914064621232,0.0,0.0,0.0,0.0,0.0,0.0,0.0,0.0,0.0,0.0
0.0,0.0,0.0,0.4848484848484848,0.0,0.3116883116883116,0.2727272727272727,0.4848484848484848,0.5,0.0625,0.3402777777777777,0.5,0.0,0.0,0.0,0.0,0.0,0.0,0.0,0.0,0.0,0.0920326373293391,0.1635863167121682,0.0506060482389911,0.0,0.0,0.0,0.1515151515151515,0.0,0.0,0.0,0.0,0.0,0.0
0.0,0.0,0.0,0.3555555555555555,0.0,0.3809523809523809,0.2666666666666666,0.0,0.3515625,0.03515625,0.0638020833333333,0.3515625,0.0,0.0,0.0,0.0,0.0,0.0,0.0,0.0,0.0,0.0,0.3310558506627306,0.1077608537975339,0.0,0.0,0.0,0.0,0.0,0.0,0.0,0.0,0.0,0.0
0.0,0.0,0.0,0.0,0.0,0.4761904761904761,0.0833333333333333,0.3333333333333333,0.3905325443786982,0.1597633136094674,0.0966469428007889,0.3905325443786982,0.0,0.0,0.0,0.0,0.0,0.0,0.0,0.0,0.0,0.0,0.0994621279723902,0.0229921780952435,0.0,0.0,0.0,0.0,0.0,0.0,0.0,0.0,0.0,0.0
0.4012634613325937,0.0,0.1382745470272509,0.0592592592592592,0.2666666666666666,0.3047619047619047,0.1555555555555555,0.4444444444444444,0.1304347826086956,0.0085066162570888,0.011578449905482,0.1304347826086956,0.1777777777777777,0.0,0.0,0.0,0.5333333333333333,0.0,0.0909090909090909,0.0,0.4090909090909091,0.1847001038917652,0.1231128865073959,0.0131862594595596,0.1101449275362319,0.1019860440150295,0.0,0.0144927536231884,0.0835464620630861,0.0869565217391304,0.0753623188405797,0.0,0.0,0.0
0.0,0.0506489931876088,0.0,0.1111111111111111,0.0,0.2857142857142857,0.375,0.2222222222222222,0.2112,0.0144,0.0783999999999999,0.2112,0.0,0.0,0.0,0.0,0.0,0.0,0.0,0.3043478260869565,0.0,0.3038402197534611,0.0,0.0,0.0,0.0,0.0,0.05,0.0,0.0,0.0,0.0,0.2479166666666666,0.075
0.0,0.0,0.0,0.606060606060606,0.0,0.4155844155844155,0.4545454545454545,0.0,0.2381852551984877,0.0340264650283553,0.0463137996219281,0.2381852551984877,0.0,0.0,0.0,0.0,0.0,0.0,0.0,0.0,0.0,0.0,0.5011026121481906,0.1471319014982952,0.0,0.0,0.0,0.0,0.0,0.0,0.0,0.0,0.0,0.0
0.0,0.0,0.0,0.6666666666666666,0.0,0.2857142857142857,0.5,0.0,0.4260355029585799,0.1065088757396449,0.1932938856015779,0.3905325443786982,0.0,0.0,0.0,0.0,0.0,0.0,0.0,0.0,0.0,0.0,0.3359453949139871,0.1126544018729143,0.0,0.0,0.0,0.0,0.0,0.0,0.0,0.0,0.0,0.0
0.0992497475322717,0.1098691498731116,0.102603764397218,0.4301075268817204,0.0,0.1105990783410138,0.4193548387096774,0.086021505376344,0.181640625,0.052734375,0.0079752604166666,0.181640625,0.0,0.0,0.0,0.0,0.0,0.0,0.0,0.2333333333333333,0.0,0.0994957499004862,0.2652777926458534,0.0633643647512791,0.0,0.0,0.0,0.0,0.0,0.0,0.2358870967741935,0.0,0.0,0.8165322580645162
0.0,0.0,0.0,0.4102564102564102,0.0,0.3516483516483517,0.3076923076923077,0.2051282051282051,0.2448979591836734,0.0459183673469387,0.0833333333333333,0.3673469387755101,0.0,0.0,0.0,0.0,0.0,0.0,0.0,0.0,0.0,0.0,0.1622662532784351,0.0413191365018173,0.0,0.0,0.0,0.0,0.0,0.0,0.0,0.0,0.0,0.0
0.0886454178822183,0.0,0.0,0.5714285714285714,0.0,0.0816326530612244,0.6428571428571429,0.0,0.4,0.32,0.0362962962962962,0.4,0.0,0.0,0.0,0.0,0.0,0.0,0.0,0.0,0.0,0.0,0.4179205525296562,0.1311571444844027,0.0,0.0,0.0,0.0,0.0,0.0,0.1238095238095238,0.0,0.0,0.0
0.0,0.0,0.0,0.8888888888888888,0.0,0.3809523809523809,0.6666666666666666,0.0,0.8571428571428571,0.5510204081632653,0.3333333333333332,0.8571428571428571,0.0,0.0,0.0,0.0,0.0,0.0,0.0,0.0,0.0,0.0,0.3807482445992122,0.2042264227436274,0.0,0.0,0.0,0.0,0.0,0.0,0.0,0.0,0.0,0.0
0.0,0.0,0.0,0.5714285714285714,0.0,0.2448979591836734,0.5,0.1904761904761904,0.4,0.32,0.0362962962962962,0.4,0.0,0.0,0.0,0.0,0.0,0.0,0.0,0.0,0.0,0.0,0.372488464725798,0.1270135428584035,0.0,0.0,0.0,0.0,0.0,0.0,0.0,0.0,0.0,0.0
0.0,0.0,0.0,0.6666666666666666,0.0,0.2857142857142857,0.5,0.0,0.3905325443786982,0.1065088757396449,0.0483234714003944,0.3905325443786982,0.0,0.5,0.0,0.0,0.0,0.0,0.0,0.0,0.0,0.0,0.3231475240656337,0.111096944489433,0.0,0.0,0.0,0.0,0.0,0.0,0.0,0.0,0.0,0.0
0.0,0.0,0.0,0.1777777777777777,0.0,0.3809523809523809,0.2666666666666666,0.1777777777777777,0.1875,0.03515625,0.0638020833333333,0.1875,0.0,0.0,0.0,0.0,0.0,0.0,0.0,0.0,0.0,0.0,0.1745018489970292,0.0395791644671421,0.0,0.0,0.0,0.0,0.0,0.0,0.0,0.0,0.0,0.0
0.0,0.0,0.0,0.3999999999999999,0.0,0.1714285714285714,0.55,0.0,0.2585034013605442,0.0408163265306122,0.0,0.2585034013605442,0.0,0.0,0.0,0.0,0.0,0.0,0.0,0.0,0.0,0.0,0.455608739032827,0.1235888821118126,0.0,0.0,0.0,0.0,0.0,0.0,0.0,0.0,0.0,0.0
0.4111408477256077,0.0,0.0472260912193523,0.0592592592592592,0.2666666666666666,0.3301587301587301,0.1777777777777777,0.5333333333333333,0.1275992438563327,0.0085066162570888,0.011578449905482,0.1304347826086956,0.1777777777777777,0.0,0.0,0.0,0.2666666666666666,0.0,0.0909090909090909,0.0,0.3181818181818182,0.146199967278841,0.0866225824685812,0.0087653808780932,0.1101449275362319,0.1223832528180354,0.0,0.0096618357487922,0.0835464620630861,0.0579710144927536,0.0502415458937198,0.0084541062801932,0.0,0.0
0.0,0.0,0.0,0.6666666666666666,0.0,0.4285714285714285,0.5625,0.0,0.3114186851211072,0.0934256055363322,0.0565167243367935,0.3114186851211072,0.0,0.0,0.0,0.0,0.0,0.0,0.0,0.0,0.0,0.0,0.3610669867311133,0.109109713471936,0.0,0.0,0.0,0.0,0.0,0.0,0.0,0.0,0.0,0.0
0.1019161425968991,0.0,0.0,0.5714285714285714,0.0,0.0816326530612244,0.6428571428571429,0.0,0.4,0.32,0.0362962962962962,0.4,0.0,0.0,0.0,0.0,0.0,0.0,0.0,0.0,0.0,0.0,0.3686441760414767,0.1128320566232137,0.0,0.0,0.0,0.0,0.0,0.0,0.4952380952380952,0.0,0.0,0.0
0.0,0.0,0.0530643092107657,0.2222222222222222,0.0,0.4761904761904761,0.0833333333333333,0.3333333333333333,0.3905325443786982,0.1597633136094674,0.0966469428007889,0.4260355029585799,0.0,0.0,0.0,0.0,0.0,0.0,0.0,0.0,0.0,0.0,0.1167259742793577,0.0268584300814416,0.0,0.0,0.0,0.0,0.0,0.0,0.0,0.0,0.0,0.0
0.0,0.0,0.0237789587889229,0.1568627450980392,0.0,0.2016806722689075,0.4117647058823529,0.1568627450980392,0.2962962962962963,0.0277777777777777,0.0252057613168724,0.2962962962962963,0.0,0.0,0.0,0.0,0.0,0.0,0.0,0.0,0.0,0.1875994015697357,0.2223029859170534,0.0702451608405016,0.0,0.0,0.0,0.0,0.0,0.0,0.0,0.0,0.0,0.0
0.0,0.0,0.0345139239699936,0.3137254901960784,0.2352941176470588,0.134453781512605,0.4705882352941176,0.2352941176470588,0.3148148148148147,0.25,0.1008230452674897,0.3333333333333333,0.0,0.3529411764705882,0.0,0.0,0.0,0.0,0.25,0.0,0.0,0.0,0.4518484644730439,0.1371181374097747,0.0,0.0,0.0,0.0,0.0,0.0,0.0,0.0571895424836601,0.0,0.0
0.2303489862412935,0.0,0.0,0.1666666666666666,0.0,0.1428571428571428,0.5,0.0833333333333333,0.3529411764705882,0.2491349480968858,0.113033448673587,0.3529411764705882,0.0,0.0,0.0,0.0,0.0,0.0,0.0,0.0,0.0,0.0,0.482721108850888,0.1052290298083639,0.0,0.0,0.0,0.0,0.0,0.0,0.0,0.0,0.0,0.0
0.0,0.0,0.0,0.0,0.0,0.4033613445378151,0.0,0.5490196078431372,0.0,0.0277777777777777,0.1512345679012345,0.0,0.0,0.0,0.0,0.0,0.0,0.0,0.0,0.0,0.5,0.0,0.0,0.0,0.7450980392156863,0.4599370612442508,0.0,0.0,0.0,0.0,0.0,0.0,0.0,0.0
0.0,0.0,0.0239521555262604,0.3137254901960784,0.0,0.2689075630252101,0.3529411764705882,0.0784313725490196,0.2777777777777778,0.0277777777777777,0.0252057613168724,0.2777777777777778,0.0,0.0,0.0,0.0,0.0,0.0,0.0,0.0,0.0,0.2626384901394589,0.1750631534455496,0.0531800247205739,0.0,0.0,0.0,0.0,0.0,0.0,0.0,0.0,0.0,0.0
0.0,0.0,0.0532889597189916,0.2539682539682539,0.0,0.5442176870748299,0.1428571428571428,0.3174603174603174,0.2479338842975206,0.018595041322314,0.0337465564738292,0.2727272727272727,0.0,0.0,0.0,0.0,0.0,0.0,0.0,0.0,0.0,0.0,0.0768868400176524,0.0181520901929166,0.0,0.0,0.0,0.0,0.0,0.0,0.0,0.0378787878787878,0.0,0.0
0.0,0.0,0.0,0.5714285714285714,0.0,0.4081632653061224,0.4285714285714285,0.0,0.3466666666666667,0.08,0.1088888888888888,0.3466666666666667,0.0,0.0,0.0,0.0,0.0,0.0,0.0,0.0,0.0,0.0,0.4577423502591422,0.1561148199320791,0.0,0.0,0.0,0.0,0.0,0.0,0.0,0.0,0.0,0.0
0.3489259269948287,0.0,0.2805579991321293,0.086021505376344,0.1290322580645161,0.368663594470046,0.2580645161290322,0.4301075268817204,0.181640625,0.0087890625,0.0159505208333333,0.1875,0.2580645161290322,0.0,0.1505376344086021,0.0,0.0,0.0,0.0,0.0,0.0,0.1656166768710976,0.098126863620135,0.0182231728216977,0.0,0.0,0.0,0.0201612903225806,0.0,0.0,0.0786290322580645,0.0,0.0,0.0
0.0,0.0,0.0,0.0,0.0,0.4761904761904761,0.1666666666666666,0.2222222222222222,0.2485207100591716,0.1597633136094674,0.0966469428007889,0.3905325443786982,0.0,0.0,0.0,0.0,0.0,0.0,0.0,0.0,0.0,0.0,0.0997178022993966,0.0228231629619142,0.0,0.0,0.0,0.0,0.0,0.0,0.0,0.0,0.0,0.0
0.0,0.0,0.0,0.4848484848484848,0.0,0.4155844155844155,0.4545454545454545,0.0,0.2041587901701323,0.0340264650283553,0.0,0.2608695652173913,0.0,0.6818181818181818,0.0,0.0,0.0,0.0,0.0,0.0,0.0,0.0,0.4644465466169345,0.1359047954496061,0.0,0.0,0.0,0.0,0.0,0.0,0.0,0.0,0.0,0.0
0.1028794529025777,0.0569436109957947,0.0,0.2539682539682539,0.3809523809523809,0.1088435374149659,0.1904761904761904,0.1904761904761904,0.2727272727272727,0.018595041322314,0.1181129476584022,0.2479338842975206,0.0,0.0,0.2222222222222222,0.0,0.0,0.0,0.2,0.0,0.0,0.5008282112417498,0.1271732736187609,0.0315799165835702,0.0,0.0,0.0,0.0,0.0,0.0,0.0562770562770562,0.0,0.1609848484848484,0.0974025974025974
0.3242384230950576,0.0,0.1675978206440952,0.0,0.1379310344827586,0.5517241379310345,0.1034482758620689,0.5517241379310345,0.2,0.01,0.0181481481481481,0.1933333333333333,0.0,0.0,0.0,0.0,0.4137931034482758,0.0,0.0,0.25,0.2857142857142857,0.0804114500365164,0.0,0.0,0.0,0.129416773094934,0.051231527093596,0.0,0.0,0.0,0.0,0.0,0.0,0.0
0.0,0.0,0.0,0.5333333333333333,0.0,0.1142857142857142,0.55,0.0,0.2585034013605442,0.0408163265306122,0.0,0.2585034013605442,0.0,0.0,0.0,0.0,0.0,0.0,0.0,0.0,0.0,0.0,0.4751658489878564,0.1398652635151029,0.0,0.0,0.0,0.0,0.0,0.0,0.0,0.0,0.0,0.0
0.0,0.0,0.0,0.1777777777777777,0.0,0.4571428571428571,0.2666666666666666,0.1777777777777777,0.1640625,0.03515625,0.0638020833333333,0.1640625,0.0,0.0,0.0,0.0,0.0,0.0,0.0,0.0,0.0,0.0,0.0979789377240281,0.0183832753249004,0.0,0.0,0.0,0.0,0.0,0.0,0.0,0.0,0.0,0.0
0.6675369404588317,0.1477922472966739,0.092012731744239,0.2051282051282051,0.3076923076923077,0.2344322344322344,0.2564102564102564,0.3418803418803418,0.1312499999999999,0.005625,0.0102083333333333,0.1425,0.0,0.0,0.2393162393162393,0.0,0.6153846153846154,0.0,0.2105263157894736,0.0,0.0526315789473684,0.1568611754319111,0.046469641402361,0.0077081093901221,0.0,0.0,0.0,0.0192307692307692,0.0,0.5576923076923077,0.2,0.0,0.047676282051282,0.0865384615384615
0.0,0.0,0.0,0.7272727272727272,0.0,0.3116883116883116,0.5454545454545454,0.0,0.4583333333333332,0.125,0.2268518518518518,0.4583333333333332,0.0,0.0,0.0,0.0,0.0,0.0,0.0,0.0,0.0,0.0,0.3539172512978428,0.1246539538192672,0.0,0.0,0.0,0.0,0.0,0.0,0.0,0.0,0.0,0.0
0.0,0.0,0.0,0.3333333333333333,0.25,0.2142857142857142,0.375,0.1666666666666666,0.3321799307958477,0.0311418685121107,0.0565167243367935,0.3321799307958477,0.0,0.1875,0.0,0.0,0.0,0.0,0.2666666666666666,0.0,0.0,0.0757450898585561,0.4712242544053627,0.1547512925655197,0.0,0.0,0.0,0.0,0.0,0.0,0.0,0.0,0.0,0.0
0.0,0.0,0.0,0.5333333333333333,0.0,0.1142857142857142,0.5,0.0,0.5454545454545454,0.6694214876033058,0.1349862258953168,0.5454545454545454,0.0,0.0,0.0,0.0,0.0,0.3,0.0,0.0,0.0,0.0,0.3738326848819981,0.1525208036673116,0.0,0.0,0.0,0.0,0.0,0.0,0.0,0.0,0.0,0.0
0.1685255242926897,0.0,0.1742206264436329,0.0952380952380952,0.1428571428571428,0.7346938775510204,0.0714285714285714,0.8095238095238094,0.2068965517241379,0.0107015457788347,0.0194213238208481,0.1997621878715814,0.0,0.0,0.0,0.0,0.0,0.0,0.1481481481481481,0.2592592592592592,0.2962962962962963,0.0,0.0736347286656344,0.0057607227348423,0.0,0.0519978106185002,0.0274454609429978,0.0,0.0,0.0,0.0,0.0,0.0,0.0
0.0,0.0729716559846565,0.0,0.0,0.0,0.4395604395604395,0.3076923076923077,0.4102564102564102,0.336734693877551,0.0459183673469387,0.0833333333333333,0.2755102040816327,0.0,0.0,0.0,0.0,0.0,0.0,0.0,0.0,0.0,0.0,0.0,0.0,0.0,0.0,0.0,0.0,0.0,0.0,0.0,0.0,0.0,0.2472527472527472
0.2094243536387235,0.0579580207232537,0.0360835964726264,0.1025641025641025,0.1538461538461538,0.2197802197802197,0.2692307692307692,0.2564102564102564,0.2222222222222222,0.1234567901234567,0.0784179240969364,0.2222222222222222,0.0,0.0,0.0,0.0,0.0,0.0,0.0,0.28,0.0,0.1134751099019798,0.1512749373975808,0.0260980219253605,0.0,0.0,0.0,0.0,0.0,0.0854700854700854,0.1111111111111111,0.0,0.2118945868945869,0.1282051282051282
0.0,0.0,0.0991372800892733,0.1159420289855072,0.0,0.4968944099378881,0.1739130434782608,0.4057971014492754,0.25,0.015625,0.0283564814814814,0.25,0.0,0.0,0.0,0.0,0.0,0.0,0.0,0.0,0.0,0.0,0.1972428984929093,0.0456477046831373,0.0,0.0,0.0,0.0,0.0,0.0,0.0,0.0317028985507246,0.0,0.0
0.2154988951683941,0.0596391451853508,0.0371302336067726,0.1403508771929824,0.5263157894736842,0.5112781954887218,0.2105263157894736,0.4210526315789473,0.145956607495069,0.0059171597633136,0.0214770984001753,0.145956607495069,0.0,0.0,0.1228070175438596,0.0,0.0,0.0,0.1081081081081081,0.3783783783783784,0.1621621621621621,0.1851362037739908,0.0411345237737278,0.0040599032171458,0.1025641025641025,0.2279202279202279,0.0,0.0269905533063427,0.0833531793284115,0.0809716599190283,0.0350877192982456,0.0236167341430499,0.0,0.0303643724696356
0.2151829054544301,0.0,0.0,0.3333333333333333,0.5,0.4285714285714285,0.125,0.5,0.2962962962962963,0.1111111111111111,0.1008230452674897,0.5185185185185185,0.0,0.0,0.0,0.0,0.0,0.0,0.5714285714285714,0.0,0.0,0.0,0.0,0.0,0.7037037037037037,0.0,0.0,0.0,0.0,0.4166666666666666,0.3611111111111111,0.0,0.0,0.0
0.090608290196633,0.0,0.0,0.5714285714285714,0.2857142857142857,0.0,0.5714285714285714,0.0,0.4,0.0,0.0725925925925925,0.4,0.0,0.0,0.0,0.0,0.0,0.0,0.0,0.0,0.0,0.0,0.4986187959415832,0.1966813079551,0.0,0.0,0.0,0.0,0.0,0.0,0.1238095238095238,0.0,0.0,0.0
0.0,0.0,0.0,0.4848484848484848,0.0,0.4155844155844155,0.1818181818181818,0.606060606060606,0.5,0.0625,0.3402777777777777,0.5,0.0,0.0,0.0,0.0,0.0,0.0,0.0,0.0,0.0,0.1005011301072427,0.1786389065524816,0.0446865427529904,0.0,0.0,0.0,0.0757575757575757,0.0,0.0,0.0,0.0,0.0,0.0
0.3613944908750306,0.0,0.1245357834424625,0.1185185185185185,0.1777777777777777,0.2793650793650793,0.2,0.3851851851851851,0.1304347826086956,0.0085066162570888,0.011578449905482,0.1304347826086956,0.1777777777777777,0.0,0.0,0.0,0.5333333333333333,0.0,0.0909090909090909,0.0,0.4090909090909091,0.1709973416238062,0.1139792337352154,0.0127152468324942,0.1101449275362319,0.1019860440150295,0.0107660455486542,0.0144927536231884,0.0835464620630861,0.0869565217391304,0.0,0.0,0.0,0.0
0.0,0.0,0.0,0.0,0.0,0.4571428571428571,0.3,0.0,0.5454545454545454,0.2231404958677685,0.1349862258953168,0.5454545454545454,0.0,0.0,0.0,0.0,0.0,0.3,0.0,0.0,0.0,0.0,0.1955585638159537,0.0542569125393379,0.0,0.0,0.0,0.0,0.0,0.0,0.0,0.0,0.0,0.0
0.0,0.0,0.0,0.3333333333333333,0.0,0.3571428571428571,0.25,0.3333333333333333,0.1660899653979238,0.0311418685121107,0.0565167243367935,0.2491349480968858,0.0,0.0,0.0,0.0,0.0,0.0,0.0,0.0,0.0,0.0,0.1522209751513315,0.031592356687898,0.0,0.0,0.0,0.0,0.0,0.0,0.0,0.0,0.0,0.0
0.3252290288071947,0.0,0.2241464821595243,0.0,0.1379310344827586,0.5517241379310345,0.1034482758620689,0.5517241379310345,0.2,0.01,0.0181481481481481,0.1933333333333333,0.0,0.0,0.0,0.0,0.4137931034482758,0.0,0.0,0.25,0.2857142857142857,0.0820138134867267,0.0,0.0,0.0,0.129416773094934,0.025615763546798,0.0,0.0,0.0,0.0,0.0,0.0,0.0
0.0,0.0,0.0,0.6666666666666666,0.0,0.4285714285714285,0.5,0.0,0.2906574394463668,0.0622837370242214,0.0282583621683967,0.2906574394463668,0.0,0.0,0.0,0.0,0.0,0.0,0.0,0.0,0.0,0.0,0.408561553699528,0.1319008616104669,0.0,0.0,0.0,0.0,0.0,0.0,0.0,0.0,0.0,0.0
0.107479886082106,0.1189798866587564,0.037037343278623,0.074074074074074,0.3333333333333333,0.5079365079365079,0.1666666666666666,0.4074074074074074,0.1621621621621621,0.0065741417092768,0.0238616995373752,0.1621621621621621,0.0,0.0,0.0,0.0,0.0,0.0,0.0,0.1999999999999999,0.1714285714285714,0.2894493824831069,0.0428742452397449,0.0047983502247961,0.0950950950950951,0.1162273384495606,0.0,0.03003003003003,0.0370959194488606,0.045045045045045,0.0195195195195195,0.0262762762762762,0.0,0.0337837837837837
0.080096790039026,0.0443334439026733,0.0,0.3555555555555555,0.2666666666666666,0.0,0.5333333333333333,0.0,0.328125,0.3515625,0.1276041666666666,0.3046875,0.0,0.0,0.3111111111111111,0.4666666666666667,0.0,0.0,0.2857142857142857,0.0,0.0,0.2301288718302548,0.1363499428183719,0.0386079117478702,0.0,0.0,0.0,0.125,0.0,0.0,0.1083333333333333,0.0,0.3098958333333333,0.375
0.0,0.0,0.0,0.7619047619047619,0.0,0.4897959183673468,0.4285714285714285,0.0,0.75,0.28125,0.3828125,0.75,0.0,0.0,0.0,0.0,0.0,0.0,0.0,0.0,0.0,0.0,0.3574761900993631,0.1702157615008271,0.0,0.0,0.0,0.0,0.0,0.0,0.0,0.0,0.0,0.0
0.0,0.0,0.0,0.6153846153846154,0.0,0.4395604395604395,0.4615384615384615,0.0,0.336734693877551,0.0918367346938775,0.1666666666666666,0.3673469387755101,0.0,0.2307692307692307,0.0,0.0,0.0,0.0,0.0,0.0,0.0,0.0,0.3139549031960172,0.1028651649543743,0.0,0.0,0.0,0.0,0.0,0.0,0.0,0.0,0.0,0.0
0.2296361661609887,0.0,0.0,0.3333333333333333,0.0,0.1428571428571428,0.5,0.0833333333333333,0.3529411764705882,0.2491349480968858,0.0565167243367935,0.3529411764705882,0.0,0.0,0.0,0.0,0.0,0.0,0.0,0.0,0.0,0.0,0.4014967022432851,0.0875976507309947,0.0,0.0,0.0,0.0,0.0,0.0,0.0,0.0,0.0,0.0
0.0,0.0,0.0,0.3809523809523809,0.0,0.3265306122448979,0.2857142857142857,0.3809523809523809,0.16,0.08,0.1088888888888888,0.2666666666666666,0.0,0.0,0.0,0.0,0.0,0.0,0.0,0.0,0.0,0.0,0.1663788897632037,0.0375873229058824,0.0,0.0,0.0,0.0,0.0,0.0,0.0,0.0,0.0,0.0
0.0,0.0,0.0,0.4848484848484848,0.0,0.4155844155844155,0.1818181818181818,0.606060606060606,0.5,0.0625,0.3402777777777777,0.5,0.0,0.0,0.0,0.0,0.0,0.0,0.0,0.0,0.0,0.0999625464056584,0.0888407919744458,0.0219050310910118,0.0,0.0,0.0,0.1515151515151515,0.0,0.0,0.0,0.0,0.0,0.0
0.0,0.0,0.0,0.0,0.0,0.3007518796992481,0.0,0.3508771929824561,0.0,0.0225,0.0408333333333333,0.0,0.0,0.0,0.0,0.0,0.0,0.0,0.0,0.0,0.2222222222222222,0.0,0.0,0.0,1.0,0.8148148148148149,0.0,0.0,0.0,0.0,0.0,0.0,0.0,0.0
0.0,0.0,0.0,0.7272727272727272,0.0,0.3116883116883116,0.5454545454545454,0.0,0.4583333333333332,0.125,0.2835648148148148,0.4583333333333332,0.0,0.0,0.0,0.0,0.0,0.0,0.0,0.0,0.0,0.0,0.3426251679456308,0.1200494496492351,0.0,0.0,0.0,0.0,0.0,0.0,0.0,0.0,0.0,0.0
0.2322775129803256,0.0,0.0,0.1666666666666666,0.0,0.1428571428571428,0.5,0.0833333333333333,0.3529411764705882,0.0934256055363322,0.113033448673587,0.3529411764705882,0.0,0.0,0.0,0.0,0.0,0.0,0.0,0.0,0.0,0.0,0.3984805619117314,0.0761480787253983,0.0,0.0,0.0,0.0,0.0,0.0,0.0,0.0,0.0,0.0
0.0,0.0,0.0415332579158502,0.2222222222222222,0.0,0.4761904761904761,0.1666666666666666,0.4444444444444444,0.2485207100591716,0.1597633136094674,0.0966469428007889,0.2485207100591716,0.0,0.0,0.0,0.0,0.0,0.0,0.0,0.0,0.0,0.1222011061779954,0.0,0.0,0.0,0.0,0.0,0.0641025641025641,0.0,0.0,0.0,0.0,0.0,0.0
0.0,0.0,0.0,0.5925925925925926,0.0,0.5079365079365079,0.4444444444444444,0.0,0.2326869806094182,0.0498614958448753,0.1131117266851338,0.2326869806094182,0.0,0.0,0.0,0.0,0.0,0.0,0.0,0.0,0.0,0.0,0.3972967621152253,0.1167647754764997,0.0,0.0,0.0,0.0,0.0,0.0,0.0,0.0,0.0,0.0
0.0,0.0,0.0,0.6666666666666666,0.0,0.3809523809523809,0.5,0.0,0.3905325443786982,0.1065088757396449,0.1932938856015779,0.3905325443786982,0.0,0.0,0.0,0.0,0.0,0.0,0.0,0.0,0.0,0.0,0.3287794414871773,0.1059404183726447,0.0,0.0,0.0,0.0,0.0,0.0,0.0,0.0,0.0,0.0
0.3644174796842828,0.0,0.2511549980893493,0.0,0.1379310344827586,0.5517241379310345,0.1034482758620689,0.5517241379310345,0.2,0.01,0.0181481481481481,0.1933333333333333,0.0,0.0,0.0,0.0,0.4137931034482758,0.0,0.0,0.25,0.3571428571428571,0.0,0.0,0.0,0.0,0.129416773094934,0.025615763546798,0.0,0.0,0.0,0.0,0.0804597701149425,0.0,0.0
0.0,0.0,0.0361680390579952,0.4102564102564102,0.0,0.2637362637362637,0.3846153846153846,0.3076923076923077,0.3979591836734694,0.2295918367346938,0.1666666666666666,0.4285714285714285,0.0,0.4615384615384615,0.0,0.0,0.0,0.0,0.0,0.0,0.0,0.0,0.4096483090274971,0.1584144404786238,0.0,0.0,0.0,0.0,0.0,0.0,0.0,0.0961538461538461,0.0,0.0
0.1072721760652103,0.0,0.0369657668425231,0.2222222222222222,0.3333333333333333,0.4761904761904761,0.0833333333333333,0.4444444444444444,0.3905325443786982,0.0532544378698224,0.0966469428007889,0.3550295857988166,0.0,0.0,0.0,0.0,0.0,0.0,0.3636363636363636,0.0,0.0,0.1166541530530105,0.0,0.0,0.0,0.0,0.0,0.0,0.0,0.0,0.0,0.0,0.0,0.0
0.0,0.0,0.0522536202375292,0.2962962962962963,0.0,0.5714285714285714,0.1666666666666666,0.3703703703703703,0.2825484764542936,0.074792243767313,0.0452446906740535,0.3157894736842105,0.0,0.0,0.0,0.0,0.0,0.0,0.0,0.0,0.0,0.0,0.0820689399394024,0.0223306431280631,0.0,0.0,0.0,0.0,0.0,0.0,0.0,0.0511695906432748,0.0,0.0
0.0,0.0672356726694034,0.0,0.5714285714285714,0.2857142857142857,0.4897959183673468,0.3571428571428571,0.1904761904761904,0.4,0.08,0.1451851851851851,0.3733333333333333,0.0,0.0,0.0,0.0,0.0,0.0,0.3076923076923077,0.0,0.0,0.0,0.2635740228328818,0.0614302735908256,0.0,0.0,0.0,0.0,0.0,0.0,0.0,0.0,0.0,0.0
0.0,0.0,0.0,0.5333333333333333,0.0,0.5714285714285714,0.4,0.0,0.4958677685950413,0.1487603305785124,0.2024793388429751,0.4958677685950413,0.0,0.0,0.0,0.0,0.0,0.0,0.0,0.0,0.0,0.0,0.3164697063759863,0.1171426495167502,0.0,0.0,0.0,0.0,0.0,0.0,0.0,0.0,0.0,0.0
0.0,0.0,0.0,0.1777777777777777,0.0,0.3809523809523809,0.2666666666666666,0.1777777777777777,0.1875,0.03515625,0.0638020833333333,0.3046875,0.0,0.0,0.0,0.0,0.0,0.0,0.0,0.0,0.0,0.0,0.1738288011246256,0.0364959372233655,0.0,0.0,0.0,0.0,0.0,0.0,0.0,0.0,0.0,0.0
0.0,0.0,0.1014426710291311,0.0,0.0,0.5502645502645502,0.1111111111111111,0.5925925925925926,0.183673469387755,0.0229591836734693,0.0104166666666666,0.2066326530612245,0.0,0.0,0.0,0.0,0.0,0.0,0.0,0.0,0.0769230769230769,0.0,0.1372074180922876,0.0109885465534001,0.0,0.130315500685871,0.0589569160997732,0.0,0.065359477124183,0.0,0.0,0.0,0.0,0.0
0.0,0.0,0.0,0.4210526315789473,0.0,0.3609022556390977,0.4736842105263157,0.1403508771929824,0.285,0.2024999999999999,0.0816666666666666,0.3,0.0,0.3157894736842105,0.0,0.0,0.0,0.0,0.0,0.0,0.0,0.0,0.4078210565872731,0.1154642719734116,0.0,0.0,0.0,0.0,0.0,0.0,0.0,0.0,0.0,0.0
0.3296718786505732,0.0,0.2272084756316588,0.0,0.1379310344827586,0.5517241379310345,0.1034482758620689,0.5517241379310345,0.2,0.01,0.0181481481481481,0.1933333333333333,0.0,0.0,0.0,0.0,0.4137931034482758,0.0,0.0,0.25,0.2857142857142857,0.0808593024348229,0.0,0.0,0.0,0.129416773094934,0.0,0.0,0.0,0.0,0.0,0.0,0.0,0.0
0.0,0.0,0.0,0.1777777777777777,0.0,0.3809523809523809,0.2666666666666666,0.1777777777777777,0.1875,0.03515625,0.0638020833333333,0.1875,0.0,0.0,0.0,0.0,0.0,0.0,0.0,0.0,0.0,0.0,0.2598905996551899,0.063299589259489,0.0,0.0,0.0,0.0,0.0,0.0,0.0,0.0,0.0,0.0
0.0,0.0,0.0,0.3999999999999999,0.0,0.0571428571428571,0.55,0.0,0.2585034013605442,0.0408163265306122,0.0,0.2585034013605442,0.0,0.0,0.0,0.0,0.0,0.0,0.0,0.0,0.0,0.0,0.4664204642043351,0.133557217502734,0.0,0.0,0.0,0.0,0.0,0.0,0.0,0.0,0.0,0.0
0.0,0.0,0.0,0.6666666666666666,0.0,0.0,0.5,0.0,0.3529411764705882,0.0,0.0565167243367935,0.3529411764705882,0.0,0.0,0.0,0.0,0.0,0.0,0.0,0.0,0.0,0.0,0.571781934849049,0.2252694464338742,0.0,0.0,0.0,0.0,0.0,0.0,0.0,0.0,0.0,0.0
0.0,0.0,0.0,0.6666666666666666,0.0,0.3571428571428571,0.5,0.0,0.3114186851211072,0.0622837370242214,0.0847750865051903,0.3114186851211072,0.0,0.0,0.0,0.0,0.0,0.0,0.0,0.0,0.0,0.0,0.4779694965207245,0.1563638883115083,0.0,0.0,0.0,0.0,0.0,0.0,0.0,0.0,0.0,0.0
0.2322541691944396,0.0,0.0,0.3333333333333333,0.0,0.0714285714285714,0.5,0.0833333333333333,0.3529411764705882,0.4048442906574394,0.0565167243367935,0.3529411764705882,0.0,0.0,0.0,0.0,0.0,0.0,0.0,0.0,0.0,0.0,0.4072989261115464,0.0905335187435834,0.0,0.0,0.0,0.0,0.0,0.0,0.0,0.0,0.0,0.0
0.0,0.0,0.0,0.2807017543859649,0.2105263157894736,0.3007518796992481,0.3684210526315789,0.2807017543859649,0.18,0.2024999999999999,0.0816666666666666,0.3,0.0,0.1578947368421052,0.0,0.0,0.0,0.0,0.2222222222222222,0.0,0.0,0.0,0.32092203394424,0.0803448248363198,0.0,0.0,0.0,0.0,0.0,0.0,0.0,0.0,0.0,0.0
0.3470940176596694,0.0,0.1794118055567683,0.0,0.1428571428571428,0.6122448979591836,0.0714285714285714,0.6190476190476191,0.2068965517241379,0.0107015457788347,0.0194213238208481,0.1997621878715814,0.0,0.0,0.0,0.0,0.4285714285714285,0.0,0.0,0.2592592592592592,0.3703703703703703,0.0940756326535373,0.0,0.0,0.0,0.1386608283160007,0.0548909218859957,0.0123152709359605,0.0,0.0,0.0,0.0,0.0,0.0
0.0947881948766408,0.0,0.0,0.5714285714285714,0.0,0.0816326530612244,0.6428571428571429,0.0,0.4,0.32,0.0362962962962962,0.4,0.0,0.0,0.0,0.0,0.0,0.0,0.0,0.0,0.0,0.0,0.3716957932665676,0.1274102832428604,0.0,0.0,0.0,0.0,0.0,0.1428571428571428,0.1238095238095238,0.0,0.0,0.0
0.0,0.0514374309226085,0.0,0.0,0.0,0.4897959183673468,0.2857142857142857,0.0,0.65625,0.28125,0.765625,0.75,0.0,0.0,0.0,0.0,0.0,0.0,0.0,0.0,0.0,0.0,0.1221553726954316,0.0381347111035409,0.0,0.0,0.0,0.0,0.0,0.0,0.0,0.0,0.0,0.0
0.0,0.0,0.0,0.5714285714285714,0.0,0.4081632653061224,0.4285714285714285,0.0,0.2933333333333333,0.08,0.1814814814814814,0.2933333333333333,0.0,0.0,0.0,0.0,0.0,0.0,0.0,0.0,0.0,0.0,0.377817429171088,0.1247952336272059,0.0,0.0,0.0,0.0,0.0,0.0,0.0,0.0,0.0,0.0
0.0,0.0,0.0,0.5714285714285714,0.0,0.4081632653061224,0.4285714285714285,0.0,0.3466666666666667,0.08,0.2177777777777777,0.3466666666666667,0.0,0.0,0.0,0.0,0.0,0.0,0.0,0.0,0.0,0.0,0.3117221775359876,0.1017423054225745,0.0,0.0,0.0,0.0,0.0,0.0,0.0,0.0,0.0,0.0
0.0,0.0,0.0555865487250399,0.0,0.0,0.4761904761904761,0.0833333333333333,0.3333333333333333,0.3905325443786982,0.1597633136094674,0.0966469428007889,0.4615384615384615,0.0,0.0,0.0,0.0,0.0,0.0,0.0,0.0,0.0,0.0,0.121181468442299,0.027307500753836,0.0,0.0,0.0,0.0,0.0,0.0,0.0,0.0,0.0,0.0
0.0,0.0,0.0,0.4848484848484848,0.0,0.6233766233766233,0.3636363636363636,0.0,0.4166666666666667,0.125,0.1701388888888888,0.4166666666666667,0.0,0.0,0.0,0.0,0.0,0.0,0.0,0.0,0.0,0.0,0.2892231423730541,0.0977684690622232,0.0,0.0,0.0,0.0,0.0,0.0,0.0,0.0,0.0,0.0
0.0,0.0,0.0,0.4848484848484848,0.0,0.2077922077922077,0.4545454545454545,0.2424242424242424,0.5,0.0625,0.3402777777777777,0.5,0.0,0.0,0.0,0.0,0.0,0.0,0.0,0.0,0.0,0.0897556684392102,0.2393085697109803,0.0729783811354808,0.0,0.0,0.0,0.1515151515151515,0.0,0.0,0.0,0.0,0.0,0.0
0.0,0.0,0.0,0.1777777777777777,0.0,0.3809523809523809,0.2666666666666666,0.1777777777777777,0.1875,0.03515625,0.0638020833333333,0.1875,0.0,0.0,0.0,0.0,0.0,0.0,0.0,0.0,0.0,0.0,0.17581933708527,0.0372341408429883,0.0,0.0,0.0,0.0,0.0,0.0,0.0,0.0,0.0,0.0
0.1078243723849758,0.0,0.0,0.4848484848484848,0.1818181818181818,0.3116883116883116,0.3636363636363636,0.1818181818181818,0.2495274102079395,0.0170132325141776,0.0308758664146187,0.2381852551984877,0.0,0.2727272727272727,0.0,0.0,0.0,0.0,0.1904761904761904,0.0,0.0,0.0,0.2235357854551574,0.0442175051397363,0.0,0.0,0.0,0.0,0.0,0.0,0.0,0.0,0.0,0.0
0.0,0.0481622980939423,0.0,0.2222222222222222,0.0,0.1904761904761904,0.4166666666666667,0.1111111111111111,0.3905325443786982,0.3195266272189349,0.0966469428007889,0.3905325443786982,0.0,0.25,0.0,0.0,0.0,0.0,0.0,0.0,0.0,0.0975007463482967,0.0866528898586753,0.0209544409895903,0.0,0.0,0.0,0.0,0.0,0.0,0.0,0.0,0.0,0.5769230769230769
0.0,0.0,0.0,0.0,0.0,0.5714285714285714,0.0,0.6666666666666666,0.0,0.1111111111111111,0.1008230452674897,0.5185185185185185,0.0,0.0,0.0,0.0,0.0,0.0,0.0,0.0,0.0,0.0,0.0,0.0,0.7037037037037037,0.0,0.0,0.0,0.0,0.0,0.0,0.0,0.0,0.0
0.0,0.0,0.0,0.4848484848484848,0.0,0.6233766233766233,0.3636363636363636,0.0,0.4166666666666667,0.125,0.1701388888888888,0.4166666666666667,0.0,0.0,0.0,0.0,0.0,0.0,0.0,0.0,0.0,0.0,0.2892231423730541,0.0977684690622232,0.0,0.0,0.0,0.0,0.0,0.0,0.0,0.0,0.0,0.0
0.2251971146707689,0.0623231195996491,0.0,0.0,0.1538461538461538,0.2637362637362637,0.3076923076923077,0.2564102564102564,0.205761316872428,0.1234567901234567,0.0784179240969364,0.2222222222222222,0.0,0.0,0.0,0.0,0.0,0.0,0.0,0.0,0.0,0.0,0.116385321727194,0.0177571174426225,0.0,0.0,0.0,0.0,0.0,0.0854700854700854,0.1111111111111111,0.0,0.1059472934472934,0.1282051282051282
0.0,0.0,0.0,0.5714285714285714,0.0,0.5714285714285714,0.4285714285714285,0.0,0.3466666666666667,0.08,0.254074074074074,0.3466666666666667,0.0,0.0,0.0,0.0,0.0,0.0,0.0,0.0,0.0,0.0,0.2911815865703039,0.0689785019854854,0.0,0.0,0.0,0.0,0.0,0.0,0.0,0.0,0.0,0.0
0.0,0.0,0.0,0.6222222222222222,0.0,0.4571428571428571,0.4666666666666667,0.0,0.1810613943808532,0.0187304890738813,0.0424904613250086,0.1810613943808532,0.0,0.0,0.0,0.0,0.0,0.0,0.0,0.0,0.0,0.0,0.4844942687068568,0.1276201278792258,0.0,0.0,0.0,0.0,0.0,0.0,0.0,0.0,0.0,0.0
0.0,0.0,0.0,0.5925925925925926,0.0,0.4444444444444444,0.4444444444444444,0.0,0.2326869806094182,0.0498614958448753,0.1131117266851338,0.2326869806094182,0.0,0.0,0.0,0.0,0.0,0.0,0.0,0.0,0.0,0.0,0.4681514119253998,0.1424172051696284,0.0,0.0,0.0,0.0,0.0,0.0,0.0,0.0,0.0,0.0
0.0,0.0,0.0,0.6666666666666666,0.0,0.3809523809523809,0.5,0.0,0.3905325443786982,0.1065088757396449,0.1932938856015779,0.3905325443786982,0.0,0.0,0.0,0.0,0.0,0.0,0.0,0.0,0.0,0.0,0.3343662559326235,0.1186694591779269,0.0,0.0,0.0,0.0,0.0,0.0,0.0,0.0,0.0,0.0
0.0,0.0,0.0,0.5714285714285714,0.0,0.4081632653061224,0.4285714285714285,0.0,0.2933333333333333,0.08,0.0362962962962962,0.2933333333333333,0.0,0.0,0.0,0.0,0.0,0.0,0.0,0.0,0.0,0.0,0.3809490128480792,0.1290566376102425,0.0,0.0,0.0,0.0,0.0,0.0,0.0,0.0,0.0,0.0
0.0,0.0,0.1553768699690798,0.065040650406504,0.0975609756097561,0.4738675958188152,0.1219512195121951,0.3902439024390243,0.1360544217687074,0.0051020408163265,0.0185185185185185,0.1360544217687074,0.0,0.0,0.0,0.0,0.0,0.0,0.0,0.0,0.1,0.1182453641385737,0.0,0.0,0.0,0.2043274400997978,0.0,0.0116144018583042,0.0,0.0,0.0,0.0304878048780487,0.0,0.0
0.0,0.0,0.0,0.5333333333333333,0.0,0.0571428571428571,0.4,0.0,0.2721088435374149,0.0204081632653061,0.037037037037037,0.2721088435374149,0.0,0.0,0.0,0.0,0.0,0.0,0.0,0.0,0.0,0.0,0.4238591127695441,0.1509600054315634,0.0,0.0,0.0,0.0,0.0,0.0,0.0,0.0,0.0,0.0
0.0,0.0,0.0487057121572269,0.0,0.0,0.9142857142857144,0.0,0.5333333333333333,0.0,0.25,0.2268518518518518,1.0,0.0,0.0,0.0,0.0,0.0,0.0,0.0,0.0,0.0,0.0,0.0,0.0,0.0,0.0,0.0,0.0,0.0,0.0,0.0,0.0,0.0,0.0
0.0,0.0,0.0,0.2666666666666666,0.0,0.3428571428571428,0.3,0.0,0.5454545454545454,0.2231404958677685,0.1349862258953168,0.5454545454545454,0.0,0.0,0.0,0.0,0.0,0.3,0.0,0.0,0.0,0.0,0.3037879662778612,0.0881397696993114,0.0,0.0,0.0,0.0,0.0,0.0,0.0,0.0,0.0,0.0
0.0,0.0,0.0,0.4444444444444444,0.0,0.2857142857142857,0.5,0.0,0.3905325443786982,0.1065088757396449,0.1932938856015779,0.3905325443786982,0.0,0.0,0.0,0.0,0.0,0.0,0.0,0.0,0.0,0.0,0.3284028531523382,0.1133419347580761,0.0,0.0,0.0,0.0,0.0,0.0,0.0,0.0,0.0,0.0
0.0,0.0,0.0,0.6666666666666666,0.0,0.2857142857142857,0.5,0.0,0.3905325443786982,0.1065088757396449,0.1932938856015779,0.3905325443786982,0.0,0.0,0.0,0.0,0.0,0.0,0.0,0.0,0.0,0.0,0.3334479094109799,0.1179405760943524,0.0,0.0,0.0,0.0,0.0,0.0,0.0,0.0,0.0,0.0
0.0,0.0,0.0,0.2962962962962963,0.0,0.0,0.6666666666666666,0.0,0.6000000000000001,0.0,0.2449999999999999,0.6000000000000001,0.0,0.3333333333333333,0.0,0.0,0.0,0.0,0.0,0.0,0.0,0.0,0.4746272051151704,0.2565000159119116,0.0,0.0,0.0,0.0,0.0,0.0,0.0,0.0,0.0,0.0
0.0,0.0,0.0,0.711111111111111,0.0,0.4571428571428571,0.5333333333333333,0.0,0.328125,0.0703125,0.0319010416666666,0.328125,0.0,0.0,0.0,0.0,0.0,0.0,0.0,0.0,0.0,0.0,0.3054091205326245,0.0938289426199927,0.0,0.0,0.0,0.0,0.0,0.0,0.0,0.0,0.0,0.0
0.0,0.0,0.0,0.6666666666666666,0.0,0.3809523809523809,0.5,0.0,0.3905325443786982,0.1065088757396449,0.1932938856015779,0.3905325443786982,0.0,0.0,0.0,0.0,0.0,0.0,0.0,0.0,0.0,0.0,0.3280003065344575,0.1076317019429792,0.0,0.0,0.0,0.0,0.0,0.0,0.0,0.0,0.0,0.0
0.0,0.0,0.0,0.6666666666666666,0.0,0.2857142857142857,0.5833333333333334,0.0,0.3905325443786982,0.1065088757396449,0.1932938856015779,0.3905325443786982,0.0,0.0,0.0,0.0,0.0,0.0,0.0,0.0,0.0,0.0,0.4100177267929499,0.148869441868884,0.0,0.0,0.0,0.0,0.0,0.0,0.0,0.0,0.0,0.0
0.0,0.0,0.0,0.5925925925925926,0.0,0.2539682539682539,0.4444444444444444,0.0,0.48,0.18,0.3266666666666666,0.48,0.0,0.0,0.0,0.0,0.0,0.0,0.0,0.0,0.0,0.0,0.2882801559669761,0.111053956239781,0.0,0.0,0.0,0.0,0.0,0.0,0.0,0.0,0.0,0.0
0.0,0.0,0.0,0.4266666666666666,0.8,0.2742857142857142,0.28,0.3733333333333333,0.1952662721893491,0.0532544378698224,0.0724852071005917,0.1952662721893491,0.0,0.0,0.0,0.0,0.0,0.0,0.3333333333333333,0.0,0.0,0.0,0.368190171970553,0.0895847061345358,0.0,0.0,0.0,0.0,0.0,0.0,0.0,0.0,0.0,0.0
0.0,0.0,0.0,0.4444444444444444,0.0,0.4761904761904761,0.3333333333333333,0.2222222222222222,0.3905325443786982,0.0532544378698224,0.2899408284023668,0.3905325443786982,0.0,0.0,0.7777777777777778,0.0,0.0,0.0,0.0,0.0,0.0,0.2901504001232365,0.0,0.0,0.0,0.0,0.0,0.0,0.0,0.0,0.0,0.0,0.0,0.0
0.3686827721915079,0.0,0.0846982065967821,0.1185185185185185,0.3555555555555555,0.2539682539682539,0.2222222222222222,0.3555555555555555,0.1304347826086956,0.0085066162570888,0.011578449905482,0.1304347826086956,0.1777777777777777,0.0,0.0,0.0,0.5333333333333333,0.0,0.0909090909090909,0.0,0.2727272727272727,0.1625666695147432,0.1805995368721451,0.0207358286304679,0.1468599033816425,0.0815888352120236,0.0,0.0144927536231884,0.155157715260017,0.1304347826086956,0.0376811594202898,0.0,0.0,0.0
0.0,0.0,0.0,0.3809523809523809,0.0,0.3265306122448979,0.2857142857142857,0.3809523809523809,0.16,0.08,0.1088888888888888,0.2666666666666666,0.0,0.0,0.0,0.0,0.0,0.0,0.0,0.0,0.0,0.0,0.1624032897691638,0.0383346769494919,0.0,0.0,0.0,0.0,0.0,0.0,0.0,0.0,0.0,0.0
0.3811268023753441,0.0,0.1313354965921353,0.1185185185185185,0.2666666666666666,0.2793650793650793,0.2,0.3851851851851851,0.1304347826086956,0.0085066162570888,0.011578449905482,0.1304347826086956,0.1777777777777777,0.0,0.0,0.0,0.5333333333333333,0.0,0.0909090909090909,0.0,0.4090909090909091,0.1736019875350328,0.1542871666990383,0.0169683317456223,0.1468599033816425,0.0815888352120236,0.0,0.0144927536231884,0.1074168797953964,0.1304347826086956,0.0376811594202898,0.0,0.0,0.0
0.0,0.0,0.0,0.5925925925925926,0.0,0.6349206349206349,0.3333333333333333,0.0,0.6000000000000001,0.18,0.2449999999999999,0.6000000000000001,0.0,0.0,0.0,0.0,0.0,0.0,0.0,0.0,0.0,0.0,0.3434321338268991,0.1317589106186348,0.0,0.0,0.0,0.0,0.0,0.0,0.0,0.0,0.0,0.0
0.2717045326545743,0.0,0.0,0.2424242424242424,0.3636363636363636,0.1038961038961038,0.6363636363636364,0.1212121212121212,0.5,0.0625,0.1134259259259259,0.2916666666666667,0.0,0.0,0.0,0.0,0.0,0.0,0.4,0.0,0.0,0.0,0.101861151965282,0.0270018559588338,0.0,0.0,0.0,0.0,0.0,0.4545454545454546,0.0,0.0,0.0,0.0
0.3251256721549568,0.0,0.2240752491884335,0.0,0.1379310344827586,0.5517241379310345,0.1034482758620689,0.5517241379310345,0.2,0.01,0.0181481481481481,0.1933333333333333,0.0,0.0,0.0,0.0,0.4137931034482758,0.0,0.0,0.25,0.2857142857142857,0.0808778732149786,0.0,0.0,0.0,0.129416773094934,0.025615763546798,0.0,0.0,0.0,0.0,0.0,0.0,0.0
0.2161587617485037,0.0598217627284401,0.0372439279264099,0.1025641025641025,0.3076923076923077,0.1758241758241758,0.2692307692307692,0.2564102564102564,0.2222222222222222,0.1234567901234567,0.0784179240969364,0.2222222222222222,0.0,0.0,0.0,0.0,0.0,0.0,0.0,0.28,0.0,0.1754004933145139,0.1558855721375244,0.0298901185839154,0.0,0.0,0.0,0.0,0.0,0.0854700854700854,0.1111111111111111,0.0,0.2118945868945869,0.1282051282051282
0.3704463451977683,0.0,0.0851033556357374,0.1185185185185185,0.3555555555555555,0.2539682539682539,0.2222222222222222,0.3555555555555555,0.1304347826086956,0.0085066162570888,0.011578449905482,0.1304347826086956,0.1777777777777777,0.0,0.0,0.0,0.5333333333333333,0.0,0.0909090909090909,0.0,0.2727272727272727,0.1643409079895803,0.1825705844910253,0.020711786496943,0.1468599033816425,0.0815888352120236,0.0,0.0144927536231884,0.155157715260017,0.1304347826086956,0.0376811594202898,0.0,0.0,0.0
0.0,0.0,0.0702324553456972,0.1333333333333333,0.0,0.6285714285714286,0.0,0.5333333333333333,0.0,0.0204081632653061,0.037037037037037,0.2857142857142857,0.0,0.0,0.0,0.0,0.0,0.0,0.0,0.0,0.0,0.0,0.0,0.0,0.0,0.0,0.0,0.0,0.0,0.0,0.0,0.0416666666666666,0.0,0.0
0.0,0.0,0.0,0.606060606060606,0.0,0.4155844155844155,0.4545454545454545,0.0,0.2381852551984877,0.0340264650283553,0.0463137996219281,0.2381852551984877,0.0,0.0,0.0,0.0,0.0,0.0,0.0,0.0,0.0,0.0,0.4968479264890569,0.1418295503647408,0.0,0.0,0.0,0.0,0.0,0.0,0.0,0.0,0.0,0.0
0.0,0.0,0.0249124471497662,0.4705882352941176,0.0,0.2016806722689075,0.3529411764705882,0.0784313725490196,0.2777777777777778,0.0277777777777777,0.0252057613168724,0.2777777777777778,0.0,0.0,0.0,0.0,0.0,0.0,0.0,0.0,0.0,0.3339095295232205,0.17805541045508,0.0565628589273642,0.0,0.0,0.0,0.0,0.0,0.0,0.0,0.0,0.0,0.0
0.3527225514772469,0.0,0.1823211769762408,0.0,0.1428571428571428,0.6122448979591836,0.0714285714285714,0.6190476190476191,0.2068965517241379,0.0107015457788347,0.0194213238208481,0.1997621878715814,0.0,0.0,0.0,0.0,0.4285714285714285,0.0,0.0,0.2592592592592592,0.3703703703703703,0.0959346206735916,0.0,0.0,0.0623973727422003,0.1386608283160007,0.0,0.0123152709359605,0.0,0.0,0.0,0.0,0.0,0.0
0.0,0.0,0.0,0.1777777777777777,0.0,0.3809523809523809,0.2666666666666666,0.1777777777777777,0.1875,0.03515625,0.0638020833333333,0.1875,0.0,0.0,0.0,0.0,0.0,0.0,0.0,0.0,0.0,0.0,0.1745227220176102,0.0398451674139695,0.0,0.0,0.0,0.0,0.0,0.0,0.0,0.0,0.0,0.0
0.0,0.0,0.1411758411192219,0.0,0.2962962962962963,0.3386243386243386,0.2592592592592592,0.3950617283950617,0.2066326530612245,0.0573979591836734,0.0520833333333333,0.2066326530612245,0.0,0.2222222222222222,0.0,0.0,0.0,0.0,0.0,0.0,0.0,0.0,0.6049772389829237,0.1018686450585491,0.0,0.0,0.0,0.0,0.588235294117647,0.0,0.0,0.0,0.0,0.0
0.0,0.0,0.0,0.7272727272727272,0.0,0.3116883116883116,0.3636363636363636,0.3636363636363636,0.5,0.0625,0.3402777777777777,0.5,0.0,0.0,0.0,0.0,0.0,0.0,0.0,0.0,0.0,0.0957404447615233,0.1701768760888217,0.0444133416355791,0.0,0.0,0.0,0.1515151515151515,0.0,0.0,0.0,0.0,0.0,0.0
0.0,0.0,0.0,0.3137254901960784,0.0,0.2689075630252101,0.4705882352941176,0.2352941176470588,0.3148148148148147,0.25,0.1008230452674897,0.3333333333333333,0.0,0.3529411764705882,0.0,0.0,0.0,0.0,0.0,0.0,0.0,0.0,0.4488872174069647,0.1384539877300613,0.0,0.0,0.0,0.0,0.0,0.0,0.0,0.0,0.0,0.0
0.0,0.0,0.0,0.7619047619047619,0.0,0.0,0.5714285714285714,0.0,0.4,0.0,0.0725925925925925,0.4,0.0,0.0,0.6666666666666666,0.0,0.0,0.0,0.0,0.0,0.0,0.1679191920742913,0.2984732691992464,0.1318550085681216,0.0,0.0,0.0,0.0,0.0,0.0,0.0,0.0,0.0,0.0
0.0,0.0,0.0683416649514258,0.0,0.0,0.3809523809523809,0.1666666666666666,0.4444444444444444,0.4615384615384615,0.2662721893491124,0.2416173570019723,0.4615384615384615,0.0,0.25,0.0,0.0,0.0,0.0,0.0,0.0,0.0,0.0,0.5639209880782794,0.1661193476140095,0.0,0.0,0.0,0.0,0.0,0.0,0.0,0.0,0.0,0.0
0.0,0.0,0.0,0.6666666666666666,0.0,0.2857142857142857,0.5,0.0,0.3905325443786982,0.1065088757396449,0.1932938856015779,0.3905325443786982,0.0,0.0,0.0,0.0,0.0,0.0,0.0,0.0,0.0,0.0,0.3320519744800937,0.114515475928307,0.0,0.0,0.0,0.0,0.0,0.0,0.0,0.0,0.0,0.0
0.1784557827945455,0.0,0.1229909767929567,0.0,0.1333333333333333,0.5714285714285714,0.0666666666666666,0.5777777777777777,0.1935483870967742,0.0093652445369406,0.0254942767950052,0.1873048907388137,0.0,0.0,0.0,0.0,0.0,0.0,0.0,0.0,0.2068965517241379,0.0,0.1498736098895237,0.0111774221619436,0.0817204301075268,0.0605336519315014,0.0479262672811059,0.0,0.0265654648956356,0.0,0.0,0.0,0.0,0.0
0.0,0.0,0.1076991469929755,0.1111111111111111,0.0,0.5714285714285714,0.125,0.3888888888888889,0.2304,0.0144,0.0261333333333333,0.2304,0.0,0.0,0.0,0.0,0.0,0.0,0.0,0.0,0.0,0.0,0.138071654134678,0.0283369281855752,0.0,0.0,0.0,0.0,0.0,0.0,0.0,0.0291666666666666,0.0,0.0
0.0,0.0,0.0,0.7272727272727272,0.0,0.3116883116883116,0.5454545454545454,0.0,0.4583333333333332,0.125,0.3402777777777777,0.4583333333333332,0.0,0.0,0.0,0.0,0.0,0.0,0.0,0.0,0.0,0.0,0.4260487776463194,0.1660383577446799,0.0,0.0,0.0,0.0,0.0,0.0,0.0,0.0,0.0,0.0
0.0,0.0,0.0,0.7999999999999999,0.0,0.3428571428571428,0.5,0.0,0.5454545454545454,0.1487603305785124,0.2699724517906336,0.5454545454545454,0.0,0.0,0.0,0.0,0.0,0.0,0.0,0.0,0.0,0.0,0.3816518337652513,0.1423261316781593,0.0,0.0,0.0,0.0,0.0,0.0,0.0,0.0,0.0,0.0
0.0,0.0,0.0,0.0,0.0,0.2539682539682539,0.3333333333333333,0.2962962962962963,0.48,0.18,0.0816666666666666,0.48,0.0,0.0,0.0,0.0,0.0,0.0,0.0,0.0,0.0,0.0,0.1016950894896091,0.0274144065087107,0.0,0.0,0.0,0.0,0.0,0.0,0.0,0.0,0.0,0.0
0.0,0.0,0.0,0.6666666666666666,0.0,0.2857142857142857,0.5,0.0,0.3905325443786982,0.1065088757396449,0.1932938856015779,0.3905325443786982,0.0,0.25,0.0,0.0,0.0,0.0,0.0,0.0,0.0,0.0,0.3259030332466744,0.1102791526565851,0.0,0.0,0.0,0.0,0.0,0.0,0.0,0.0,0.0,0.0
0.0,0.0,0.1135992312937028,0.1159420289855072,0.0,0.5962732919254657,0.0869565217391304,0.4057971014492754,0.25,0.015625,0.0283564814814814,0.25,0.0,0.0,0.0,0.0,0.0,0.0,0.0,0.3181818181818182,0.0,0.0,0.1507237032110924,0.0336712996035476,0.0,0.0,0.0,0.0,0.0,0.0,0.0,0.0317028985507246,0.0,0.0
0.0,0.0,0.0313812559849535,0.2051282051282051,0.0,0.2637362637362637,0.5384615384615384,0.2051282051282051,0.3979591836734694,0.413265306122449,0.1666666666666666,0.4285714285714285,0.0,0.2307692307692307,0.0,0.0,0.0,0.0,0.0,0.0,0.0,0.0,0.4594369665376289,0.1679574896676275,0.0,0.0,0.0,0.0,0.0,0.0,0.0,0.0,0.0,0.0
0.0975590620394975,0.0,0.0336186481248878,0.3809523809523809,0.0,0.0816326530612244,0.5714285714285714,0.0952380952380952,0.4,0.32,0.0362962962962962,0.4,0.0,0.0,0.0,0.0,0.0,0.0,0.0,0.0,0.0,0.0,0.3775703546477721,0.1275308384124151,0.0,0.0,0.0,0.0,0.0,0.0,0.1238095238095238,0.0,0.0,0.0
0.0,0.0,0.0444095960819712,0.0,0.3333333333333333,0.4761904761904761,0.25,0.5555555555555556,0.4260355029585799,0.1597633136094674,0.1449704142011834,0.4260355029585799,0.0,0.0,0.0,0.0,0.0,0.0,0.0,0.0,0.1818181818181818,0.2364574793516514,0.1050747029223975,0.0162808877325732,0.0,0.0,0.0,0.1282051282051282,0.1583710407239818,0.0,0.0,0.0,0.0,0.0
0.0,0.0,0.0304871560152925,0.2222222222222222,0.0,0.1904761904761904,0.5833333333333334,0.2222222222222222,0.4260355029585799,0.4792899408284023,0.1932938856015779,0.4615384615384615,0.0,0.25,0.0,0.0,0.0,0.0,0.0,0.0,0.0,0.0,0.4707934967375295,0.1893463322957655,0.0,0.0,0.0,0.0,0.0,0.0,0.0,0.0,0.0,0.0
0.0,0.0,0.0,0.6666666666666666,0.0,0.2857142857142857,0.5,0.0,0.3905325443786982,0.1065088757396449,0.2416173570019723,0.3905325443786982,0.0,0.5,0.0,0.0,0.0,0.0,0.0,0.0,0.0,0.0,0.3215056329341324,0.1084189464126578,0.0,0.0,0.0,0.0,0.0,0.0,0.0,0.0,0.0,0.0
0.0,0.0,0.0,0.758325696580687,0.0,0.0322115879166734,0.5593492259598188,0.0,0.3857590874473654,0.0042160596372931,0.0679677660209182,0.3857590874473654,0.0,0.0,0.5539261089583096,0.0,0.0,0.0,0.0,0.0,0.0,0.1395222370277028,0.3168536623752576,0.1276071773727857,0.0,0.0,0.0,0.0,0.0,0.0,0.0,0.0,0.0,0.0
0.0,0.0,0.0,0.0,0.0,0.3681023077734673,0.0,0.6573677388588761,0.0,0.0303784474536346,0.0293692327843507,0.0,0.0,0.0,0.0,0.0,0.0,0.0,0.0,0.0,0.1608168310763587,0.0,0.0,0.0,0.8171896325056036,0.6655849930917324,0.0,0.0,0.0,0.0,0.0,0.0,0.0,0.0
0.0,0.0,0.0,0.6711053956004822,0.0,0.0,0.5033290467003617,0.0,0.355134430767297,0.0,0.0572659667632073,0.355134430767297,0.0,0.0,0.0310711025367089,0.0,0.0,0.0,0.0,0.0,0.0,0.0078261516522324,0.5590439324871849,0.2209157120678704,0.0,0.0,0.0,0.0,0.0,0.0,0.0,0.0,0.0,0.0
0.3451718415347136,0.0,0.1784182387661284,0.0,0.1428571428571428,0.6122448979591836,0.0714285714285714,0.6190476190476191,0.2068965517241379,0.0107015457788347,0.0194213238208481,0.1997621878715814,0.0,0.0,0.0,0.0,0.4285714285714285,0.0,0.0,0.2592592592592592,0.3703703703703703,0.0936341851586826,0.0,0.0,0.0,0.1386608283160007,0.0548909218859957,0.0123152709359605,0.0,0.0,0.0,0.0,0.0,0.0
0.0,0.0,0.054285687736905,0.0758803353164113,0.0,0.5641276754119947,0.063298535501813,0.4049548126400749,0.261793000458741,0.0578203180834497,0.0585852088100837,0.2703058912629367,0.0,0.0,0.0,0.0,0.0,0.0,0.0,0.0,0.0,0.0572544344870319,0.0496440183296529,0.0101493280759806,0.0,0.0,0.0,0.0,0.0,0.0,0.0,0.0524173368962052,0.0,0.0
0.0,0.0,0.0,0.4266666666666666,0.8,0.3571483868183823,0.28,0.3733333333333333,0.1952662721893491,0.0532544378698224,0.0724852071005917,0.1952662721893491,0.0,0.0,0.0,0.0,0.0,0.0,0.3333333333333333,0.0,0.0,0.0,0.3636615254883382,0.0843754613751439,0.0,0.0,0.0,0.0,0.0,0.0,0.0,0.0,0.0,0.0
0.0,0.0,0.0,0.1297226969647258,0.0,0.420595034634165,0.2049483617377638,0.2360413106097889,0.3905325443786982,0.1442196176713863,0.1248558724661952,0.3905325443786982,0.0,0.0,0.0,0.0,0.0,0.0,0.0,0.0,0.0,0.0,0.1662844466820469,0.0493631098301645,0.0,0.0,0.0,0.0,0.0,0.0,0.0,0.0,0.0,0.0
